ResponseId,quantifier,context,response,category
R_2U5b1A4z4ZjIabg,Every,Grocery,100,nominal
R_R497qlkc82CEndf,Every,Grocery,100,nominal
R_1Fbta2B3hpsq0BJ,Every,Grocery,100,nominal
R_31bIiSjCTFcVYN3,Every,Grocery,100,nominal
R_2ZPTY6toez2poe3,Every,Grocery,100,nominal
R_PFfSAA66cPezMpX,Every,Grocery,100,nominal
R_1jChGLGRiJKZcHQ,Every,Grocery,20,nominal
R_OOJS1mxrgu5CKfT,Every,Grocery,100,nominal
R_3G26ADt8V3GzlkU,Every,Grocery,100,nominal
R_3O7FcaqmyGiJJSZ,Every,Grocery,100,nominal
R_vJktymUlSKnemk1,Every,Early,100,nominal
R_3Rav0jNbMETPZ1x,Every,Early,100,nominal
R_3J2FZKgCmfXGwMU,Every,Early,100,nominal
R_2X1dP9x065Hgeuv,Every,Early,100,nominal
R_1C8UNcZT00QROmI,Every,Early,100,nominal
R_1mUFZZOpLOnLl0J,Every,Early,100,nominal
R_3n3smVeWWj4UAYs,Every,Early,100,nominal
R_2PAlpUdSqezDBNC,Every,Early,100,nominal
R_1r9dqpjoJPXY037,Every,Early,100,nominal
R_1GwubuGqItW30lw,Every,Early,100,nominal
R_27DbJS8uJN6UQvB,Every,Early,100,nominal
R_3QDDWUDPZyWuGec,Every,Teeth,100,nominal
R_3fZWEYYHxtMdUAg,Every,Teeth,100,nominal
R_30bIdi2D1ii9GVD,Every,Teeth,100,nominal
R_eJSSt9eyL2J2Evf,Every,Teeth,100,nominal
R_1d3PfgdXsF6dWWJ,Every,Teeth,100,nominal
R_1ONzt1q6Rzm2YDp,Every,Teeth,100,nominal
R_3nSZxmWmqPy0A1g,Every,Teeth,13,nominal
R_enYtz0rCKFrhozf,Every,Teeth,100,nominal
R_1GDoqSkMonZKTyz,Every,Teeth,100,nominal
R_1g1Grlq3jIg5DNS,Every,Jog,100,nominal
R_3MuhqGDDyIqvFJO,Every,Jog,100,nominal
R_3NMSOdNzFrvvk3f,Every,Jog,0,nominal
R_2zik6ddjEsZJ02W,Every,Jog,100,nominal
R_3hEktvRBxbFVGsr,Every,Jog,100,nominal
R_2WxnEuidthKbsKN,Every,Jog,100,nominal
R_2v6NJdyXqqmmLoP,Every,Jog,100,nominal
R_1flVmTOoBCZrPKO,Every,Jog,100,nominal
R_1eP5xKnSIojVfn1,Every,Jog,100,nominal
R_uy7omZ3GrpcjSMN,Every,Eggs,100,nominal
R_1M4lpNZJsCm0jyQ,Every,Eggs,100,nominal
R_2ON4qTZSuvNRZu8,Every,Eggs,100,nominal
R_12tcd9NEJvlSmHi,Every,Eggs,100,nominal
R_33kb0O4YTytEVvR,Every,Eggs,100,nominal
R_1E5Rv8jFsBIDZTC,Every,Eggs,100,nominal
R_2TYIdmWpU9VjlbY,Every,Eggs,100,nominal
R_Dq5FYS475kKrSGB,Every,Eggs,100,nominal
R_3lxbBDINrtPd7bh,Every,Drove,100,nominal
R_ssYaHnG1cjYnnVv,Every,Drove,100,nominal
R_23UG1CxPjZjEDR3,Every,Drove,100,nominal
R_2zVd1AZbv4NmTY6,Every,Drove,100,nominal
R_0lhhtbFrSoG6gbn,Every,Drove,100,nominal
R_3EE8NbxqWIZhy10,Every,Drove,100,nominal
R_32LU5YicYKqYYpg,Every,Drove,100,nominal
R_1DwkaAEg9awnEwA,Every,Drove,100,nominal
R_ablB9VHx3JX4TXr,Every,Drove,100,nominal
R_1PTLsCc2LYdwQvE,Every,Drove,100,nominal
R_29jqJzLbLEHqiRq,Every,Drove,100,nominal
R_80Jskq8Na8PcOAx,Every,Drove,100,nominal
R_12xzMRiTJcXjInp,Every,Sandwich,100,nominal
R_3NzdaAOA9yVMcVg,Every,Sandwich,100,nominal
R_1Km3oyJg9Fu9IBj,Every,Sandwich,100,nominal
R_PYEnzxgg3FXqtTH,Every,Sandwich,100,nominal
R_2VKG04Is9dSJKjY,Every,Sandwich,100,nominal
R_5sts3ooiXVlIFC9,Every,Sandwich,100,nominal
R_1pW3c7IfxN2CS88,Every,Sandwich,100,nominal
R_3qW2OZXgfQz3Fq0,Every,Sandwich,100,nominal
R_DvK4zz0BWlJpak9,Every,Sandwich,100,nominal
R_2EzNQjjo7gjXe0p,Every,Sandwich,100,nominal
R_2PmO4eF2wcwnT12,Every,Sandwich,100,nominal
R_2aDh0mxzFXtU4jc,Every,WorkLate,100,nominal
R_1CDOAHurgvK47g4,Every,WorkLate,100,nominal
R_0jRJ7zTB9ikDMd3,Every,WorkLate,100,nominal
R_UDZ07ep4B9iV6N3,Every,WorkLate,100,nominal
R_3ffVSYaxgS9KqcE,Every,WorkLate,100,nominal
R_1eKnZH0US6Df6Ci,Every,WorkLate,100,nominal
R_3fdCbAT87GMs2lT,Every,BedLate,100,nominal
R_3fPk2lM0McOnCsg,Every,BedLate,100,nominal
R_31NHydE9P9E3f7k,Every,BedLate,100,nominal
R_OesOGNdqtshNos1,Every,BedLate,100,nominal
R_2rut8nDyWcZHSVW,Every,BedLate,100,nominal
R_sdHoKhDkbSIuUw1,Every,BedLate,100,nominal
R_2hk4mUrAfaVivmx,Every,Pizza,100,nominal
R_1QGuQHCy72wsRbh,Every,Pizza,100,nominal
R_3NxpdT3EBJbzPkO,Every,Pizza,100,nominal
R_zcWfflOQ9azjPxf,Every,Pizza,100,nominal
R_29uL20C58VoAbPa,Every,Pizza,100,nominal
R_1kS42JTuYeReePh,Every,Pizza,100,nominal
R_1f1apA3MVboLMXZ,Every,Pizza,100,nominal
R_1OdxUx4etVKXU5P,Every,Pizza,100,nominal
R_1NeHiRiMXxkbGKc,Every,Pizza,100,nominal
R_3DqKWwED2UFlhXZ,Every,Pizza,100,nominal
R_QoCvLCl8HfEjU7n,Every,Biked,100,nominal
R_szGCjMqkpvXBWzD,Every,Biked,100,nominal
R_2qjxAoraJEOKzDn,Every,Biked,100,nominal
R_3I3M2KmMonmKDrP,Every,Biked,100,nominal
R_3qxk6WiB25hl9Pq,Every,Biked,100,nominal
R_3Dqj5p1ssPIlGKL,Every,Biked,100,nominal
R_2QX5KbqoneA3prx,Every,Biked,100,nominal
R_3nOwEpUNPx3tepC,Every,Biked,100,nominal
R_2hk4mUrAfaVivmx,Each,Grocery,100,nominal
R_1C8UNcZT00QROmI,Each,Grocery,100,nominal
R_3Dqj5p1ssPIlGKL,Each,Grocery,100,nominal
R_3fPk2lM0McOnCsg,Each,Grocery,100,nominal
R_5sts3ooiXVlIFC9,Each,Grocery,100,nominal
R_2PAlpUdSqezDBNC,Each,Grocery,100,nominal
R_31NHydE9P9E3f7k,Each,Grocery,100,nominal
R_3QDDWUDPZyWuGec,Each,Early,100,nominal
R_3MuhqGDDyIqvFJO,Each,Early,100,nominal
R_3NxpdT3EBJbzPkO,Each,Early,100,nominal
R_2WxnEuidthKbsKN,Each,Early,100,nominal
R_1jChGLGRiJKZcHQ,Each,Early,100,nominal
R_vJktymUlSKnemk1,Each,Teeth,100,nominal
R_3J2FZKgCmfXGwMU,Each,Teeth,100,nominal
R_1QGuQHCy72wsRbh,Each,Teeth,100,nominal
R_3fdCbAT87GMs2lT,Each,Teeth,100,nominal
R_0lhhtbFrSoG6gbn,Each,Teeth,100,nominal
R_3EE8NbxqWIZhy10,Each,Teeth,100,nominal
R_2VKG04Is9dSJKjY,Each,Teeth,100,nominal
R_0jRJ7zTB9ikDMd3,Each,Teeth,100,nominal
R_zcWfflOQ9azjPxf,Each,Teeth,100,nominal
R_33kb0O4YTytEVvR,Each,Teeth,100,nominal
R_3qW2OZXgfQz3Fq0,Each,Teeth,100,nominal
R_OesOGNdqtshNos1,Each,Teeth,100,nominal
R_1OdxUx4etVKXU5P,Each,Teeth,100,nominal
R_29jqJzLbLEHqiRq,Each,Teeth,100,nominal
R_Dq5FYS475kKrSGB,Each,Teeth,100,nominal
R_1Km3oyJg9Fu9IBj,Each,Jog,100,nominal
R_2X1dP9x065Hgeuv,Each,Jog,100,nominal
R_29uL20C58VoAbPa,Each,Jog,100,nominal
R_1ONzt1q6Rzm2YDp,Each,Jog,100,nominal
R_DvK4zz0BWlJpak9,Each,Jog,100,nominal
R_27DbJS8uJN6UQvB,Each,Jog,100,nominal
R_3DqKWwED2UFlhXZ,Each,Jog,100,nominal
R_3fZWEYYHxtMdUAg,Each,Eggs,100,nominal
R_szGCjMqkpvXBWzD,Each,Eggs,100,nominal
R_ssYaHnG1cjYnnVv,Each,Eggs,100,nominal
R_23UG1CxPjZjEDR3,Each,Eggs,100,nominal
R_2qjxAoraJEOKzDn,Each,Eggs,100,nominal
R_3I3M2KmMonmKDrP,Each,Eggs,100,nominal
R_3NMSOdNzFrvvk3f,Each,Eggs,100,nominal
R_1pW3c7IfxN2CS88,Each,Eggs,100,nominal
R_32LU5YicYKqYYpg,Each,Eggs,100,nominal
R_1DwkaAEg9awnEwA,Each,Eggs,100,nominal
R_2rut8nDyWcZHSVW,Each,Eggs,100,nominal
R_3ffVSYaxgS9KqcE,Each,Eggs,100,nominal
R_1GDoqSkMonZKTyz,Each,Eggs,95,nominal
R_3Rav0jNbMETPZ1x,Each,Drove,100,nominal
R_2aDh0mxzFXtU4jc,Each,Drove,100,nominal
R_QoCvLCl8HfEjU7n,Each,Drove,100,nominal
R_3NzdaAOA9yVMcVg,Each,Drove,100,nominal
R_eJSSt9eyL2J2Evf,Each,Drove,100,nominal
R_1CDOAHurgvK47g4,Each,Drove,100,nominal
R_3qxk6WiB25hl9Pq,Each,Drove,100,nominal
R_3G26ADt8V3GzlkU,Each,Drove,100,nominal
R_3O7FcaqmyGiJJSZ,Each,Drove,100,nominal
R_3lxbBDINrtPd7bh,Each,Sandwich,100,nominal
R_1M4lpNZJsCm0jyQ,Each,Sandwich,100,nominal
R_2ON4qTZSuvNRZu8,Each,Sandwich,100,nominal
R_R497qlkc82CEndf,Each,Sandwich,100,nominal
R_3hEktvRBxbFVGsr,Each,Sandwich,100,nominal
R_3nSZxmWmqPy0A1g,Each,Sandwich,30,nominal
R_UDZ07ep4B9iV6N3,Each,Sandwich,100,nominal
R_2ZPTY6toez2poe3,Each,Sandwich,100,nominal
R_PFfSAA66cPezMpX,Each,Sandwich,100,nominal
R_OOJS1mxrgu5CKfT,Each,Sandwich,100,nominal
R_1eKnZH0US6Df6Ci,Each,Sandwich,100,nominal
R_30bIdi2D1ii9GVD,Each,WorkLate,100,nominal
R_1f1apA3MVboLMXZ,Each,WorkLate,100,nominal
R_2QX5KbqoneA3prx,Each,WorkLate,100,nominal
R_12xzMRiTJcXjInp,Each,BedLate,100,nominal
R_2zVd1AZbv4NmTY6,Each,BedLate,100,nominal
R_12tcd9NEJvlSmHi,Each,BedLate,100,nominal
R_3n3smVeWWj4UAYs,Each,BedLate,100,nominal
R_2U5b1A4z4ZjIabg,Each,BedLate,100,nominal
R_1kS42JTuYeReePh,Each,BedLate,100,nominal
R_1Fbta2B3hpsq0BJ,Each,BedLate,100,nominal
R_31bIiSjCTFcVYN3,Each,BedLate,100,nominal
R_enYtz0rCKFrhozf,Each,BedLate,100,nominal
R_80Jskq8Na8PcOAx,Each,BedLate,100,nominal
R_1NeHiRiMXxkbGKc,Each,BedLate,100,nominal
R_2EzNQjjo7gjXe0p,Each,BedLate,100,nominal
R_2TYIdmWpU9VjlbY,Each,BedLate,50,nominal
R_1eP5xKnSIojVfn1,Each,BedLate,100,nominal
R_1g1Grlq3jIg5DNS,Each,Pizza,100,nominal
R_uy7omZ3GrpcjSMN,Each,Pizza,100,nominal
R_PYEnzxgg3FXqtTH,Each,Pizza,100,nominal
R_2zik6ddjEsZJ02W,Each,Pizza,100,nominal
R_2v6NJdyXqqmmLoP,Each,Pizza,100,nominal
R_1flVmTOoBCZrPKO,Each,Pizza,100,nominal
R_1E5Rv8jFsBIDZTC,Each,Pizza,100,nominal
R_1r9dqpjoJPXY037,Each,Pizza,100,nominal
R_1GwubuGqItW30lw,Each,Pizza,100,nominal
R_3nOwEpUNPx3tepC,Each,Pizza,100,nominal
R_1d3PfgdXsF6dWWJ,Each,Biked,100,nominal
R_1mUFZZOpLOnLl0J,Each,Biked,100,nominal
R_ablB9VHx3JX4TXr,Each,Biked,100,nominal
R_1PTLsCc2LYdwQvE,Each,Biked,100,nominal
R_sdHoKhDkbSIuUw1,Each,Biked,100,nominal
R_2PmO4eF2wcwnT12,Each,Biked,100,nominal
R_2ON4qTZSuvNRZu8,All,Grocery,100,nominal
R_2X1dP9x065Hgeuv,All,Grocery,100,nominal
R_1mUFZZOpLOnLl0J,All,Grocery,100,nominal
R_3EE8NbxqWIZhy10,All,Grocery,100,nominal
R_29uL20C58VoAbPa,All,Grocery,100,nominal
R_2zik6ddjEsZJ02W,All,Grocery,100,nominal
R_2QX5KbqoneA3prx,All,Grocery,100,nominal
R_2v6NJdyXqqmmLoP,All,Grocery,100,nominal
R_2rut8nDyWcZHSVW,All,Grocery,100,nominal
R_ssYaHnG1cjYnnVv,All,Early,100,nominal
R_1Km3oyJg9Fu9IBj,All,Early,100,nominal
R_2zVd1AZbv4NmTY6,All,Early,100,nominal
R_0lhhtbFrSoG6gbn,All,Early,100,nominal
R_2VKG04Is9dSJKjY,All,Early,100,nominal
R_31NHydE9P9E3f7k,All,Early,100,nominal
R_12xzMRiTJcXjInp,All,Teeth,100,nominal
R_12tcd9NEJvlSmHi,All,Teeth,100,nominal
R_3n3smVeWWj4UAYs,All,Teeth,100,nominal
R_1f1apA3MVboLMXZ,All,Teeth,100,nominal
R_DvK4zz0BWlJpak9,All,Teeth,100,nominal
R_2ZPTY6toez2poe3,All,Teeth,100,nominal
R_1GwubuGqItW30lw,All,Teeth,100,nominal
R_3QDDWUDPZyWuGec,All,Jog,100,nominal
R_3J2FZKgCmfXGwMU,All,Jog,100,nominal
R_QoCvLCl8HfEjU7n,All,Jog,100,nominal
R_eJSSt9eyL2J2Evf,All,Jog,100,nominal
R_PYEnzxgg3FXqtTH,All,Jog,100,nominal
R_R497qlkc82CEndf,All,Jog,100,nominal
R_1pW3c7IfxN2CS88,All,Jog,100,nominal
R_UDZ07ep4B9iV6N3,All,Jog,100,nominal
R_1PTLsCc2LYdwQvE,All,Jog,100,nominal
R_29jqJzLbLEHqiRq,All,Jog,100,nominal
R_80Jskq8Na8PcOAx,All,Jog,100,nominal
R_2TYIdmWpU9VjlbY,All,Jog,100,nominal
R_Dq5FYS475kKrSGB,All,Jog,100,nominal
R_3nOwEpUNPx3tepC,All,Jog,100,nominal
R_3lxbBDINrtPd7bh,All,Eggs,100,nominal
R_3MuhqGDDyIqvFJO,All,Eggs,100,nominal
R_3Rav0jNbMETPZ1x,All,Eggs,100,nominal
R_3NzdaAOA9yVMcVg,All,Eggs,100,nominal
R_30bIdi2D1ii9GVD,All,Eggs,100,nominal
R_3NxpdT3EBJbzPkO,All,Eggs,100,nominal
R_zcWfflOQ9azjPxf,All,Eggs,100,nominal
R_PFfSAA66cPezMpX,All,Eggs,100,nominal
R_enYtz0rCKFrhozf,All,Eggs,100,nominal
R_27DbJS8uJN6UQvB,All,Eggs,100,nominal
R_3DqKWwED2UFlhXZ,All,Eggs,100,nominal
R_1eP5xKnSIojVfn1,All,Eggs,100,nominal
R_1g1Grlq3jIg5DNS,All,Drove,100,nominal
R_szGCjMqkpvXBWzD,All,Drove,100,nominal
R_2hk4mUrAfaVivmx,All,Drove,100,nominal
R_1d3PfgdXsF6dWWJ,All,Drove,100,nominal
R_1ONzt1q6Rzm2YDp,All,Drove,100,nominal
R_31bIiSjCTFcVYN3,All,Drove,100,nominal
R_sdHoKhDkbSIuUw1,All,Drove,100,nominal
R_1GDoqSkMonZKTyz,All,Drove,100,nominal
R_3fdCbAT87GMs2lT,All,Sandwich,100,nominal
R_1flVmTOoBCZrPKO,All,Sandwich,100,nominal
R_1OdxUx4etVKXU5P,All,Sandwich,100,nominal
R_1jChGLGRiJKZcHQ,All,Sandwich,100,nominal
R_1NeHiRiMXxkbGKc,All,Sandwich,100,nominal
R_3G26ADt8V3GzlkU,All,Sandwich,100,nominal
R_2qjxAoraJEOKzDn,All,WorkLate,100,nominal
R_1QGuQHCy72wsRbh,All,WorkLate,100,nominal
R_3Dqj5p1ssPIlGKL,All,WorkLate,100,nominal
R_3qW2OZXgfQz3Fq0,All,WorkLate,100,nominal
R_2WxnEuidthKbsKN,All,WorkLate,100,nominal
R_ablB9VHx3JX4TXr,All,WorkLate,100,nominal
R_1Fbta2B3hpsq0BJ,All,WorkLate,100,nominal
R_1E5Rv8jFsBIDZTC,All,WorkLate,100,nominal
R_1r9dqpjoJPXY037,All,WorkLate,100,nominal
R_uy7omZ3GrpcjSMN,All,BedLate,100,nominal
R_3I3M2KmMonmKDrP,All,BedLate,100,nominal
R_0jRJ7zTB9ikDMd3,All,BedLate,100,nominal
R_5sts3ooiXVlIFC9,All,BedLate,100,nominal
R_3ffVSYaxgS9KqcE,All,BedLate,100,nominal
R_3fZWEYYHxtMdUAg,All,Pizza,100,nominal
R_2aDh0mxzFXtU4jc,All,Pizza,100,nominal
R_1CDOAHurgvK47g4,All,Pizza,100,nominal
R_3qxk6WiB25hl9Pq,All,Pizza,100,nominal
R_2PAlpUdSqezDBNC,All,Pizza,100,nominal
R_33kb0O4YTytEVvR,All,Pizza,100,nominal
R_3nSZxmWmqPy0A1g,All,Pizza,69,nominal
R_2EzNQjjo7gjXe0p,All,Pizza,100,nominal
R_OOJS1mxrgu5CKfT,All,Pizza,100,nominal
R_2PmO4eF2wcwnT12,All,Pizza,100,nominal
R_vJktymUlSKnemk1,All,Biked,100,nominal
R_1M4lpNZJsCm0jyQ,All,Biked,100,nominal
R_23UG1CxPjZjEDR3,All,Biked,100,nominal
R_1C8UNcZT00QROmI,All,Biked,100,nominal
R_3NMSOdNzFrvvk3f,All,Biked,50,nominal
R_2U5b1A4z4ZjIabg,All,Biked,100,nominal
R_3fPk2lM0McOnCsg,All,Biked,100,nominal
R_32LU5YicYKqYYpg,All,Biked,100,nominal
R_1DwkaAEg9awnEwA,All,Biked,100,nominal
R_1kS42JTuYeReePh,All,Biked,100,nominal
R_3hEktvRBxbFVGsr,All,Biked,100,nominal
R_OesOGNdqtshNos1,All,Biked,100,nominal
R_1eKnZH0US6Df6Ci,All,Biked,100,nominal
R_3O7FcaqmyGiJJSZ,All,Biked,100,nominal
R_uy7omZ3GrpcjSMN,Most,Grocery,90,nominal
R_3MuhqGDDyIqvFJO,Most,Grocery,94,nominal
R_3I3M2KmMonmKDrP,Most,Grocery,75,nominal
R_eJSSt9eyL2J2Evf,Most,Grocery,80,nominal
R_1Km3oyJg9Fu9IBj,Most,Grocery,60,nominal
R_1QGuQHCy72wsRbh,Most,Grocery,80,nominal
R_12tcd9NEJvlSmHi,Most,Grocery,78,nominal
R_0jRJ7zTB9ikDMd3,Most,Grocery,93,nominal
R_ablB9VHx3JX4TXr,Most,Grocery,88,nominal
R_29jqJzLbLEHqiRq,Most,Grocery,75,nominal
R_2EzNQjjo7gjXe0p,Most,Grocery,78,nominal
R_2TYIdmWpU9VjlbY,Most,Grocery,80,nominal
R_3DqKWwED2UFlhXZ,Most,Grocery,90,nominal
R_1eP5xKnSIojVfn1,Most,Grocery,62,nominal
R_Dq5FYS475kKrSGB,Most,Grocery,80,nominal
R_QoCvLCl8HfEjU7n,Most,Early,78,nominal
R_3qxk6WiB25hl9Pq,Most,Early,96,nominal
R_5sts3ooiXVlIFC9,Most,Early,90,nominal
R_1kS42JTuYeReePh,Most,Early,80,nominal
R_2zik6ddjEsZJ02W,Most,Early,85,nominal
R_3hEktvRBxbFVGsr,Most,Early,91,nominal
R_1Fbta2B3hpsq0BJ,Most,Early,85,nominal
R_1OdxUx4etVKXU5P,Most,Early,87,nominal
R_enYtz0rCKFrhozf,Most,Early,75,nominal
R_1PTLsCc2LYdwQvE,Most,Early,53,nominal
R_3G26ADt8V3GzlkU,Most,Early,85,nominal
R_1GDoqSkMonZKTyz,Most,Early,70,nominal
R_3NzdaAOA9yVMcVg,Most,Teeth,85,nominal
R_ssYaHnG1cjYnnVv,Most,Teeth,90,nominal
R_1CDOAHurgvK47g4,Most,Teeth,69,nominal
R_2PAlpUdSqezDBNC,Most,Teeth,75,nominal
R_2rut8nDyWcZHSVW,Most,Teeth,96,nominal
R_27DbJS8uJN6UQvB,Most,Teeth,90,nominal
R_vJktymUlSKnemk1,Most,Jog,75,nominal
R_3fZWEYYHxtMdUAg,Most,Jog,90,nominal
R_12xzMRiTJcXjInp,Most,Jog,75,nominal
R_2ON4qTZSuvNRZu8,Most,Jog,81,nominal
R_30bIdi2D1ii9GVD,Most,Jog,75,nominal
R_2U5b1A4z4ZjIabg,Most,Jog,80,nominal
R_1DwkaAEg9awnEwA,Most,Jog,76,nominal
R_3qW2OZXgfQz3Fq0,Most,Jog,75,nominal
R_sdHoKhDkbSIuUw1,Most,Jog,40,nominal
R_1eKnZH0US6Df6Ci,Most,Jog,85,nominal
R_2PmO4eF2wcwnT12,Most,Jog,51,nominal
R_1g1Grlq3jIg5DNS,Most,Eggs,80,nominal
R_2hk4mUrAfaVivmx,Most,Eggs,85,nominal
R_3fdCbAT87GMs2lT,Most,Eggs,85,nominal
R_2VKG04Is9dSJKjY,Most,Eggs,80,nominal
R_3fPk2lM0McOnCsg,Most,Eggs,80,nominal
R_29uL20C58VoAbPa,Most,Eggs,85,nominal
R_1r9dqpjoJPXY037,Most,Eggs,65,nominal
R_1GwubuGqItW30lw,Most,Eggs,75,nominal
R_PYEnzxgg3FXqtTH,Most,Drove,70,nominal
R_zcWfflOQ9azjPxf,Most,Drove,80,nominal
R_DvK4zz0BWlJpak9,Most,Drove,80,nominal
R_1NeHiRiMXxkbGKc,Most,Drove,80,nominal
R_OOJS1mxrgu5CKfT,Most,Drove,77,nominal
R_2X1dP9x065Hgeuv,Most,Sandwich,90,nominal
R_3NMSOdNzFrvvk3f,Most,Sandwich,83,nominal
R_3n3smVeWWj4UAYs,Most,Sandwich,90,nominal
R_33kb0O4YTytEVvR,Most,Sandwich,76,nominal
R_1ONzt1q6Rzm2YDp,Most,Sandwich,75,nominal
R_2QX5KbqoneA3prx,Most,Sandwich,85,nominal
R_OesOGNdqtshNos1,Most,Sandwich,63,nominal
R_31bIiSjCTFcVYN3,Most,Sandwich,80,nominal
R_1E5Rv8jFsBIDZTC,Most,Sandwich,54,nominal
R_80Jskq8Na8PcOAx,Most,Sandwich,66,nominal
R_3nOwEpUNPx3tepC,Most,Sandwich,85,nominal
R_3J2FZKgCmfXGwMU,Most,WorkLate,72,nominal
R_23UG1CxPjZjEDR3,Most,WorkLate,81,nominal
R_2zVd1AZbv4NmTY6,Most,WorkLate,83,nominal
R_0lhhtbFrSoG6gbn,Most,WorkLate,75,nominal
R_3EE8NbxqWIZhy10,Most,WorkLate,81,nominal
R_32LU5YicYKqYYpg,Most,WorkLate,75,nominal
R_3nSZxmWmqPy0A1g,Most,WorkLate,38,nominal
R_3O7FcaqmyGiJJSZ,Most,WorkLate,85,nominal
R_3Rav0jNbMETPZ1x,Most,BedLate,85,nominal
R_1M4lpNZJsCm0jyQ,Most,BedLate,86,nominal
R_2aDh0mxzFXtU4jc,Most,BedLate,80,nominal
R_1C8UNcZT00QROmI,Most,BedLate,50,nominal
R_1d3PfgdXsF6dWWJ,Most,BedLate,90,nominal
R_1mUFZZOpLOnLl0J,Most,BedLate,80,nominal
R_3Dqj5p1ssPIlGKL,Most,BedLate,84,nominal
R_3NxpdT3EBJbzPkO,Most,BedLate,79,nominal
R_1f1apA3MVboLMXZ,Most,BedLate,84,nominal
R_2WxnEuidthKbsKN,Most,BedLate,85,nominal
R_UDZ07ep4B9iV6N3,Most,BedLate,80,nominal
R_2v6NJdyXqqmmLoP,Most,BedLate,80,nominal
R_1flVmTOoBCZrPKO,Most,BedLate,75,nominal
R_szGCjMqkpvXBWzD,Most,Pizza,80,nominal
R_2qjxAoraJEOKzDn,Most,Pizza,90,nominal
R_1pW3c7IfxN2CS88,Most,Pizza,63,nominal
R_31NHydE9P9E3f7k,Most,Pizza,80,nominal
R_2ZPTY6toez2poe3,Most,Pizza,50,nominal
R_1jChGLGRiJKZcHQ,Most,Pizza,50,nominal
R_3QDDWUDPZyWuGec,Most,Biked,61,nominal
R_3lxbBDINrtPd7bh,Most,Biked,69,nominal
R_R497qlkc82CEndf,Most,Biked,79,nominal
R_3ffVSYaxgS9KqcE,Most,Biked,89,nominal
R_PFfSAA66cPezMpX,Most,Biked,25,nominal
R_1CDOAHurgvK47g4,Many,Grocery,40,nominal
R_3qxk6WiB25hl9Pq,Many,Grocery,57,nominal
R_32LU5YicYKqYYpg,Many,Grocery,61,nominal
R_33kb0O4YTytEVvR,Many,Grocery,70,nominal
R_1OdxUx4etVKXU5P,Many,Grocery,79,nominal
R_80Jskq8Na8PcOAx,Many,Grocery,71,nominal
R_szGCjMqkpvXBWzD,Many,Early,69,nominal
R_eJSSt9eyL2J2Evf,Many,Early,80,nominal
R_OesOGNdqtshNos1,Many,Early,84,nominal
R_2rut8nDyWcZHSVW,Many,Early,70,nominal
R_PFfSAA66cPezMpX,Many,Early,22,nominal
R_29jqJzLbLEHqiRq,Many,Early,70,nominal
R_2EzNQjjo7gjXe0p,Many,Early,62,nominal
R_Dq5FYS475kKrSGB,Many,Early,70,nominal
R_23UG1CxPjZjEDR3,Many,Teeth,85,nominal
R_2qjxAoraJEOKzDn,Many,Teeth,80,nominal
R_2X1dP9x065Hgeuv,Many,Teeth,80,nominal
R_3NMSOdNzFrvvk3f,Many,Teeth,86,nominal
R_2zVd1AZbv4NmTY6,Many,Teeth,88,nominal
R_2U5b1A4z4ZjIabg,Many,Teeth,85,nominal
R_5sts3ooiXVlIFC9,Many,Teeth,60,nominal
R_1DwkaAEg9awnEwA,Many,Teeth,92,nominal
R_ablB9VHx3JX4TXr,Many,Teeth,88,nominal
R_2QX5KbqoneA3prx,Many,Teeth,61,nominal
R_1jChGLGRiJKZcHQ,Many,Teeth,100,nominal
R_1NeHiRiMXxkbGKc,Many,Teeth,60,nominal
R_1eKnZH0US6Df6Ci,Many,Teeth,65,nominal
R_3DqKWwED2UFlhXZ,Many,Teeth,50,nominal
R_3O7FcaqmyGiJJSZ,Many,Teeth,65,nominal
R_3NzdaAOA9yVMcVg,Many,Jog,67,nominal
R_ssYaHnG1cjYnnVv,Many,Jog,75,nominal
R_1kS42JTuYeReePh,Many,Jog,78,nominal
R_3ffVSYaxgS9KqcE,Many,Jog,80,nominal
R_1E5Rv8jFsBIDZTC,Many,Jog,59,nominal
R_12xzMRiTJcXjInp,Many,Eggs,45,nominal
R_2aDh0mxzFXtU4jc,Many,Eggs,70,nominal
R_3Dqj5p1ssPIlGKL,Many,Eggs,86,nominal
R_1f1apA3MVboLMXZ,Many,Eggs,59,nominal
R_2v6NJdyXqqmmLoP,Many,Eggs,70,nominal
R_31bIiSjCTFcVYN3,Many,Eggs,90,nominal
R_2ZPTY6toez2poe3,Many,Eggs,94,nominal
R_OOJS1mxrgu5CKfT,Many,Eggs,80,nominal
R_3G26ADt8V3GzlkU,Many,Eggs,85,nominal
R_3nOwEpUNPx3tepC,Many,Eggs,85,nominal
R_1M4lpNZJsCm0jyQ,Many,Drove,63,nominal
R_2ON4qTZSuvNRZu8,Many,Drove,79,nominal
R_1mUFZZOpLOnLl0J,Many,Drove,75,nominal
R_3n3smVeWWj4UAYs,Many,Drove,63,nominal
R_3fPk2lM0McOnCsg,Many,Drove,75,nominal
R_1pW3c7IfxN2CS88,Many,Drove,66,nominal
R_3hEktvRBxbFVGsr,Many,Drove,75,nominal
R_2WxnEuidthKbsKN,Many,Drove,83,nominal
R_1Fbta2B3hpsq0BJ,Many,Drove,100,nominal
R_enYtz0rCKFrhozf,Many,Drove,90,nominal
R_3MuhqGDDyIqvFJO,Many,Sandwich,83,nominal
R_QoCvLCl8HfEjU7n,Many,Sandwich,78,nominal
R_3I3M2KmMonmKDrP,Many,Sandwich,75,nominal
R_1QGuQHCy72wsRbh,Many,Sandwich,60,nominal
R_1d3PfgdXsF6dWWJ,Many,Sandwich,70,nominal
R_0lhhtbFrSoG6gbn,Many,Sandwich,60,nominal
R_zcWfflOQ9azjPxf,Many,Sandwich,80,nominal
R_sdHoKhDkbSIuUw1,Many,Sandwich,50,nominal
R_uy7omZ3GrpcjSMN,Many,WorkLate,80,nominal
R_PYEnzxgg3FXqtTH,Many,WorkLate,15,nominal
R_R497qlkc82CEndf,Many,WorkLate,30,nominal
R_3NxpdT3EBJbzPkO,Many,WorkLate,64,nominal
R_1ONzt1q6Rzm2YDp,Many,WorkLate,75,nominal
R_31NHydE9P9E3f7k,Many,WorkLate,63,nominal
R_1flVmTOoBCZrPKO,Many,WorkLate,67,nominal
R_27DbJS8uJN6UQvB,Many,WorkLate,25,nominal
R_2PmO4eF2wcwnT12,Many,WorkLate,50,nominal
R_vJktymUlSKnemk1,Many,BedLate,65,nominal
R_3J2FZKgCmfXGwMU,Many,BedLate,69,nominal
R_3EE8NbxqWIZhy10,Many,BedLate,79,nominal
R_2PAlpUdSqezDBNC,Many,BedLate,50,nominal
R_29uL20C58VoAbPa,Many,BedLate,70,nominal
R_3nSZxmWmqPy0A1g,Many,BedLate,30,nominal
R_1PTLsCc2LYdwQvE,Many,BedLate,84,nominal
R_1GwubuGqItW30lw,Many,BedLate,83,nominal
R_3QDDWUDPZyWuGec,Many,Pizza,67,nominal
R_3lxbBDINrtPd7bh,Many,Pizza,64,nominal
R_30bIdi2D1ii9GVD,Many,Pizza,50,nominal
R_1Km3oyJg9Fu9IBj,Many,Pizza,75,nominal
R_1C8UNcZT00QROmI,Many,Pizza,60,nominal
R_3fdCbAT87GMs2lT,Many,Pizza,30,nominal
R_0jRJ7zTB9ikDMd3,Many,Pizza,71,nominal
R_DvK4zz0BWlJpak9,Many,Pizza,41,nominal
R_2TYIdmWpU9VjlbY,Many,Pizza,50,nominal
R_1eP5xKnSIojVfn1,Many,Pizza,57,nominal
R_1g1Grlq3jIg5DNS,Many,Biked,70,nominal
R_3fZWEYYHxtMdUAg,Many,Biked,75,nominal
R_3Rav0jNbMETPZ1x,Many,Biked,35,nominal
R_2hk4mUrAfaVivmx,Many,Biked,75,nominal
R_12tcd9NEJvlSmHi,Many,Biked,64,nominal
R_2VKG04Is9dSJKjY,Many,Biked,70,nominal
R_2zik6ddjEsZJ02W,Many,Biked,80,nominal
R_3qW2OZXgfQz3Fq0,Many,Biked,75,nominal
R_UDZ07ep4B9iV6N3,Many,Biked,82,nominal
R_1r9dqpjoJPXY037,Many,Biked,61,nominal
R_1GDoqSkMonZKTyz,Many,Biked,70,nominal
R_12xzMRiTJcXjInp,Some,Grocery,33,nominal
R_3NzdaAOA9yVMcVg,Some,Grocery,52,nominal
R_2qjxAoraJEOKzDn,Some,Grocery,60,nominal
R_2zVd1AZbv4NmTY6,Some,Grocery,16,nominal
R_3qW2OZXgfQz3Fq0,Some,Grocery,27,nominal
R_3hEktvRBxbFVGsr,Some,Grocery,41,nominal
R_OesOGNdqtshNos1,Some,Grocery,51,nominal
R_3ffVSYaxgS9KqcE,Some,Grocery,30,nominal
R_enYtz0rCKFrhozf,Some,Grocery,33,nominal
R_1GwubuGqItW30lw,Some,Grocery,20,nominal
R_1eKnZH0US6Df6Ci,Some,Grocery,20,nominal
R_3fZWEYYHxtMdUAg,Some,Early,33,nominal
R_2aDh0mxzFXtU4jc,Some,Early,50,nominal
R_2ON4qTZSuvNRZu8,Some,Early,40,nominal
R_23UG1CxPjZjEDR3,Some,Early,30,nominal
R_1f1apA3MVboLMXZ,Some,Early,26,nominal
R_2QX5KbqoneA3prx,Some,Early,51,nominal
R_80Jskq8Na8PcOAx,Some,Early,34,nominal
R_1NeHiRiMXxkbGKc,Some,Early,20,nominal
R_3MuhqGDDyIqvFJO,Some,Teeth,11,nominal
R_3I3M2KmMonmKDrP,Some,Teeth,25,nominal
R_1kS42JTuYeReePh,Some,Teeth,35,nominal
R_UDZ07ep4B9iV6N3,Some,Teeth,26,nominal
R_1flVmTOoBCZrPKO,Some,Teeth,50,nominal
R_sdHoKhDkbSIuUw1,Some,Teeth,95,nominal
R_2TYIdmWpU9VjlbY,Some,Teeth,8,nominal
R_2PmO4eF2wcwnT12,Some,Teeth,29,nominal
R_3lxbBDINrtPd7bh,Some,Jog,14,nominal
R_1C8UNcZT00QROmI,Some,Jog,30,nominal
R_1d3PfgdXsF6dWWJ,Some,Jog,20,nominal
R_zcWfflOQ9azjPxf,Some,Jog,20,nominal
R_3nSZxmWmqPy0A1g,Some,Jog,46,nominal
R_1Fbta2B3hpsq0BJ,Some,Jog,30,nominal
R_1OdxUx4etVKXU5P,Some,Jog,24,nominal
R_2ZPTY6toez2poe3,Some,Jog,51,nominal
R_QoCvLCl8HfEjU7n,Some,Eggs,50,nominal
R_1Km3oyJg9Fu9IBj,Some,Eggs,10,nominal
R_1mUFZZOpLOnLl0J,Some,Eggs,34,nominal
R_0jRJ7zTB9ikDMd3,Some,Eggs,27,nominal
R_R497qlkc82CEndf,Some,Eggs,28,nominal
R_1ONzt1q6Rzm2YDp,Some,Eggs,25,nominal
R_ablB9VHx3JX4TXr,Some,Eggs,43,nominal
R_31NHydE9P9E3f7k,Some,Eggs,33,nominal
R_3QDDWUDPZyWuGec,Some,Drove,26,nominal
R_uy7omZ3GrpcjSMN,Some,Drove,35,nominal
R_30bIdi2D1ii9GVD,Some,Drove,51,nominal
R_2VKG04Is9dSJKjY,Some,Drove,30,nominal
R_5sts3ooiXVlIFC9,Some,Drove,40,nominal
R_1E5Rv8jFsBIDZTC,Some,Drove,46,nominal
R_2EzNQjjo7gjXe0p,Some,Drove,39,nominal
R_3Rav0jNbMETPZ1x,Some,Sandwich,20,nominal
R_ssYaHnG1cjYnnVv,Some,Sandwich,45,nominal
R_1CDOAHurgvK47g4,Some,Sandwich,25,nominal
R_12tcd9NEJvlSmHi,Some,Sandwich,49,nominal
R_3Dqj5p1ssPIlGKL,Some,Sandwich,44,nominal
R_2PAlpUdSqezDBNC,Some,Sandwich,25,nominal
R_3NxpdT3EBJbzPkO,Some,Sandwich,50,nominal
R_1DwkaAEg9awnEwA,Some,Sandwich,42,nominal
R_1PTLsCc2LYdwQvE,Some,Sandwich,40,nominal
R_3DqKWwED2UFlhXZ,Some,Sandwich,50,nominal
R_3O7FcaqmyGiJJSZ,Some,Sandwich,30,nominal
R_Dq5FYS475kKrSGB,Some,Sandwich,40,nominal
R_vJktymUlSKnemk1,Some,WorkLate,15,nominal
R_1g1Grlq3jIg5DNS,Some,WorkLate,40,nominal
R_szGCjMqkpvXBWzD,Some,WorkLate,19,nominal
R_2hk4mUrAfaVivmx,Some,WorkLate,25,nominal
R_3qxk6WiB25hl9Pq,Some,WorkLate,24,nominal
R_2U5b1A4z4ZjIabg,Some,WorkLate,35,nominal
R_3fPk2lM0McOnCsg,Some,WorkLate,40,nominal
R_31bIiSjCTFcVYN3,Some,WorkLate,20,nominal
R_1jChGLGRiJKZcHQ,Some,WorkLate,10,nominal
R_3G26ADt8V3GzlkU,Some,WorkLate,15,nominal
R_1QGuQHCy72wsRbh,Some,BedLate,50,nominal
R_3NMSOdNzFrvvk3f,Some,BedLate,20,nominal
R_PYEnzxgg3FXqtTH,Some,BedLate,25,nominal
R_0lhhtbFrSoG6gbn,Some,BedLate,40,nominal
R_1pW3c7IfxN2CS88,Some,BedLate,26,nominal
R_32LU5YicYKqYYpg,Some,BedLate,33,nominal
R_2zik6ddjEsZJ02W,Some,BedLate,40,nominal
R_DvK4zz0BWlJpak9,Some,BedLate,33,nominal
R_PFfSAA66cPezMpX,Some,BedLate,14,nominal
R_1r9dqpjoJPXY037,Some,BedLate,25,nominal
R_27DbJS8uJN6UQvB,Some,BedLate,35,nominal
R_3nOwEpUNPx3tepC,Some,BedLate,20,nominal
R_1GDoqSkMonZKTyz,Some,BedLate,30,nominal
R_1M4lpNZJsCm0jyQ,Some,Pizza,28,nominal
R_3J2FZKgCmfXGwMU,Some,Pizza,23,nominal
R_3EE8NbxqWIZhy10,Some,Pizza,9,nominal
R_2WxnEuidthKbsKN,Some,Pizza,24,nominal
R_29jqJzLbLEHqiRq,Some,Pizza,20,nominal
R_eJSSt9eyL2J2Evf,Some,Biked,12,nominal
R_2X1dP9x065Hgeuv,Some,Biked,45,nominal
R_3n3smVeWWj4UAYs,Some,Biked,45,nominal
R_3fdCbAT87GMs2lT,Some,Biked,30,nominal
R_29uL20C58VoAbPa,Some,Biked,35,nominal
R_33kb0O4YTytEVvR,Some,Biked,21,nominal
R_2v6NJdyXqqmmLoP,Some,Biked,20,nominal
R_2rut8nDyWcZHSVW,Some,Biked,37,nominal
R_OOJS1mxrgu5CKfT,Some,Biked,50,nominal
R_1eP5xKnSIojVfn1,Some,Biked,34,nominal
R_3fZWEYYHxtMdUAg,Several,Grocery,10,nominal
R_3n3smVeWWj4UAYs,Several,Grocery,10,nominal
R_UDZ07ep4B9iV6N3,Several,Grocery,5,nominal
R_27DbJS8uJN6UQvB,Several,Grocery,16,nominal
R_3lxbBDINrtPd7bh,Several,Early,10,nominal
R_1M4lpNZJsCm0jyQ,Several,Early,10,nominal
R_30bIdi2D1ii9GVD,Several,Early,25,nominal
R_2qjxAoraJEOKzDn,Several,Early,15,nominal
R_1QGuQHCy72wsRbh,Several,Early,30,nominal
R_PYEnzxgg3FXqtTH,Several,Early,7,nominal
R_12tcd9NEJvlSmHi,Several,Early,41,nominal
R_3Dqj5p1ssPIlGKL,Several,Early,7,nominal
R_3fPk2lM0McOnCsg,Several,Early,60,nominal
R_1flVmTOoBCZrPKO,Several,Early,80,nominal
R_DvK4zz0BWlJpak9,Several,Early,10,nominal
R_3ffVSYaxgS9KqcE,Several,Early,35,nominal
R_2ZPTY6toez2poe3,Several,Early,88,nominal
R_1E5Rv8jFsBIDZTC,Several,Early,10,nominal
R_OOJS1mxrgu5CKfT,Several,Early,25,nominal
R_1eKnZH0US6Df6Ci,Several,Early,15,nominal
R_QoCvLCl8HfEjU7n,Several,Teeth,75,nominal
R_szGCjMqkpvXBWzD,Several,Teeth,52,nominal
R_2hk4mUrAfaVivmx,Several,Teeth,40,nominal
R_3NxpdT3EBJbzPkO,Several,Teeth,68,nominal
R_1pW3c7IfxN2CS88,Several,Teeth,3,nominal
R_32LU5YicYKqYYpg,Several,Teeth,20,nominal
R_2WxnEuidthKbsKN,Several,Teeth,61,nominal
R_1PTLsCc2LYdwQvE,Several,Teeth,89,nominal
R_1r9dqpjoJPXY037,Several,Teeth,11,nominal
R_0lhhtbFrSoG6gbn,Several,Jog,9,nominal
R_5sts3ooiXVlIFC9,Several,Jog,20,nominal
R_2PAlpUdSqezDBNC,Several,Jog,40,nominal
R_31NHydE9P9E3f7k,Several,Jog,41,nominal
R_3G26ADt8V3GzlkU,Several,Jog,15,nominal
R_1GDoqSkMonZKTyz,Several,Jog,20,nominal
R_vJktymUlSKnemk1,Several,Eggs,9,nominal
R_1C8UNcZT00QROmI,Several,Eggs,50,nominal
R_1CDOAHurgvK47g4,Several,Eggs,70,nominal
R_2zik6ddjEsZJ02W,Several,Eggs,45,nominal
R_3hEktvRBxbFVGsr,Several,Eggs,29,nominal
R_3nSZxmWmqPy0A1g,Several,Eggs,40,nominal
R_sdHoKhDkbSIuUw1,Several,Eggs,12,nominal
R_2EzNQjjo7gjXe0p,Several,Eggs,10,nominal
R_2X1dP9x065Hgeuv,Several,Drove,46,nominal
R_3NMSOdNzFrvvk3f,Several,Drove,10,nominal
R_3fdCbAT87GMs2lT,Several,Drove,38,nominal
R_2U5b1A4z4ZjIabg,Several,Drove,65,nominal
R_2QX5KbqoneA3prx,Several,Drove,10,nominal
R_1jChGLGRiJKZcHQ,Several,Drove,50,nominal
R_1GwubuGqItW30lw,Several,Drove,4,nominal
R_1eP5xKnSIojVfn1,Several,Drove,19,nominal
R_Dq5FYS475kKrSGB,Several,Drove,20,nominal
R_2PmO4eF2wcwnT12,Several,Drove,5,nominal
R_3nOwEpUNPx3tepC,Several,Drove,25,nominal
R_uy7omZ3GrpcjSMN,Several,Sandwich,3,nominal
R_2aDh0mxzFXtU4jc,Several,Sandwich,20,nominal
R_3qxk6WiB25hl9Pq,Several,Sandwich,10,nominal
R_1mUFZZOpLOnLl0J,Several,Sandwich,65,nominal
R_3EE8NbxqWIZhy10,Several,Sandwich,3,nominal
R_0jRJ7zTB9ikDMd3,Several,Sandwich,30,nominal
R_29uL20C58VoAbPa,Several,Sandwich,60,nominal
R_1kS42JTuYeReePh,Several,Sandwich,7,nominal
R_ablB9VHx3JX4TXr,Several,Sandwich,83,nominal
R_3QDDWUDPZyWuGec,Several,WorkLate,15,nominal
R_3MuhqGDDyIqvFJO,Several,WorkLate,8,nominal
R_3Rav0jNbMETPZ1x,Several,WorkLate,4,nominal
R_3NzdaAOA9yVMcVg,Several,WorkLate,15,nominal
R_3I3M2KmMonmKDrP,Several,WorkLate,3,nominal
R_1Km3oyJg9Fu9IBj,Several,WorkLate,20,nominal
R_1d3PfgdXsF6dWWJ,Several,WorkLate,2,nominal
R_zcWfflOQ9azjPxf,Several,WorkLate,10,nominal
R_2v6NJdyXqqmmLoP,Several,WorkLate,8,nominal
R_OesOGNdqtshNos1,Several,WorkLate,4,nominal
R_enYtz0rCKFrhozf,Several,WorkLate,15,nominal
R_29jqJzLbLEHqiRq,Several,WorkLate,10,nominal
R_80Jskq8Na8PcOAx,Several,WorkLate,5,nominal
R_1NeHiRiMXxkbGKc,Several,WorkLate,10,nominal
R_1g1Grlq3jIg5DNS,Several,BedLate,60,nominal
R_ssYaHnG1cjYnnVv,Several,BedLate,40,nominal
R_eJSSt9eyL2J2Evf,Several,BedLate,3,nominal
R_2VKG04Is9dSJKjY,Several,BedLate,6,nominal
R_1DwkaAEg9awnEwA,Several,BedLate,64,nominal
R_33kb0O4YTytEVvR,Several,BedLate,79,nominal
R_3DqKWwED2UFlhXZ,Several,BedLate,3,nominal
R_2ON4qTZSuvNRZu8,Several,Pizza,26,nominal
R_23UG1CxPjZjEDR3,Several,Pizza,70,nominal
R_2zVd1AZbv4NmTY6,Several,Pizza,13,nominal
R_R497qlkc82CEndf,Several,Pizza,24,nominal
R_3qW2OZXgfQz3Fq0,Several,Pizza,19,nominal
R_2rut8nDyWcZHSVW,Several,Pizza,10,nominal
R_31bIiSjCTFcVYN3,Several,Pizza,10,nominal
R_PFfSAA66cPezMpX,Several,Pizza,13,nominal
R_3O7FcaqmyGiJJSZ,Several,Pizza,10,nominal
R_12xzMRiTJcXjInp,Several,Biked,39,nominal
R_3J2FZKgCmfXGwMU,Several,Biked,14,nominal
R_1ONzt1q6Rzm2YDp,Several,Biked,60,nominal
R_1f1apA3MVboLMXZ,Several,Biked,3,nominal
R_1Fbta2B3hpsq0BJ,Several,Biked,5,nominal
R_1OdxUx4etVKXU5P,Several,Biked,45,nominal
R_2TYIdmWpU9VjlbY,Several,Biked,28,nominal
R_3QDDWUDPZyWuGec,AFew,Grocery,22,nominal
R_vJktymUlSKnemk1,AFew,Grocery,15,nominal
R_1d3PfgdXsF6dWWJ,AFew,Grocery,20,nominal
R_1f1apA3MVboLMXZ,AFew,Grocery,5,nominal
R_1E5Rv8jFsBIDZTC,AFew,Grocery,27,nominal
R_1NeHiRiMXxkbGKc,AFew,Grocery,3,nominal
R_2PmO4eF2wcwnT12,AFew,Grocery,3,nominal
R_uy7omZ3GrpcjSMN,AFew,Early,3,nominal
R_2hk4mUrAfaVivmx,AFew,Early,15,nominal
R_3NMSOdNzFrvvk3f,AFew,Early,11,nominal
R_1CDOAHurgvK47g4,AFew,Early,10,nominal
R_2U5b1A4z4ZjIabg,AFew,Early,15,nominal
R_3EE8NbxqWIZhy10,AFew,Early,2,nominal
R_1pW3c7IfxN2CS88,AFew,Early,3,nominal
R_29uL20C58VoAbPa,AFew,Early,3,nominal
R_UDZ07ep4B9iV6N3,AFew,Early,12,nominal
R_3O7FcaqmyGiJJSZ,AFew,Early,20,nominal
R_3Rav0jNbMETPZ1x,AFew,Teeth,6,nominal
R_1M4lpNZJsCm0jyQ,AFew,Teeth,5,nominal
R_1Km3oyJg9Fu9IBj,AFew,Teeth,27,nominal
R_3qxk6WiB25hl9Pq,AFew,Teeth,7,nominal
R_PYEnzxgg3FXqtTH,AFew,Teeth,3,nominal
R_R497qlkc82CEndf,AFew,Teeth,25,nominal
R_2v6NJdyXqqmmLoP,AFew,Teeth,7,nominal
R_1Fbta2B3hpsq0BJ,AFew,Teeth,5,nominal
R_31bIiSjCTFcVYN3,AFew,Teeth,5,nominal
R_80Jskq8Na8PcOAx,AFew,Teeth,13,nominal
R_OOJS1mxrgu5CKfT,AFew,Teeth,75,nominal
R_3nOwEpUNPx3tepC,AFew,Teeth,10,nominal
R_2qjxAoraJEOKzDn,AFew,Jog,10,nominal
R_1mUFZZOpLOnLl0J,AFew,Jog,26,nominal
R_3Dqj5p1ssPIlGKL,AFew,Jog,10,nominal
R_3n3smVeWWj4UAYs,AFew,Jog,4,nominal
R_2VKG04Is9dSJKjY,AFew,Jog,4,nominal
R_0jRJ7zTB9ikDMd3,AFew,Jog,10,nominal
R_3NxpdT3EBJbzPkO,AFew,Jog,14,nominal
R_32LU5YicYKqYYpg,AFew,Jog,30,nominal
R_2PAlpUdSqezDBNC,AFew,Eggs,19,nominal
R_1kS42JTuYeReePh,AFew,Eggs,14,nominal
R_1flVmTOoBCZrPKO,AFew,Eggs,25,nominal
R_1jChGLGRiJKZcHQ,AFew,Eggs,50,nominal
R_29jqJzLbLEHqiRq,AFew,Eggs,8,nominal
R_3I3M2KmMonmKDrP,AFew,Drove,3,nominal
R_1QGuQHCy72wsRbh,AFew,Drove,100,nominal
R_33kb0O4YTytEVvR,AFew,Drove,15,nominal
R_2zik6ddjEsZJ02W,AFew,Drove,15,nominal
R_3qW2OZXgfQz3Fq0,AFew,Drove,10,nominal
R_1eKnZH0US6Df6Ci,AFew,Drove,20,nominal
R_2TYIdmWpU9VjlbY,AFew,Drove,3,nominal
R_1g1Grlq3jIg5DNS,AFew,Sandwich,30,nominal
R_3J2FZKgCmfXGwMU,AFew,Sandwich,2,nominal
R_szGCjMqkpvXBWzD,AFew,Sandwich,14,nominal
R_23UG1CxPjZjEDR3,AFew,Sandwich,25,nominal
R_eJSSt9eyL2J2Evf,AFew,Sandwich,4,nominal
R_1C8UNcZT00QROmI,AFew,Sandwich,3,nominal
R_2zVd1AZbv4NmTY6,AFew,Sandwich,21,nominal
R_3fPk2lM0McOnCsg,AFew,Sandwich,30,nominal
R_2rut8nDyWcZHSVW,AFew,Sandwich,15,nominal
R_enYtz0rCKFrhozf,AFew,Sandwich,15,nominal
R_1r9dqpjoJPXY037,AFew,Sandwich,5,nominal
R_1GDoqSkMonZKTyz,AFew,Sandwich,20,nominal
R_3lxbBDINrtPd7bh,AFew,WorkLate,14,nominal
R_12xzMRiTJcXjInp,AFew,WorkLate,12,nominal
R_QoCvLCl8HfEjU7n,AFew,WorkLate,20,nominal
R_12tcd9NEJvlSmHi,AFew,WorkLate,8,nominal
R_3fdCbAT87GMs2lT,AFew,WorkLate,5,nominal
R_1DwkaAEg9awnEwA,AFew,WorkLate,7,nominal
R_3hEktvRBxbFVGsr,AFew,WorkLate,12,nominal
R_PFfSAA66cPezMpX,AFew,WorkLate,9,nominal
R_1GwubuGqItW30lw,AFew,WorkLate,3,nominal
R_2EzNQjjo7gjXe0p,AFew,WorkLate,5,nominal
R_1eP5xKnSIojVfn1,AFew,WorkLate,4,nominal
R_3fZWEYYHxtMdUAg,AFew,BedLate,10,nominal
R_3NzdaAOA9yVMcVg,AFew,BedLate,52,nominal
R_2ON4qTZSuvNRZu8,AFew,BedLate,28,nominal
R_30bIdi2D1ii9GVD,AFew,BedLate,25,nominal
R_2X1dP9x065Hgeuv,AFew,BedLate,21,nominal
R_1ONzt1q6Rzm2YDp,AFew,BedLate,20,nominal
R_1OdxUx4etVKXU5P,AFew,BedLate,13,nominal
R_3G26ADt8V3GzlkU,AFew,BedLate,15,nominal
R_3MuhqGDDyIqvFJO,AFew,Pizza,9,nominal
R_ssYaHnG1cjYnnVv,AFew,Pizza,30,nominal
R_0lhhtbFrSoG6gbn,AFew,Pizza,4,nominal
R_5sts3ooiXVlIFC9,AFew,Pizza,7,nominal
R_ablB9VHx3JX4TXr,AFew,Pizza,16,nominal
R_2QX5KbqoneA3prx,AFew,Pizza,3,nominal
R_OesOGNdqtshNos1,AFew,Pizza,28,nominal
R_3ffVSYaxgS9KqcE,AFew,Pizza,5,nominal
R_1PTLsCc2LYdwQvE,AFew,Pizza,31,nominal
R_sdHoKhDkbSIuUw1,AFew,Pizza,10,nominal
R_27DbJS8uJN6UQvB,AFew,Pizza,18,nominal
R_Dq5FYS475kKrSGB,AFew,Pizza,15,nominal
R_2aDh0mxzFXtU4jc,AFew,Biked,20,nominal
R_zcWfflOQ9azjPxf,AFew,Biked,10,nominal
R_3nSZxmWmqPy0A1g,AFew,Biked,24,nominal
R_2WxnEuidthKbsKN,AFew,Biked,8,nominal
R_31NHydE9P9E3f7k,AFew,Biked,3,nominal
R_DvK4zz0BWlJpak9,AFew,Biked,5,nominal
R_2ZPTY6toez2poe3,AFew,Biked,20,nominal
R_3DqKWwED2UFlhXZ,AFew,Biked,3,nominal
R_23UG1CxPjZjEDR3,Few,Grocery,25,nominal
R_3NMSOdNzFrvvk3f,Few,Grocery,16,nominal
R_0lhhtbFrSoG6gbn,Few,Grocery,3,nominal
R_1DwkaAEg9awnEwA,Few,Grocery,21,nominal
R_2WxnEuidthKbsKN,Few,Grocery,8,nominal
R_1r9dqpjoJPXY037,Few,Grocery,6,nominal
R_3nOwEpUNPx3tepC,Few,Grocery,10,nominal
R_12xzMRiTJcXjInp,Few,Early,15,nominal
R_3NzdaAOA9yVMcVg,Few,Early,51,nominal
R_zcWfflOQ9azjPxf,Few,Early,10,nominal
R_3qW2OZXgfQz3Fq0,Few,Early,10,nominal
R_1ONzt1q6Rzm2YDp,Few,Early,20,nominal
R_3nSZxmWmqPy0A1g,Few,Early,43,nominal
R_31bIiSjCTFcVYN3,Few,Early,7,nominal
R_sdHoKhDkbSIuUw1,Few,Early,50,nominal
R_2TYIdmWpU9VjlbY,Few,Early,8,nominal
R_1g1Grlq3jIg5DNS,Few,Teeth,30,nominal
R_2aDh0mxzFXtU4jc,Few,Teeth,20,nominal
R_1mUFZZOpLOnLl0J,Few,Teeth,18,nominal
R_3Dqj5p1ssPIlGKL,Few,Teeth,8,nominal
R_1eP5xKnSIojVfn1,Few,Teeth,4,nominal
R_uy7omZ3GrpcjSMN,Few,Jog,3,nominal
R_3Rav0jNbMETPZ1x,Few,Jog,7,nominal
R_1M4lpNZJsCm0jyQ,Few,Jog,5,nominal
R_szGCjMqkpvXBWzD,Few,Jog,10,nominal
R_2hk4mUrAfaVivmx,Few,Jog,15,nominal
R_3fdCbAT87GMs2lT,Few,Jog,13,nominal
R_ablB9VHx3JX4TXr,Few,Jog,88,nominal
R_2rut8nDyWcZHSVW,Few,Jog,7,nominal
R_1jChGLGRiJKZcHQ,Few,Jog,0,nominal
R_1GwubuGqItW30lw,Few,Jog,4,nominal
R_2EzNQjjo7gjXe0p,Few,Jog,5,nominal
R_3J2FZKgCmfXGwMU,Few,Eggs,3,nominal
R_eJSSt9eyL2J2Evf,Few,Eggs,3,nominal
R_1QGuQHCy72wsRbh,Few,Eggs,20,nominal
R_PYEnzxgg3FXqtTH,Few,Eggs,3,nominal
R_2zVd1AZbv4NmTY6,Few,Eggs,38,nominal
R_1d3PfgdXsF6dWWJ,Few,Eggs,10,nominal
R_2U5b1A4z4ZjIabg,Few,Eggs,15,nominal
R_3EE8NbxqWIZhy10,Few,Eggs,3,nominal
R_2QX5KbqoneA3prx,Few,Eggs,3,nominal
R_DvK4zz0BWlJpak9,Few,Eggs,5,nominal
R_1PTLsCc2LYdwQvE,Few,Eggs,48,nominal
R_80Jskq8Na8PcOAx,Few,Eggs,17,nominal
R_3O7FcaqmyGiJJSZ,Few,Eggs,10,nominal
R_3fZWEYYHxtMdUAg,Few,Drove,10,nominal
R_1Km3oyJg9Fu9IBj,Few,Drove,100,nominal
R_2PAlpUdSqezDBNC,Few,Drove,14,nominal
R_3NxpdT3EBJbzPkO,Few,Drove,7,nominal
R_29uL20C58VoAbPa,Few,Drove,20,nominal
R_1f1apA3MVboLMXZ,Few,Drove,5,nominal
R_31NHydE9P9E3f7k,Few,Drove,3,nominal
R_UDZ07ep4B9iV6N3,Few,Drove,15,nominal
R_2v6NJdyXqqmmLoP,Few,Drove,12,nominal
R_OesOGNdqtshNos1,Few,Drove,31,nominal
R_1flVmTOoBCZrPKO,Few,Drove,25,nominal
R_1OdxUx4etVKXU5P,Few,Drove,12,nominal
R_2ZPTY6toez2poe3,Few,Drove,25,nominal
R_PFfSAA66cPezMpX,Few,Drove,100,nominal
R_3DqKWwED2UFlhXZ,Few,Drove,3,nominal
R_2zik6ddjEsZJ02W,Few,Sandwich,15,nominal
R_3ffVSYaxgS9KqcE,Few,Sandwich,10,nominal
R_2X1dP9x065Hgeuv,Few,WorkLate,10,nominal
R_1C8UNcZT00QROmI,Few,WorkLate,3,nominal
R_3n3smVeWWj4UAYs,Few,WorkLate,5,nominal
R_5sts3ooiXVlIFC9,Few,WorkLate,5,nominal
R_1pW3c7IfxN2CS88,Few,WorkLate,4,nominal
R_33kb0O4YTytEVvR,Few,WorkLate,5,nominal
R_1kS42JTuYeReePh,Few,WorkLate,9,nominal
R_OOJS1mxrgu5CKfT,Few,WorkLate,25,nominal
R_3QDDWUDPZyWuGec,Few,BedLate,23,nominal
R_3lxbBDINrtPd7bh,Few,BedLate,18,nominal
R_3MuhqGDDyIqvFJO,Few,BedLate,8,nominal
R_QoCvLCl8HfEjU7n,Few,BedLate,20,nominal
R_2qjxAoraJEOKzDn,Few,BedLate,15,nominal
R_3qxk6WiB25hl9Pq,Few,BedLate,5,nominal
R_R497qlkc82CEndf,Few,BedLate,14,nominal
R_1E5Rv8jFsBIDZTC,Few,BedLate,20,nominal
R_Dq5FYS475kKrSGB,Few,BedLate,20,nominal
R_2PmO4eF2wcwnT12,Few,BedLate,3,nominal
R_vJktymUlSKnemk1,Few,Pizza,15,nominal
R_3I3M2KmMonmKDrP,Few,Pizza,3,nominal
R_12tcd9NEJvlSmHi,Few,Pizza,28,nominal
R_2VKG04Is9dSJKjY,Few,Pizza,10,nominal
R_3fPk2lM0McOnCsg,Few,Pizza,15,nominal
R_32LU5YicYKqYYpg,Few,Pizza,20,nominal
R_3hEktvRBxbFVGsr,Few,Pizza,17,nominal
R_1Fbta2B3hpsq0BJ,Few,Pizza,5,nominal
R_1eKnZH0US6Df6Ci,Few,Pizza,15,nominal
R_3G26ADt8V3GzlkU,Few,Pizza,15,nominal
R_1GDoqSkMonZKTyz,Few,Pizza,18,nominal
R_2ON4qTZSuvNRZu8,Few,Biked,11,nominal
R_ssYaHnG1cjYnnVv,Few,Biked,26,nominal
R_30bIdi2D1ii9GVD,Few,Biked,30,nominal
R_1CDOAHurgvK47g4,Few,Biked,20,nominal
R_0jRJ7zTB9ikDMd3,Few,Biked,14,nominal
R_enYtz0rCKFrhozf,Few,Biked,10,nominal
R_29jqJzLbLEHqiRq,Few,Biked,8,nominal
R_1NeHiRiMXxkbGKc,Few,Biked,3,nominal
R_27DbJS8uJN6UQvB,Few,Biked,8,nominal
R_1g1Grlq3jIg5DNS,No,Grocery,0,nominal
R_3Rav0jNbMETPZ1x,No,Grocery,0,nominal
R_3J2FZKgCmfXGwMU,No,Grocery,0,nominal
R_szGCjMqkpvXBWzD,No,Grocery,0,nominal
R_ssYaHnG1cjYnnVv,No,Grocery,0,nominal
R_30bIdi2D1ii9GVD,No,Grocery,0,nominal
R_1pW3c7IfxN2CS88,No,Grocery,0,nominal
R_1kS42JTuYeReePh,No,Grocery,0,nominal
R_1flVmTOoBCZrPKO,No,Grocery,0,nominal
R_DvK4zz0BWlJpak9,No,Grocery,0,nominal
R_1PTLsCc2LYdwQvE,No,Grocery,72,nominal
R_3I3M2KmMonmKDrP,No,Early,0,nominal
R_3fdCbAT87GMs2lT,No,Early,0,nominal
R_1DwkaAEg9awnEwA,No,Early,0,nominal
R_33kb0O4YTytEVvR,No,Early,0,nominal
R_3DqKWwED2UFlhXZ,No,Early,0,nominal
R_3lxbBDINrtPd7bh,No,Teeth,0,nominal
R_uy7omZ3GrpcjSMN,No,Teeth,0,nominal
R_1C8UNcZT00QROmI,No,Teeth,0,nominal
R_29uL20C58VoAbPa,No,Teeth,0,nominal
R_3ffVSYaxgS9KqcE,No,Teeth,0,nominal
R_2aDh0mxzFXtU4jc,No,Jog,0,nominal
R_23UG1CxPjZjEDR3,No,Jog,0,nominal
R_2zVd1AZbv4NmTY6,No,Jog,0,nominal
R_12tcd9NEJvlSmHi,No,Jog,0,nominal
R_3fPk2lM0McOnCsg,No,Jog,0,nominal
R_1f1apA3MVboLMXZ,No,Jog,0,nominal
R_PFfSAA66cPezMpX,No,Jog,0,nominal
R_enYtz0rCKFrhozf,No,Jog,0,nominal
R_1r9dqpjoJPXY037,No,Jog,0,nominal
R_OOJS1mxrgu5CKfT,No,Jog,0,nominal
R_3O7FcaqmyGiJJSZ,No,Jog,0,nominal
R_3QDDWUDPZyWuGec,No,Eggs,0,nominal
R_3qxk6WiB25hl9Pq,No,Eggs,0,nominal
R_3n3smVeWWj4UAYs,No,Eggs,0,nominal
R_0lhhtbFrSoG6gbn,No,Eggs,0,nominal
R_2WxnEuidthKbsKN,No,Eggs,0,nominal
R_OesOGNdqtshNos1,No,Eggs,0,nominal
R_1OdxUx4etVKXU5P,No,Eggs,0,nominal
R_1NeHiRiMXxkbGKc,No,Eggs,0,nominal
R_2PmO4eF2wcwnT12,No,Eggs,0,nominal
R_12xzMRiTJcXjInp,No,Drove,0,nominal
R_3Dqj5p1ssPIlGKL,No,Drove,0,nominal
R_0jRJ7zTB9ikDMd3,No,Drove,0,nominal
R_R497qlkc82CEndf,No,Drove,0,nominal
R_3nSZxmWmqPy0A1g,No,Drove,33,nominal
R_27DbJS8uJN6UQvB,No,Drove,0,nominal
R_vJktymUlSKnemk1,No,Sandwich,0,nominal
R_3fZWEYYHxtMdUAg,No,Sandwich,0,nominal
R_2qjxAoraJEOKzDn,No,Sandwich,0,nominal
R_32LU5YicYKqYYpg,No,Sandwich,0,nominal
R_31NHydE9P9E3f7k,No,Sandwich,0,nominal
R_2v6NJdyXqqmmLoP,No,Sandwich,0,nominal
R_1Fbta2B3hpsq0BJ,No,Sandwich,0,nominal
R_1GwubuGqItW30lw,No,Sandwich,0,nominal
R_1eP5xKnSIojVfn1,No,Sandwich,0,nominal
R_1M4lpNZJsCm0jyQ,No,WorkLate,0,nominal
R_2ON4qTZSuvNRZu8,No,WorkLate,0,nominal
R_eJSSt9eyL2J2Evf,No,WorkLate,0,nominal
R_2VKG04Is9dSJKjY,No,WorkLate,0,nominal
R_2PAlpUdSqezDBNC,No,WorkLate,0,nominal
R_2zik6ddjEsZJ02W,No,WorkLate,0,nominal
R_2rut8nDyWcZHSVW,No,WorkLate,0,nominal
R_2ZPTY6toez2poe3,No,WorkLate,100,nominal
R_sdHoKhDkbSIuUw1,No,WorkLate,0,nominal
R_2TYIdmWpU9VjlbY,No,WorkLate,0,nominal
R_3nOwEpUNPx3tepC,No,WorkLate,0,nominal
R_1GDoqSkMonZKTyz,No,WorkLate,0,nominal
R_2hk4mUrAfaVivmx,No,BedLate,0,nominal
R_1CDOAHurgvK47g4,No,BedLate,0,nominal
R_zcWfflOQ9azjPxf,No,BedLate,0,nominal
R_3qW2OZXgfQz3Fq0,No,BedLate,0,nominal
R_3hEktvRBxbFVGsr,No,BedLate,0,nominal
R_ablB9VHx3JX4TXr,No,BedLate,0,nominal
R_2QX5KbqoneA3prx,No,BedLate,0,nominal
R_1jChGLGRiJKZcHQ,No,BedLate,0,nominal
R_29jqJzLbLEHqiRq,No,BedLate,0,nominal
R_1eKnZH0US6Df6Ci,No,BedLate,0,nominal
R_QoCvLCl8HfEjU7n,No,Pizza,0,nominal
R_2X1dP9x065Hgeuv,No,Pizza,0,nominal
R_3NMSOdNzFrvvk3f,No,Pizza,0,nominal
R_1d3PfgdXsF6dWWJ,No,Pizza,0,nominal
R_1mUFZZOpLOnLl0J,No,Pizza,0,nominal
R_2U5b1A4z4ZjIabg,No,Pizza,0,nominal
R_1ONzt1q6Rzm2YDp,No,Pizza,0,nominal
R_UDZ07ep4B9iV6N3,No,Pizza,0,nominal
R_3MuhqGDDyIqvFJO,No,Biked,0,nominal
R_3NzdaAOA9yVMcVg,No,Biked,0,nominal
R_1Km3oyJg9Fu9IBj,No,Biked,0,nominal
R_1QGuQHCy72wsRbh,No,Biked,0,nominal
R_PYEnzxgg3FXqtTH,No,Biked,0,nominal
R_3EE8NbxqWIZhy10,No,Biked,0,nominal
R_5sts3ooiXVlIFC9,No,Biked,0,nominal
R_3NxpdT3EBJbzPkO,No,Biked,0,nominal
R_31bIiSjCTFcVYN3,No,Biked,0,nominal
R_1E5Rv8jFsBIDZTC,No,Biked,0,nominal
R_80Jskq8Na8PcOAx,No,Biked,0,nominal
R_2EzNQjjo7gjXe0p,No,Biked,0,nominal
R_3G26ADt8V3GzlkU,No,Biked,0,nominal
R_Dq5FYS475kKrSGB,No,Biked,0,nominal
R_3EEEANx1Upscx0s,Always,Grocery,100,adverbial
R_byMHBAmeyRuWdCp,Always,Grocery,100,adverbial
R_323WJol6BzgGlOL,Always,Grocery,100,adverbial
R_RPH1EOjr0YRgVYR,Always,Grocery,100,adverbial
R_3ITeXM3FzvMBRZP,Always,Grocery,98,adverbial
R_2dmTWLs5MPtFYp5,Always,Grocery,100,adverbial
R_3fCaMuD8MtHi2ip,Always,Grocery,100,adverbial
R_1cZJF0IHO5CHlaU,Always,Grocery,100,adverbial
R_3e9LVaiGfB96MLx,Always,Grocery,100,adverbial
R_2X1oloDfw3PikUY,Always,Grocery,100,adverbial
R_334jIRiHB2W2q9l,Always,Grocery,100,adverbial
R_3OlhlAO5YNnJtPd,Always,Early,100,adverbial
R_2xVO1lGVvZLkPJ0,Always,Early,89,adverbial
R_323WFhQWVOYMwQW,Always,Early,100,adverbial
R_3RrQ7yTufNrK59S,Always,Early,100,adverbial
R_3hfnJdH1akiAsOa,Always,Early,95,adverbial
R_33dyioEMnOsHOfn,Always,Early,100,adverbial
R_3PMgzWgQu5SXNeP,Always,Early,100,adverbial
R_2wuJcGLWXp7FZIt,Always,Early,100,adverbial
R_23eK9SYvpCewLm5,Always,Early,100,adverbial
R_1g285r5vRlKzY8B,Always,Early,100,adverbial
R_2DNNEGnUNyZ4DN5,Always,Early,100,adverbial
R_1mgCX08LAcnza9d,Always,Early,100,adverbial
R_1rkxQT2rBX42XJ7,Always,Early,99,adverbial
R_1cStgQRsEUFOcji,Always,Early,100,adverbial
R_1NlHPIlQ8XLKMcJ,Always,Early,100,adverbial
R_3huMf6Pwf3ytl8O,Always,Early,100,adverbial
R_1Cw6pWBp2PisyyU,Always,Teeth,100,adverbial
R_7OJuhSpNsUZCRah,Always,Teeth,100,adverbial
R_1HkmRYrOOMnQ3RK,Always,Teeth,100,adverbial
R_233iJ9JsVwtcD6J,Always,Teeth,100,adverbial
R_ZkPYU3Om1QjuNrz,Always,Teeth,100,adverbial
R_3syDKgTzqsDCkdX,Always,Teeth,100,adverbial
R_2Cs0Hw7jx0IqiMj,Always,Teeth,100,adverbial
R_2rjfQUZPO4oVEHT,Always,Jog,100,adverbial
R_1rvIb0XXKFZhsOM,Always,Jog,100,adverbial
R_819NUUX3ZBdrHjj,Always,Jog,100,adverbial
R_2R1XKerynhqTFk1,Always,Jog,100,adverbial
R_2wBro9nPWTNKcOq,Always,Jog,100,adverbial
R_2Y4CWLeshbkhvU7,Always,Jog,100,adverbial
R_333ZdVXY3kk5h3z,Always,Jog,100,adverbial
R_3R7yG2ySR2msZb8,Always,Jog,100,adverbial
R_3niQLTCHGWskfZz,Always,Jog,100,adverbial
R_6rl1l30EL8taGzf,Always,Jog,100,adverbial
R_2fqSZ18ZD2dtAwo,Always,Eggs,100,adverbial
R_a3i5Xv65B9tpRVD,Always,Eggs,100,adverbial
R_110hXjfaWyuP0QM,Always,Eggs,100,adverbial
R_3HzbZpaOcdd38BX,Always,Eggs,100,adverbial
R_3qBBtcFyDqBIcNc,Always,Eggs,100,adverbial
R_2dL03Nr5RQJpEY9,Always,Eggs,100,adverbial
R_1LtBoHp9ssep6s5,Always,Eggs,100,adverbial
R_3exaFcfrOHi98a1,Always,Eggs,100,adverbial
R_1MRhIUpU1Hg1ccl,Always,Eggs,100,adverbial
R_TnN7VLYMuAMBLMZ,Always,Drove,100,adverbial
R_30jiFD4kfaGTU3s,Always,Drove,100,adverbial
R_3OdkwRwAzncPv5q,Always,Drove,100,adverbial
R_31ioaIKMreOkPIG,Always,Drove,100,adverbial
R_2t9kjZb3IMU3ckd,Always,Drove,100,adverbial
R_10CKoJFbGLQYWhs,Always,Drove,100,adverbial
R_123BAm0YCpgSmn0,Always,Sandwich,95,adverbial
R_2UYKSoUOFbj5usf,Always,Sandwich,100,adverbial
R_32Yrsez4zsR4Suv,Always,Sandwich,100,adverbial
R_AKSynpWnTqSZi6Z,Always,Sandwich,100,adverbial
R_DwMtIHTxEs3gne1,Always,Sandwich,100,adverbial
R_bfKRhkPutmbe6aJ,Always,Sandwich,100,adverbial
R_6fe1jqYhJl3n3Et,Always,Sandwich,100,adverbial
R_3e9sI8gVhIyL7VP,Always,Sandwich,100,adverbial
R_1IQ9Mz7mQ2htaCk,Always,Sandwich,100,adverbial
R_1n2XjK1wna5fNkh,Always,WorkLate,100,adverbial
R_1P8cM5NPLjZXqJy,Always,WorkLate,100,adverbial
R_24u8FrmrZuvj9eB,Always,WorkLate,100,adverbial
R_3JfKKG4Tsl8JbyO,Always,WorkLate,100,adverbial
R_24waXJPgMIfJqLr,Always,WorkLate,100,adverbial
R_3PgAxvJoJ1KbXYz,Always,WorkLate,100,adverbial
R_3fVI3jZl7u04BEE,Always,WorkLate,0,adverbial
R_3DiIpjXn2rzxYUN,Always,BedLate,100,adverbial
R_3Ev96PHgfwkK6o9,Always,BedLate,100,adverbial
R_RrdUmb6HWM2V6kF,Always,BedLate,100,adverbial
R_3DWvDgPIUOF5gBj,Always,BedLate,90,adverbial
R_0I2uycAwbkkA3oR,Always,BedLate,100,adverbial
R_RmJMdRKbEDCymWt,Always,BedLate,100,adverbial
R_28Idt9lUdQPp9OG,Always,BedLate,100,adverbial
R_1mQ4uXwObJQPYxC,Always,BedLate,100,adverbial
R_1DUuVT6W4Uejgeh,Always,BedLate,100,adverbial
R_xhcGrJTwRvy6N5D,Always,BedLate,100,adverbial
R_3030MIE2xx56pMJ,Always,Pizza,95,adverbial
R_1BOQ96esHUQIBaI,Always,Pizza,100,adverbial
R_qyFT7M0RllTMSY1,Always,Pizza,100,adverbial
R_UL0sOnmhxykfsUF,Always,Pizza,95,adverbial
R_1FePAXKE1V39Dvh,Always,Pizza,100,adverbial
R_ULQcmQ5S5uHMZs5,Always,Biked,100,adverbial
R_1QhM4gVBCLII9Bh,Always,Biked,100,adverbial
R_3oNIvL6zXofjai2,Always,Biked,100,adverbial
R_1psYWFkJGB2eQ2l,Always,Biked,85,adverbial
R_pRyGXNJQY742b3X,Always,Biked,100,adverbial
R_2tJYtqjtuvgoUk6,Always,Biked,100,adverbial
R_1Cw6pWBp2PisyyU,Usually,Grocery,73,adverbial
R_TnN7VLYMuAMBLMZ,Usually,Grocery,50,adverbial
R_7OJuhSpNsUZCRah,Usually,Grocery,52,adverbial
R_qyFT7M0RllTMSY1,Usually,Grocery,81,adverbial
R_1P8cM5NPLjZXqJy,Usually,Grocery,80,adverbial
R_2wuJcGLWXp7FZIt,Usually,Grocery,70,adverbial
R_DwMtIHTxEs3gne1,Usually,Grocery,75,adverbial
R_1n2XjK1wna5fNkh,Usually,Early,63,adverbial
R_2fqSZ18ZD2dtAwo,Usually,Early,69,adverbial
R_3030MIE2xx56pMJ,Usually,Early,83,adverbial
R_a3i5Xv65B9tpRVD,Usually,Early,82,adverbial
R_1HkmRYrOOMnQ3RK,Usually,Early,90,adverbial
R_3ITeXM3FzvMBRZP,Usually,Early,82,adverbial
R_6fe1jqYhJl3n3Et,Usually,Early,81,adverbial
R_334jIRiHB2W2q9l,Usually,Early,74,adverbial
R_2tJYtqjtuvgoUk6,Usually,Early,85,adverbial
R_31ioaIKMreOkPIG,Usually,Teeth,95,adverbial
R_3DWvDgPIUOF5gBj,Usually,Teeth,95,adverbial
R_3oNIvL6zXofjai2,Usually,Teeth,100,adverbial
R_2Y4CWLeshbkhvU7,Usually,Teeth,90,adverbial
R_10CKoJFbGLQYWhs,Usually,Teeth,91,adverbial
R_3JfKKG4Tsl8JbyO,Usually,Teeth,95,adverbial
R_byMHBAmeyRuWdCp,Usually,Jog,90,adverbial
R_UL0sOnmhxykfsUF,Usually,Jog,68,adverbial
R_3HzbZpaOcdd38BX,Usually,Jog,50,adverbial
R_3e9LVaiGfB96MLx,Usually,Jog,80,adverbial
R_1mgCX08LAcnza9d,Usually,Jog,93,adverbial
R_1rkxQT2rBX42XJ7,Usually,Jog,34,adverbial
R_3e9sI8gVhIyL7VP,Usually,Jog,84,adverbial
R_1LtBoHp9ssep6s5,Usually,Jog,75,adverbial
R_1MRhIUpU1Hg1ccl,Usually,Jog,74,adverbial
R_1QhM4gVBCLII9Bh,Usually,Eggs,89,adverbial
R_3hfnJdH1akiAsOa,Usually,Eggs,79,adverbial
R_2R1XKerynhqTFk1,Usually,Eggs,80,adverbial
R_3R7yG2ySR2msZb8,Usually,Eggs,86,adverbial
R_2DNNEGnUNyZ4DN5,Usually,Eggs,88,adverbial
R_2X1oloDfw3PikUY,Usually,Eggs,85,adverbial
R_3Ev96PHgfwkK6o9,Usually,Drove,90,adverbial
R_2UYKSoUOFbj5usf,Usually,Drove,80,adverbial
R_33dyioEMnOsHOfn,Usually,Drove,95,adverbial
R_2dL03Nr5RQJpEY9,Usually,Drove,90,adverbial
R_1NlHPIlQ8XLKMcJ,Usually,Drove,90,adverbial
R_3exaFcfrOHi98a1,Usually,Drove,73,adverbial
R_pRyGXNJQY742b3X,Usually,Drove,85,adverbial
R_xhcGrJTwRvy6N5D,Usually,Drove,70,adverbial
R_3DiIpjXn2rzxYUN,Usually,Sandwich,50,adverbial
R_323WJol6BzgGlOL,Usually,Sandwich,85,adverbial
R_0I2uycAwbkkA3oR,Usually,Sandwich,75,adverbial
R_2wBro9nPWTNKcOq,Usually,Sandwich,75,adverbial
R_RmJMdRKbEDCymWt,Usually,Sandwich,50,adverbial
R_233iJ9JsVwtcD6J,Usually,Sandwich,80,adverbial
R_3PMgzWgQu5SXNeP,Usually,Sandwich,95,adverbial
R_1FePAXKE1V39Dvh,Usually,Sandwich,70,adverbial
R_28Idt9lUdQPp9OG,Usually,Sandwich,90,adverbial
R_3qBBtcFyDqBIcNc,Usually,Sandwich,85,adverbial
R_1mQ4uXwObJQPYxC,Usually,Sandwich,80,adverbial
R_1cStgQRsEUFOcji,Usually,Sandwich,77,adverbial
R_24waXJPgMIfJqLr,Usually,Sandwich,84,adverbial
R_ULQcmQ5S5uHMZs5,Usually,WorkLate,84,adverbial
R_RrdUmb6HWM2V6kF,Usually,WorkLate,100,adverbial
R_32Yrsez4zsR4Suv,Usually,WorkLate,92,adverbial
R_AKSynpWnTqSZi6Z,Usually,WorkLate,82,adverbial
R_1g285r5vRlKzY8B,Usually,WorkLate,79,adverbial
R_1IQ9Mz7mQ2htaCk,Usually,WorkLate,75,adverbial
R_2Cs0Hw7jx0IqiMj,Usually,WorkLate,65,adverbial
R_3OlhlAO5YNnJtPd,Usually,BedLate,78,adverbial
R_3EEEANx1Upscx0s,Usually,BedLate,87,adverbial
R_2t9kjZb3IMU3ckd,Usually,BedLate,80,adverbial
R_24u8FrmrZuvj9eB,Usually,BedLate,50,adverbial
R_123BAm0YCpgSmn0,Usually,Pizza,60,adverbial
R_30jiFD4kfaGTU3s,Usually,Pizza,40,adverbial
R_2rjfQUZPO4oVEHT,Usually,Pizza,80,adverbial
R_3OdkwRwAzncPv5q,Usually,Pizza,70,adverbial
R_819NUUX3ZBdrHjj,Usually,Pizza,73,adverbial
R_RPH1EOjr0YRgVYR,Usually,Pizza,74,adverbial
R_1psYWFkJGB2eQ2l,Usually,Pizza,27,adverbial
R_1cZJF0IHO5CHlaU,Usually,Pizza,84,adverbial
R_bfKRhkPutmbe6aJ,Usually,Pizza,80,adverbial
R_1DUuVT6W4Uejgeh,Usually,Pizza,81,adverbial
R_3fVI3jZl7u04BEE,Usually,Pizza,0,adverbial
R_2xVO1lGVvZLkPJ0,Usually,Biked,79,adverbial
R_323WFhQWVOYMwQW,Usually,Biked,85,adverbial
R_110hXjfaWyuP0QM,Usually,Biked,75,adverbial
R_1BOQ96esHUQIBaI,Usually,Biked,70,adverbial
R_1rvIb0XXKFZhsOM,Usually,Biked,76,adverbial
R_3RrQ7yTufNrK59S,Usually,Biked,50,adverbial
R_2dmTWLs5MPtFYp5,Usually,Biked,65,adverbial
R_23eK9SYvpCewLm5,Usually,Biked,80,adverbial
R_333ZdVXY3kk5h3z,Usually,Biked,90,adverbial
R_3niQLTCHGWskfZz,Usually,Biked,99,adverbial
R_3fCaMuD8MtHi2ip,Usually,Biked,83,adverbial
R_6rl1l30EL8taGzf,Usually,Biked,55,adverbial
R_ZkPYU3Om1QjuNrz,Usually,Biked,90,adverbial
R_3syDKgTzqsDCkdX,Usually,Biked,75,adverbial
R_3huMf6Pwf3ytl8O,Usually,Biked,75,adverbial
R_3PgAxvJoJ1KbXYz,Usually,Biked,90,adverbial
R_2rjfQUZPO4oVEHT,Mostly,Grocery,80,adverbial
R_1BOQ96esHUQIBaI,Mostly,Grocery,18,adverbial
R_3DWvDgPIUOF5gBj,Mostly,Grocery,79,adverbial
R_0I2uycAwbkkA3oR,Mostly,Grocery,90,adverbial
R_233iJ9JsVwtcD6J,Mostly,Grocery,65,adverbial
R_10CKoJFbGLQYWhs,Mostly,Grocery,57,adverbial
R_1cStgQRsEUFOcji,Mostly,Grocery,70,adverbial
R_2dL03Nr5RQJpEY9,Mostly,Grocery,75,adverbial
R_2dmTWLs5MPtFYp5,Mostly,Early,75,adverbial
R_3fCaMuD8MtHi2ip,Mostly,Early,90,adverbial
R_2X1oloDfw3PikUY,Mostly,Early,80,adverbial
R_bfKRhkPutmbe6aJ,Mostly,Early,80,adverbial
R_TnN7VLYMuAMBLMZ,Mostly,Teeth,80,adverbial
R_323WFhQWVOYMwQW,Mostly,Teeth,31,adverbial
R_3RrQ7yTufNrK59S,Mostly,Teeth,75,adverbial
R_2wBro9nPWTNKcOq,Mostly,Teeth,60,adverbial
R_RmJMdRKbEDCymWt,Mostly,Teeth,100,adverbial
R_33dyioEMnOsHOfn,Mostly,Teeth,95,adverbial
R_UL0sOnmhxykfsUF,Mostly,Teeth,85,adverbial
R_333ZdVXY3kk5h3z,Mostly,Teeth,94,adverbial
R_AKSynpWnTqSZi6Z,Mostly,Teeth,65,adverbial
R_28Idt9lUdQPp9OG,Mostly,Teeth,94,adverbial
R_1rkxQT2rBX42XJ7,Mostly,Teeth,84,adverbial
R_3e9sI8gVhIyL7VP,Mostly,Teeth,92,adverbial
R_24u8FrmrZuvj9eB,Mostly,Teeth,70,adverbial
R_3exaFcfrOHi98a1,Mostly,Teeth,93,adverbial
R_3Ev96PHgfwkK6o9,Mostly,Jog,95,adverbial
R_3030MIE2xx56pMJ,Mostly,Jog,84,adverbial
R_123BAm0YCpgSmn0,Mostly,Jog,60,adverbial
R_1psYWFkJGB2eQ2l,Mostly,Jog,70,adverbial
R_1P8cM5NPLjZXqJy,Mostly,Jog,75,adverbial
R_3qBBtcFyDqBIcNc,Mostly,Jog,82,adverbial
R_3syDKgTzqsDCkdX,Mostly,Jog,82,adverbial
R_2Cs0Hw7jx0IqiMj,Mostly,Jog,70,adverbial
R_1Cw6pWBp2PisyyU,Mostly,Eggs,78,adverbial
R_7OJuhSpNsUZCRah,Mostly,Eggs,90,adverbial
R_1HkmRYrOOMnQ3RK,Mostly,Eggs,65,adverbial
R_323WJol6BzgGlOL,Mostly,Eggs,80,adverbial
R_1FePAXKE1V39Dvh,Mostly,Eggs,80,adverbial
R_1mQ4uXwObJQPYxC,Mostly,Eggs,80,adverbial
R_24waXJPgMIfJqLr,Mostly,Eggs,90,adverbial
R_xhcGrJTwRvy6N5D,Mostly,Eggs,75,adverbial
R_3PgAxvJoJ1KbXYz,Mostly,Eggs,88,adverbial
R_110hXjfaWyuP0QM,Mostly,Drove,80,adverbial
R_1rvIb0XXKFZhsOM,Mostly,Drove,100,adverbial
R_819NUUX3ZBdrHjj,Mostly,Drove,82,adverbial
R_3R7yG2ySR2msZb8,Mostly,Drove,90,adverbial
R_1g285r5vRlKzY8B,Mostly,Drove,64,adverbial
R_ZkPYU3Om1QjuNrz,Mostly,Drove,75,adverbial
R_3JfKKG4Tsl8JbyO,Mostly,Drove,85,adverbial
R_1DUuVT6W4Uejgeh,Mostly,Drove,71,adverbial
R_3OlhlAO5YNnJtPd,Mostly,Sandwich,67,adverbial
R_2xVO1lGVvZLkPJ0,Mostly,Sandwich,70,adverbial
R_3hfnJdH1akiAsOa,Mostly,Sandwich,85,adverbial
R_2R1XKerynhqTFk1,Mostly,Sandwich,95,adverbial
R_2t9kjZb3IMU3ckd,Mostly,Sandwich,70,adverbial
R_3niQLTCHGWskfZz,Mostly,Sandwich,79,adverbial
R_6rl1l30EL8taGzf,Mostly,Sandwich,65,adverbial
R_pRyGXNJQY742b3X,Mostly,Sandwich,90,adverbial
R_1MRhIUpU1Hg1ccl,Mostly,Sandwich,77,adverbial
R_334jIRiHB2W2q9l,Mostly,Sandwich,80,adverbial
R_2fqSZ18ZD2dtAwo,Mostly,WorkLate,70,adverbial
R_30jiFD4kfaGTU3s,Mostly,WorkLate,57,adverbial
R_3EEEANx1Upscx0s,Mostly,WorkLate,78,adverbial
R_byMHBAmeyRuWdCp,Mostly,WorkLate,65,adverbial
R_qyFT7M0RllTMSY1,Mostly,WorkLate,95,adverbial
R_3oNIvL6zXofjai2,Mostly,WorkLate,85,adverbial
R_1NlHPIlQ8XLKMcJ,Mostly,WorkLate,70,adverbial
R_3OdkwRwAzncPv5q,Mostly,BedLate,75,adverbial
R_1QhM4gVBCLII9Bh,Mostly,BedLate,90,adverbial
R_RPH1EOjr0YRgVYR,Mostly,BedLate,80,adverbial
R_2UYKSoUOFbj5usf,Mostly,BedLate,60,adverbial
R_2Y4CWLeshbkhvU7,Mostly,BedLate,94,adverbial
R_3ITeXM3FzvMBRZP,Mostly,BedLate,56,adverbial
R_32Yrsez4zsR4Suv,Mostly,BedLate,77,adverbial
R_3HzbZpaOcdd38BX,Mostly,BedLate,90,adverbial
R_6fe1jqYhJl3n3Et,Mostly,BedLate,85,adverbial
R_3huMf6Pwf3ytl8O,Mostly,BedLate,85,adverbial
R_3fVI3jZl7u04BEE,Mostly,BedLate,22,adverbial
R_ULQcmQ5S5uHMZs5,Mostly,Pizza,92,adverbial
R_3PMgzWgQu5SXNeP,Mostly,Pizza,90,adverbial
R_23eK9SYvpCewLm5,Mostly,Pizza,85,adverbial
R_3e9LVaiGfB96MLx,Mostly,Pizza,80,adverbial
R_DwMtIHTxEs3gne1,Mostly,Pizza,78,adverbial
R_1LtBoHp9ssep6s5,Mostly,Pizza,55,adverbial
R_2tJYtqjtuvgoUk6,Mostly,Pizza,80,adverbial
R_1n2XjK1wna5fNkh,Mostly,Biked,67,adverbial
R_3DiIpjXn2rzxYUN,Mostly,Biked,87,adverbial
R_RrdUmb6HWM2V6kF,Mostly,Biked,100,adverbial
R_a3i5Xv65B9tpRVD,Mostly,Biked,77,adverbial
R_31ioaIKMreOkPIG,Mostly,Biked,90,adverbial
R_2wuJcGLWXp7FZIt,Mostly,Biked,90,adverbial
R_1cZJF0IHO5CHlaU,Mostly,Biked,82,adverbial
R_2DNNEGnUNyZ4DN5,Mostly,Biked,93,adverbial
R_1mgCX08LAcnza9d,Mostly,Biked,85,adverbial
R_1IQ9Mz7mQ2htaCk,Mostly,Biked,88,adverbial
R_1n2XjK1wna5fNkh,Often,Grocery,67,adverbial
R_123BAm0YCpgSmn0,Often,Grocery,70,adverbial
R_110hXjfaWyuP0QM,Often,Grocery,65,adverbial
R_1HkmRYrOOMnQ3RK,Often,Grocery,50,adverbial
R_1FePAXKE1V39Dvh,Often,Grocery,85,adverbial
R_6rl1l30EL8taGzf,Often,Grocery,70,adverbial
R_1g285r5vRlKzY8B,Often,Grocery,69,adverbial
R_2DNNEGnUNyZ4DN5,Often,Grocery,75,adverbial
R_1rkxQT2rBX42XJ7,Often,Grocery,79,adverbial
R_1MRhIUpU1Hg1ccl,Often,Grocery,76,adverbial
R_1IQ9Mz7mQ2htaCk,Often,Grocery,70,adverbial
R_3DiIpjXn2rzxYUN,Often,Early,61,adverbial
R_2rjfQUZPO4oVEHT,Often,Early,80,adverbial
R_1QhM4gVBCLII9Bh,Often,Early,81,adverbial
R_1rvIb0XXKFZhsOM,Often,Early,85,adverbial
R_2R1XKerynhqTFk1,Often,Early,95,adverbial
R_1psYWFkJGB2eQ2l,Often,Early,70,adverbial
R_28Idt9lUdQPp9OG,Often,Early,90,adverbial
R_3JfKKG4Tsl8JbyO,Often,Early,85,adverbial
R_ULQcmQ5S5uHMZs5,Often,Teeth,94,adverbial
R_3Ev96PHgfwkK6o9,Often,Teeth,100,adverbial
R_3030MIE2xx56pMJ,Often,Teeth,83,adverbial
R_byMHBAmeyRuWdCp,Often,Teeth,80,adverbial
R_1BOQ96esHUQIBaI,Often,Teeth,75,adverbial
R_qyFT7M0RllTMSY1,Often,Teeth,92,adverbial
R_819NUUX3ZBdrHjj,Often,Teeth,75,adverbial
R_32Yrsez4zsR4Suv,Often,Teeth,93,adverbial
R_23eK9SYvpCewLm5,Often,Teeth,75,adverbial
R_1LtBoHp9ssep6s5,Often,Teeth,80,adverbial
R_1DUuVT6W4Uejgeh,Often,Teeth,75,adverbial
R_2fqSZ18ZD2dtAwo,Often,Jog,81,adverbial
R_RPH1EOjr0YRgVYR,Often,Jog,59,adverbial
R_3ITeXM3FzvMBRZP,Often,Jog,70,adverbial
R_2wuJcGLWXp7FZIt,Often,Jog,80,adverbial
R_2dmTWLs5MPtFYp5,Often,Jog,58,adverbial
R_AKSynpWnTqSZi6Z,Often,Jog,73,adverbial
R_1cStgQRsEUFOcji,Often,Jog,59,adverbial
R_xhcGrJTwRvy6N5D,Often,Jog,70,adverbial
R_3fVI3jZl7u04BEE,Often,Jog,10,adverbial
R_323WFhQWVOYMwQW,Often,Eggs,85,adverbial
R_3e9sI8gVhIyL7VP,Often,Eggs,75,adverbial
R_334jIRiHB2W2q9l,Often,Eggs,85,adverbial
R_2xVO1lGVvZLkPJ0,Often,Drove,66,adverbial
R_RrdUmb6HWM2V6kF,Often,Drove,100,adverbial
R_3oNIvL6zXofjai2,Often,Drove,65,adverbial
R_3RrQ7yTufNrK59S,Often,Drove,67,adverbial
R_3hfnJdH1akiAsOa,Often,Drove,80,adverbial
R_233iJ9JsVwtcD6J,Often,Drove,100,adverbial
R_3niQLTCHGWskfZz,Often,Drove,94,adverbial
R_1mgCX08LAcnza9d,Often,Drove,93,adverbial
R_bfKRhkPutmbe6aJ,Often,Drove,7,adverbial
R_2tJYtqjtuvgoUk6,Often,Drove,70,adverbial
R_7OJuhSpNsUZCRah,Often,Sandwich,90,adverbial
R_3EEEANx1Upscx0s,Often,Sandwich,52,adverbial
R_1P8cM5NPLjZXqJy,Often,Sandwich,79,adverbial
R_1cZJF0IHO5CHlaU,Often,Sandwich,64,adverbial
R_3HzbZpaOcdd38BX,Often,Sandwich,80,adverbial
R_2X1oloDfw3PikUY,Often,Sandwich,70,adverbial
R_3syDKgTzqsDCkdX,Often,Sandwich,70,adverbial
R_24u8FrmrZuvj9eB,Often,Sandwich,50,adverbial
R_3exaFcfrOHi98a1,Often,Sandwich,100,adverbial
R_TnN7VLYMuAMBLMZ,Often,WorkLate,70,adverbial
R_3OdkwRwAzncPv5q,Often,WorkLate,50,adverbial
R_31ioaIKMreOkPIG,Often,WorkLate,80,adverbial
R_2wBro9nPWTNKcOq,Often,WorkLate,46,adverbial
R_2UYKSoUOFbj5usf,Often,WorkLate,63,adverbial
R_RmJMdRKbEDCymWt,Often,WorkLate,70,adverbial
R_2t9kjZb3IMU3ckd,Often,WorkLate,70,adverbial
R_3e9LVaiGfB96MLx,Often,WorkLate,80,adverbial
R_6fe1jqYhJl3n3Et,Often,WorkLate,75,adverbial
R_pRyGXNJQY742b3X,Often,WorkLate,67,adverbial
R_3huMf6Pwf3ytl8O,Often,WorkLate,60,adverbial
R_a3i5Xv65B9tpRVD,Often,BedLate,79,adverbial
R_3R7yG2ySR2msZb8,Often,BedLate,90,adverbial
R_ZkPYU3Om1QjuNrz,Often,BedLate,77,adverbial
R_24waXJPgMIfJqLr,Often,BedLate,82,adverbial
R_3PgAxvJoJ1KbXYz,Often,BedLate,81,adverbial
R_3OlhlAO5YNnJtPd,Often,Pizza,41,adverbial
R_2Y4CWLeshbkhvU7,Often,Pizza,75,adverbial
R_33dyioEMnOsHOfn,Often,Pizza,35,adverbial
R_333ZdVXY3kk5h3z,Often,Pizza,74,adverbial
R_3fCaMuD8MtHi2ip,Often,Pizza,55,adverbial
R_1mQ4uXwObJQPYxC,Often,Pizza,69,adverbial
R_2dL03Nr5RQJpEY9,Often,Pizza,65,adverbial
R_1Cw6pWBp2PisyyU,Often,Biked,61,adverbial
R_30jiFD4kfaGTU3s,Often,Biked,60,adverbial
R_3DWvDgPIUOF5gBj,Often,Biked,90,adverbial
R_323WJol6BzgGlOL,Often,Biked,75,adverbial
R_0I2uycAwbkkA3oR,Often,Biked,70,adverbial
R_3PMgzWgQu5SXNeP,Often,Biked,70,adverbial
R_10CKoJFbGLQYWhs,Often,Biked,64,adverbial
R_UL0sOnmhxykfsUF,Often,Biked,67,adverbial
R_DwMtIHTxEs3gne1,Often,Biked,74,adverbial
R_3qBBtcFyDqBIcNc,Often,Biked,80,adverbial
R_1NlHPIlQ8XLKMcJ,Often,Biked,60,adverbial
R_2Cs0Hw7jx0IqiMj,Often,Biked,60,adverbial
R_2fqSZ18ZD2dtAwo,Freq,Grocery,65,adverbial
R_1rvIb0XXKFZhsOM,Freq,Grocery,75,adverbial
R_819NUUX3ZBdrHjj,Freq,Grocery,68,adverbial
R_3RrQ7yTufNrK59S,Freq,Grocery,76,adverbial
R_3niQLTCHGWskfZz,Freq,Grocery,82,adverbial
R_3HzbZpaOcdd38BX,Freq,Grocery,75,adverbial
R_bfKRhkPutmbe6aJ,Freq,Grocery,14,adverbial
R_24u8FrmrZuvj9eB,Freq,Grocery,70,adverbial
R_1LtBoHp9ssep6s5,Freq,Grocery,85,adverbial
R_24waXJPgMIfJqLr,Freq,Grocery,63,adverbial
R_RrdUmb6HWM2V6kF,Freq,Early,100,adverbial
R_3OdkwRwAzncPv5q,Freq,Early,75,adverbial
R_qyFT7M0RllTMSY1,Freq,Early,83,adverbial
R_2UYKSoUOFbj5usf,Freq,Early,75,adverbial
R_UL0sOnmhxykfsUF,Freq,Early,57,adverbial
R_333ZdVXY3kk5h3z,Freq,Early,82,adverbial
R_1MRhIUpU1Hg1ccl,Freq,Early,84,adverbial
R_3fVI3jZl7u04BEE,Freq,Early,98,adverbial
R_3DiIpjXn2rzxYUN,Freq,Teeth,96,adverbial
R_123BAm0YCpgSmn0,Freq,Teeth,70,adverbial
R_323WJol6BzgGlOL,Freq,Teeth,75,adverbial
R_1cZJF0IHO5CHlaU,Freq,Teeth,84,adverbial
R_1mgCX08LAcnza9d,Freq,Teeth,88,adverbial
R_DwMtIHTxEs3gne1,Freq,Teeth,86,adverbial
R_6fe1jqYhJl3n3Et,Freq,Teeth,90,adverbial
R_1cStgQRsEUFOcji,Freq,Teeth,84,adverbial
R_3huMf6Pwf3ytl8O,Freq,Teeth,80,adverbial
R_1n2XjK1wna5fNkh,Freq,Jog,69,adverbial
R_TnN7VLYMuAMBLMZ,Freq,Jog,60,adverbial
R_7OJuhSpNsUZCRah,Freq,Jog,60,adverbial
R_323WFhQWVOYMwQW,Freq,Jog,8,adverbial
R_3EEEANx1Upscx0s,Freq,Jog,73,adverbial
R_233iJ9JsVwtcD6J,Freq,Jog,75,adverbial
R_1g285r5vRlKzY8B,Freq,Jog,77,adverbial
R_2dL03Nr5RQJpEY9,Freq,Jog,90,adverbial
R_3JfKKG4Tsl8JbyO,Freq,Jog,75,adverbial
R_2tJYtqjtuvgoUk6,Freq,Jog,80,adverbial
R_1IQ9Mz7mQ2htaCk,Freq,Jog,80,adverbial
R_3PgAxvJoJ1KbXYz,Freq,Jog,0,adverbial
R_3OlhlAO5YNnJtPd,Freq,Eggs,37,adverbial
R_2xVO1lGVvZLkPJ0,Freq,Eggs,66,adverbial
R_3oNIvL6zXofjai2,Freq,Eggs,80,adverbial
R_32Yrsez4zsR4Suv,Freq,Eggs,68,adverbial
R_10CKoJFbGLQYWhs,Freq,Eggs,75,adverbial
R_2wuJcGLWXp7FZIt,Freq,Eggs,70,adverbial
R_1NlHPIlQ8XLKMcJ,Freq,Eggs,80,adverbial
R_ULQcmQ5S5uHMZs5,Freq,Drove,95,adverbial
R_1QhM4gVBCLII9Bh,Freq,Drove,90,adverbial
R_1BOQ96esHUQIBaI,Freq,Drove,90,adverbial
R_RPH1EOjr0YRgVYR,Freq,Drove,100,adverbial
R_RmJMdRKbEDCymWt,Freq,Drove,80,adverbial
R_3PMgzWgQu5SXNeP,Freq,Drove,85,adverbial
R_2dmTWLs5MPtFYp5,Freq,Drove,79,adverbial
R_23eK9SYvpCewLm5,Freq,Drove,100,adverbial
R_3fCaMuD8MtHi2ip,Freq,Drove,64,adverbial
R_6rl1l30EL8taGzf,Freq,Drove,100,adverbial
R_2X1oloDfw3PikUY,Freq,Drove,85,adverbial
R_3030MIE2xx56pMJ,Freq,Sandwich,77,adverbial
R_30jiFD4kfaGTU3s,Freq,Sandwich,78,adverbial
R_1psYWFkJGB2eQ2l,Freq,Sandwich,77,adverbial
R_3R7yG2ySR2msZb8,Freq,Sandwich,91,adverbial
R_3e9LVaiGfB96MLx,Freq,Sandwich,30,adverbial
R_1DUuVT6W4Uejgeh,Freq,Sandwich,58,adverbial
R_2Cs0Hw7jx0IqiMj,Freq,Sandwich,50,adverbial
R_a3i5Xv65B9tpRVD,Freq,WorkLate,65,adverbial
R_1HkmRYrOOMnQ3RK,Freq,WorkLate,60,adverbial
R_0I2uycAwbkkA3oR,Freq,WorkLate,85,adverbial
R_ZkPYU3Om1QjuNrz,Freq,WorkLate,68,adverbial
R_3qBBtcFyDqBIcNc,Freq,WorkLate,75,adverbial
R_1rkxQT2rBX42XJ7,Freq,WorkLate,65,adverbial
R_1mQ4uXwObJQPYxC,Freq,WorkLate,97,adverbial
R_3syDKgTzqsDCkdX,Freq,WorkLate,80,adverbial
R_3e9sI8gVhIyL7VP,Freq,WorkLate,75,adverbial
R_xhcGrJTwRvy6N5D,Freq,WorkLate,85,adverbial
R_1Cw6pWBp2PisyyU,Freq,BedLate,79,adverbial
R_2R1XKerynhqTFk1,Freq,BedLate,90,adverbial
R_33dyioEMnOsHOfn,Freq,BedLate,85,adverbial
R_1P8cM5NPLjZXqJy,Freq,BedLate,75,adverbial
R_2DNNEGnUNyZ4DN5,Freq,BedLate,100,adverbial
R_3exaFcfrOHi98a1,Freq,BedLate,87,adverbial
R_pRyGXNJQY742b3X,Freq,BedLate,75,adverbial
R_334jIRiHB2W2q9l,Freq,BedLate,84,adverbial
R_31ioaIKMreOkPIG,Freq,Pizza,70,adverbial
R_110hXjfaWyuP0QM,Freq,Pizza,30,adverbial
R_3DWvDgPIUOF5gBj,Freq,Pizza,71,adverbial
R_3hfnJdH1akiAsOa,Freq,Pizza,30,adverbial
R_2t9kjZb3IMU3ckd,Freq,Pizza,66,adverbial
R_AKSynpWnTqSZi6Z,Freq,Pizza,87,adverbial
R_3Ev96PHgfwkK6o9,Freq,Biked,95,adverbial
R_byMHBAmeyRuWdCp,Freq,Biked,0,adverbial
R_2rjfQUZPO4oVEHT,Freq,Biked,80,adverbial
R_2wBro9nPWTNKcOq,Freq,Biked,40,adverbial
R_2Y4CWLeshbkhvU7,Freq,Biked,80,adverbial
R_3ITeXM3FzvMBRZP,Freq,Biked,83,adverbial
R_1FePAXKE1V39Dvh,Freq,Biked,80,adverbial
R_28Idt9lUdQPp9OG,Freq,Biked,80,adverbial
R_RrdUmb6HWM2V6kF,Sometimes,Grocery,50,adverbial
R_3OdkwRwAzncPv5q,Sometimes,Grocery,50,adverbial
R_31ioaIKMreOkPIG,Sometimes,Grocery,60,adverbial
R_2R1XKerynhqTFk1,Sometimes,Grocery,35,adverbial
R_33dyioEMnOsHOfn,Sometimes,Grocery,50,adverbial
R_ZkPYU3Om1QjuNrz,Sometimes,Grocery,29,adverbial
R_1mgCX08LAcnza9d,Sometimes,Grocery,36,adverbial
R_3exaFcfrOHi98a1,Sometimes,Grocery,63,adverbial
R_1DUuVT6W4Uejgeh,Sometimes,Grocery,42,adverbial
R_3PgAxvJoJ1KbXYz,Sometimes,Grocery,30,adverbial
R_1Cw6pWBp2PisyyU,Sometimes,Early,24,adverbial
R_30jiFD4kfaGTU3s,Sometimes,Early,14,adverbial
R_32Yrsez4zsR4Suv,Sometimes,Early,28,adverbial
R_2t9kjZb3IMU3ckd,Sometimes,Early,50,adverbial
R_1P8cM5NPLjZXqJy,Sometimes,Early,50,adverbial
R_24u8FrmrZuvj9eB,Sometimes,Early,50,adverbial
R_3OlhlAO5YNnJtPd,Sometimes,Teeth,13,adverbial
R_1n2XjK1wna5fNkh,Sometimes,Teeth,19,adverbial
R_a3i5Xv65B9tpRVD,Sometimes,Teeth,44,adverbial
R_1QhM4gVBCLII9Bh,Sometimes,Teeth,44,adverbial
R_1rvIb0XXKFZhsOM,Sometimes,Teeth,35,adverbial
R_0I2uycAwbkkA3oR,Sometimes,Teeth,55,adverbial
R_2dmTWLs5MPtFYp5,Sometimes,Teeth,51,adverbial
R_2DNNEGnUNyZ4DN5,Sometimes,Teeth,68,adverbial
R_3e9LVaiGfB96MLx,Sometimes,Teeth,25,adverbial
R_pRyGXNJQY742b3X,Sometimes,Teeth,50,adverbial
R_1MRhIUpU1Hg1ccl,Sometimes,Teeth,40,adverbial
R_xhcGrJTwRvy6N5D,Sometimes,Teeth,40,adverbial
R_ULQcmQ5S5uHMZs5,Sometimes,Jog,40,adverbial
R_110hXjfaWyuP0QM,Sometimes,Jog,20,adverbial
R_qyFT7M0RllTMSY1,Sometimes,Jog,47,adverbial
R_3oNIvL6zXofjai2,Sometimes,Jog,60,adverbial
R_323WJol6BzgGlOL,Sometimes,Jog,20,adverbial
R_2UYKSoUOFbj5usf,Sometimes,Jog,50,adverbial
R_23eK9SYvpCewLm5,Sometimes,Jog,50,adverbial
R_1FePAXKE1V39Dvh,Sometimes,Jog,35,adverbial
R_334jIRiHB2W2q9l,Sometimes,Jog,34,adverbial
R_3DiIpjXn2rzxYUN,Sometimes,Eggs,7,adverbial
R_3EEEANx1Upscx0s,Sometimes,Eggs,60,adverbial
R_2wBro9nPWTNKcOq,Sometimes,Eggs,25,adverbial
R_2Y4CWLeshbkhvU7,Sometimes,Eggs,40,adverbial
R_233iJ9JsVwtcD6J,Sometimes,Eggs,30,adverbial
R_3PMgzWgQu5SXNeP,Sometimes,Eggs,20,adverbial
R_3fCaMuD8MtHi2ip,Sometimes,Eggs,37,adverbial
R_1g285r5vRlKzY8B,Sometimes,Eggs,30,adverbial
R_2fqSZ18ZD2dtAwo,Sometimes,Drove,40,adverbial
R_323WFhQWVOYMwQW,Sometimes,Drove,27,adverbial
R_1HkmRYrOOMnQ3RK,Sometimes,Drove,50,adverbial
R_3DWvDgPIUOF5gBj,Sometimes,Drove,40,adverbial
R_1psYWFkJGB2eQ2l,Sometimes,Drove,27,adverbial
R_UL0sOnmhxykfsUF,Sometimes,Drove,49,adverbial
R_AKSynpWnTqSZi6Z,Sometimes,Drove,20,adverbial
R_3HzbZpaOcdd38BX,Sometimes,Drove,30,adverbial
R_28Idt9lUdQPp9OG,Sometimes,Drove,40,adverbial
R_1mQ4uXwObJQPYxC,Sometimes,Drove,50,adverbial
R_1LtBoHp9ssep6s5,Sometimes,Drove,50,adverbial
R_1BOQ96esHUQIBaI,Sometimes,Sandwich,34,adverbial
R_333ZdVXY3kk5h3z,Sometimes,Sandwich,50,adverbial
R_3fVI3jZl7u04BEE,Sometimes,Sandwich,0,adverbial
R_123BAm0YCpgSmn0,Sometimes,WorkLate,20,adverbial
R_2rjfQUZPO4oVEHT,Sometimes,WorkLate,40,adverbial
R_819NUUX3ZBdrHjj,Sometimes,WorkLate,23,adverbial
R_3RrQ7yTufNrK59S,Sometimes,WorkLate,50,adverbial
R_3ITeXM3FzvMBRZP,Sometimes,WorkLate,33,adverbial
R_10CKoJFbGLQYWhs,Sometimes,WorkLate,17,adverbial
R_3R7yG2ySR2msZb8,Sometimes,WorkLate,9,adverbial
R_3niQLTCHGWskfZz,Sometimes,WorkLate,5,adverbial
R_1cZJF0IHO5CHlaU,Sometimes,WorkLate,42,adverbial
R_bfKRhkPutmbe6aJ,Sometimes,WorkLate,60,adverbial
R_1cStgQRsEUFOcji,Sometimes,WorkLate,30,adverbial
R_2dL03Nr5RQJpEY9,Sometimes,WorkLate,20,adverbial
R_2xVO1lGVvZLkPJ0,Sometimes,BedLate,41,adverbial
R_3hfnJdH1akiAsOa,Sometimes,BedLate,40,adverbial
R_DwMtIHTxEs3gne1,Sometimes,BedLate,24,adverbial
R_3qBBtcFyDqBIcNc,Sometimes,BedLate,50,adverbial
R_3e9sI8gVhIyL7VP,Sometimes,BedLate,24,adverbial
R_2tJYtqjtuvgoUk6,Sometimes,BedLate,60,adverbial
R_1IQ9Mz7mQ2htaCk,Sometimes,BedLate,50,adverbial
R_2Cs0Hw7jx0IqiMj,Sometimes,BedLate,40,adverbial
R_3Ev96PHgfwkK6o9,Sometimes,Pizza,52,adverbial
R_TnN7VLYMuAMBLMZ,Sometimes,Pizza,25,adverbial
R_byMHBAmeyRuWdCp,Sometimes,Pizza,15,adverbial
R_RmJMdRKbEDCymWt,Sometimes,Pizza,50,adverbial
R_2wuJcGLWXp7FZIt,Sometimes,Pizza,33,adverbial
R_6rl1l30EL8taGzf,Sometimes,Pizza,25,adverbial
R_2X1oloDfw3PikUY,Sometimes,Pizza,30,adverbial
R_6fe1jqYhJl3n3Et,Sometimes,Pizza,37,adverbial
R_3syDKgTzqsDCkdX,Sometimes,Pizza,20,adverbial
R_1NlHPIlQ8XLKMcJ,Sometimes,Pizza,50,adverbial
R_3JfKKG4Tsl8JbyO,Sometimes,Pizza,35,adverbial
R_3huMf6Pwf3ytl8O,Sometimes,Pizza,35,adverbial
R_3030MIE2xx56pMJ,Sometimes,Biked,20,adverbial
R_7OJuhSpNsUZCRah,Sometimes,Biked,30,adverbial
R_RPH1EOjr0YRgVYR,Sometimes,Biked,29,adverbial
R_1rkxQT2rBX42XJ7,Sometimes,Biked,42,adverbial
R_24waXJPgMIfJqLr,Sometimes,Biked,50,adverbial
R_3OlhlAO5YNnJtPd,Occ,Grocery,13,adverbial
R_3Ev96PHgfwkK6o9,Occ,Grocery,51,adverbial
R_2wBro9nPWTNKcOq,Occ,Grocery,22,adverbial
R_2UYKSoUOFbj5usf,Occ,Grocery,30,adverbial
R_1psYWFkJGB2eQ2l,Occ,Grocery,27,adverbial
R_RmJMdRKbEDCymWt,Occ,Grocery,50,adverbial
R_3PMgzWgQu5SXNeP,Occ,Grocery,10,adverbial
R_23eK9SYvpCewLm5,Occ,Grocery,40,adverbial
R_28Idt9lUdQPp9OG,Occ,Grocery,20,adverbial
R_3syDKgTzqsDCkdX,Occ,Grocery,51,adverbial
R_1NlHPIlQ8XLKMcJ,Occ,Grocery,40,adverbial
R_3oNIvL6zXofjai2,Occ,Early,70,adverbial
R_0I2uycAwbkkA3oR,Occ,Early,50,adverbial
R_2Y4CWLeshbkhvU7,Occ,Early,11,adverbial
R_3niQLTCHGWskfZz,Occ,Early,5,adverbial
R_ZkPYU3Om1QjuNrz,Occ,Early,68,adverbial
R_DwMtIHTxEs3gne1,Occ,Early,26,adverbial
R_3exaFcfrOHi98a1,Occ,Early,75,adverbial
R_pRyGXNJQY742b3X,Occ,Early,10,adverbial
R_1IQ9Mz7mQ2htaCk,Occ,Early,40,adverbial
R_3EEEANx1Upscx0s,Occ,Teeth,29,adverbial
R_3OdkwRwAzncPv5q,Occ,Teeth,50,adverbial
R_110hXjfaWyuP0QM,Occ,Teeth,40,adverbial
R_2R1XKerynhqTFk1,Occ,Teeth,85,adverbial
R_3ITeXM3FzvMBRZP,Occ,Teeth,72,adverbial
R_2wuJcGLWXp7FZIt,Occ,Teeth,33,adverbial
R_3R7yG2ySR2msZb8,Occ,Teeth,82,adverbial
R_24waXJPgMIfJqLr,Occ,Teeth,32,adverbial
R_3PgAxvJoJ1KbXYz,Occ,Teeth,60,adverbial
R_1Cw6pWBp2PisyyU,Occ,Jog,15,adverbial
R_1QhM4gVBCLII9Bh,Occ,Jog,10,adverbial
R_3hfnJdH1akiAsOa,Occ,Jog,30,adverbial
R_2t9kjZb3IMU3ckd,Occ,Jog,70,adverbial
R_3fCaMuD8MtHi2ip,Occ,Jog,26,adverbial
R_2DNNEGnUNyZ4DN5,Occ,Jog,80,adverbial
R_2X1oloDfw3PikUY,Occ,Jog,20,adverbial
R_6fe1jqYhJl3n3Et,Occ,Jog,23,adverbial
R_1DUuVT6W4Uejgeh,Occ,Jog,15,adverbial
R_RrdUmb6HWM2V6kF,Occ,Eggs,50,adverbial
R_123BAm0YCpgSmn0,Occ,Eggs,15,adverbial
R_byMHBAmeyRuWdCp,Occ,Eggs,10,adverbial
R_2rjfQUZPO4oVEHT,Occ,Eggs,35,adverbial
R_3DWvDgPIUOF5gBj,Occ,Eggs,20,adverbial
R_819NUUX3ZBdrHjj,Occ,Eggs,28,adverbial
R_2dmTWLs5MPtFYp5,Occ,Eggs,30,adverbial
R_UL0sOnmhxykfsUF,Occ,Eggs,5,adverbial
R_6rl1l30EL8taGzf,Occ,Eggs,20,adverbial
R_1mgCX08LAcnza9d,Occ,Eggs,16,adverbial
R_3JfKKG4Tsl8JbyO,Occ,Eggs,30,adverbial
R_2tJYtqjtuvgoUk6,Occ,Eggs,20,adverbial
R_3DiIpjXn2rzxYUN,Occ,Drove,14,adverbial
R_a3i5Xv65B9tpRVD,Occ,Drove,16,adverbial
R_qyFT7M0RllTMSY1,Occ,Drove,20,adverbial
R_1cZJF0IHO5CHlaU,Occ,Drove,30,adverbial
R_1cStgQRsEUFOcji,Occ,Drove,38,adverbial
R_2Cs0Hw7jx0IqiMj,Occ,Drove,10,adverbial
R_3fVI3jZl7u04BEE,Occ,Drove,100,adverbial
R_1HkmRYrOOMnQ3RK,Occ,Sandwich,65,adverbial
R_1rvIb0XXKFZhsOM,Occ,Sandwich,35,adverbial
R_3RrQ7yTufNrK59S,Occ,Sandwich,41,adverbial
R_33dyioEMnOsHOfn,Occ,Sandwich,20,adverbial
R_1rkxQT2rBX42XJ7,Occ,Sandwich,54,adverbial
R_3huMf6Pwf3ytl8O,Occ,Sandwich,40,adverbial
R_3030MIE2xx56pMJ,Occ,WorkLate,10,adverbial
R_7OJuhSpNsUZCRah,Occ,WorkLate,10,adverbial
R_323WFhQWVOYMwQW,Occ,WorkLate,4,adverbial
R_RPH1EOjr0YRgVYR,Occ,WorkLate,11,adverbial
R_233iJ9JsVwtcD6J,Occ,WorkLate,25,adverbial
R_333ZdVXY3kk5h3z,Occ,WorkLate,19,adverbial
R_1FePAXKE1V39Dvh,Occ,WorkLate,15,adverbial
R_1LtBoHp9ssep6s5,Occ,WorkLate,60,adverbial
R_1MRhIUpU1Hg1ccl,Occ,WorkLate,17,adverbial
R_ULQcmQ5S5uHMZs5,Occ,BedLate,27,adverbial
R_TnN7VLYMuAMBLMZ,Occ,BedLate,30,adverbial
R_30jiFD4kfaGTU3s,Occ,BedLate,40,adverbial
R_31ioaIKMreOkPIG,Occ,BedLate,20,adverbial
R_1BOQ96esHUQIBaI,Occ,BedLate,25,adverbial
R_3e9LVaiGfB96MLx,Occ,BedLate,80,adverbial
R_bfKRhkPutmbe6aJ,Occ,BedLate,50,adverbial
R_2dL03Nr5RQJpEY9,Occ,BedLate,25,adverbial
R_1n2XjK1wna5fNkh,Occ,Pizza,17,adverbial
R_2fqSZ18ZD2dtAwo,Occ,Pizza,39,adverbial
R_2xVO1lGVvZLkPJ0,Occ,Pizza,23,adverbial
R_323WJol6BzgGlOL,Occ,Pizza,10,adverbial
R_32Yrsez4zsR4Suv,Occ,Pizza,12,adverbial
R_10CKoJFbGLQYWhs,Occ,Pizza,19,adverbial
R_1P8cM5NPLjZXqJy,Occ,Pizza,30,adverbial
R_3HzbZpaOcdd38BX,Occ,Pizza,40,adverbial
R_1g285r5vRlKzY8B,Occ,Pizza,30,adverbial
R_3qBBtcFyDqBIcNc,Occ,Pizza,41,adverbial
R_3e9sI8gVhIyL7VP,Occ,Pizza,20,adverbial
R_334jIRiHB2W2q9l,Occ,Pizza,32,adverbial
R_AKSynpWnTqSZi6Z,Occ,Biked,64,adverbial
R_1mQ4uXwObJQPYxC,Occ,Biked,25,adverbial
R_24u8FrmrZuvj9eB,Occ,Biked,25,adverbial
R_xhcGrJTwRvy6N5D,Occ,Biked,40,adverbial
R_3DiIpjXn2rzxYUN,Seldom,Grocery,3,adverbial
R_ULQcmQ5S5uHMZs5,Seldom,Grocery,3,adverbial
R_2xVO1lGVvZLkPJ0,Seldom,Grocery,7,adverbial
R_AKSynpWnTqSZi6Z,Seldom,Grocery,15,adverbial
R_3qBBtcFyDqBIcNc,Seldom,Grocery,35,adverbial
R_pRyGXNJQY742b3X,Seldom,Grocery,10,adverbial
R_3huMf6Pwf3ytl8O,Seldom,Grocery,10,adverbial
R_3fVI3jZl7u04BEE,Seldom,Grocery,2,adverbial
R_3Ev96PHgfwkK6o9,Seldom,Early,10,adverbial
R_323WJol6BzgGlOL,Seldom,Early,5,adverbial
R_RPH1EOjr0YRgVYR,Seldom,Early,5,adverbial
R_2wBro9nPWTNKcOq,Seldom,Early,10,adverbial
R_1DUuVT6W4Uejgeh,Seldom,Early,10,adverbial
R_3hfnJdH1akiAsOa,Seldom,Teeth,20,adverbial
R_1P8cM5NPLjZXqJy,Seldom,Teeth,10,adverbial
R_1g285r5vRlKzY8B,Seldom,Teeth,25,adverbial
R_1mQ4uXwObJQPYxC,Seldom,Teeth,3,adverbial
R_2tJYtqjtuvgoUk6,Seldom,Teeth,15,adverbial
R_1IQ9Mz7mQ2htaCk,Seldom,Teeth,15,adverbial
R_RrdUmb6HWM2V6kF,Seldom,Jog,50,adverbial
R_30jiFD4kfaGTU3s,Seldom,Jog,6,adverbial
R_1BOQ96esHUQIBaI,Seldom,Jog,30,adverbial
R_1HkmRYrOOMnQ3RK,Seldom,Jog,1,adverbial
R_3DWvDgPIUOF5gBj,Seldom,Jog,50,adverbial
R_32Yrsez4zsR4Suv,Seldom,Jog,4,adverbial
R_10CKoJFbGLQYWhs,Seldom,Jog,6,adverbial
R_1cZJF0IHO5CHlaU,Seldom,Jog,14,adverbial
R_3030MIE2xx56pMJ,Seldom,Eggs,3,adverbial
R_qyFT7M0RllTMSY1,Seldom,Eggs,13,adverbial
R_3RrQ7yTufNrK59S,Seldom,Eggs,20,adverbial
R_2UYKSoUOFbj5usf,Seldom,Eggs,8,adverbial
R_2t9kjZb3IMU3ckd,Seldom,Eggs,10,adverbial
R_23eK9SYvpCewLm5,Seldom,Eggs,6,adverbial
R_28Idt9lUdQPp9OG,Seldom,Eggs,8,adverbial
R_ZkPYU3Om1QjuNrz,Seldom,Eggs,4,adverbial
R_DwMtIHTxEs3gne1,Seldom,Eggs,13,adverbial
R_1rkxQT2rBX42XJ7,Seldom,Eggs,9,adverbial
R_3syDKgTzqsDCkdX,Seldom,Eggs,10,adverbial
R_2Cs0Hw7jx0IqiMj,Seldom,Eggs,6,adverbial
R_3OlhlAO5YNnJtPd,Seldom,Drove,9,adverbial
R_byMHBAmeyRuWdCp,Seldom,Drove,100,adverbial
R_0I2uycAwbkkA3oR,Seldom,Drove,11,adverbial
R_3ITeXM3FzvMBRZP,Seldom,Drove,18,adverbial
R_333ZdVXY3kk5h3z,Seldom,Drove,11,adverbial
R_3e9LVaiGfB96MLx,Seldom,Drove,70,adverbial
R_6fe1jqYhJl3n3Et,Seldom,Drove,15,adverbial
R_3e9sI8gVhIyL7VP,Seldom,Drove,15,adverbial
R_24u8FrmrZuvj9eB,Seldom,Drove,20,adverbial
R_1n2XjK1wna5fNkh,Seldom,Sandwich,12,adverbial
R_TnN7VLYMuAMBLMZ,Seldom,Sandwich,5,adverbial
R_2rjfQUZPO4oVEHT,Seldom,Sandwich,25,adverbial
R_3OdkwRwAzncPv5q,Seldom,Sandwich,12,adverbial
R_31ioaIKMreOkPIG,Seldom,Sandwich,15,adverbial
R_110hXjfaWyuP0QM,Seldom,Sandwich,15,adverbial
R_1QhM4gVBCLII9Bh,Seldom,Sandwich,5,adverbial
R_819NUUX3ZBdrHjj,Seldom,Sandwich,26,adverbial
R_3fCaMuD8MtHi2ip,Seldom,Sandwich,19,adverbial
R_1mgCX08LAcnza9d,Seldom,Sandwich,3,adverbial
R_2dL03Nr5RQJpEY9,Seldom,Sandwich,7,adverbial
R_1NlHPIlQ8XLKMcJ,Seldom,Sandwich,20,adverbial
R_1LtBoHp9ssep6s5,Seldom,Sandwich,15,adverbial
R_3JfKKG4Tsl8JbyO,Seldom,Sandwich,10,adverbial
R_xhcGrJTwRvy6N5D,Seldom,Sandwich,20,adverbial
R_3PgAxvJoJ1KbXYz,Seldom,Sandwich,3,adverbial
R_1Cw6pWBp2PisyyU,Seldom,WorkLate,24,adverbial
R_2Y4CWLeshbkhvU7,Seldom,WorkLate,96,adverbial
R_3PMgzWgQu5SXNeP,Seldom,WorkLate,2,adverbial
R_UL0sOnmhxykfsUF,Seldom,WorkLate,4,adverbial
R_3HzbZpaOcdd38BX,Seldom,WorkLate,10,adverbial
R_2DNNEGnUNyZ4DN5,Seldom,WorkLate,1,adverbial
R_2X1oloDfw3PikUY,Seldom,WorkLate,5,adverbial
R_3exaFcfrOHi98a1,Seldom,WorkLate,93,adverbial
R_123BAm0YCpgSmn0,Seldom,BedLate,5,adverbial
R_1psYWFkJGB2eQ2l,Seldom,BedLate,65,adverbial
R_233iJ9JsVwtcD6J,Seldom,BedLate,16,adverbial
R_2wuJcGLWXp7FZIt,Seldom,BedLate,20,adverbial
R_1FePAXKE1V39Dvh,Seldom,BedLate,95,adverbial
R_6rl1l30EL8taGzf,Seldom,BedLate,1,adverbial
R_7OJuhSpNsUZCRah,Seldom,Pizza,1,adverbial
R_323WFhQWVOYMwQW,Seldom,Pizza,20,adverbial
R_3EEEANx1Upscx0s,Seldom,Pizza,11,adverbial
R_a3i5Xv65B9tpRVD,Seldom,Pizza,6,adverbial
R_1rvIb0XXKFZhsOM,Seldom,Pizza,7,adverbial
R_3oNIvL6zXofjai2,Seldom,Pizza,27,adverbial
R_2R1XKerynhqTFk1,Seldom,Pizza,5,adverbial
R_2dmTWLs5MPtFYp5,Seldom,Pizza,15,adverbial
R_3niQLTCHGWskfZz,Seldom,Pizza,1,adverbial
R_1MRhIUpU1Hg1ccl,Seldom,Pizza,8,adverbial
R_24waXJPgMIfJqLr,Seldom,Pizza,8,adverbial
R_2fqSZ18ZD2dtAwo,Seldom,Biked,20,adverbial
R_RmJMdRKbEDCymWt,Seldom,Biked,15,adverbial
R_33dyioEMnOsHOfn,Seldom,Biked,5,adverbial
R_3R7yG2ySR2msZb8,Seldom,Biked,5,adverbial
R_bfKRhkPutmbe6aJ,Seldom,Biked,4,adverbial
R_1cStgQRsEUFOcji,Seldom,Biked,22,adverbial
R_334jIRiHB2W2q9l,Seldom,Biked,13,adverbial
R_1QhM4gVBCLII9Bh,Rarely,Grocery,2,adverbial
R_3hfnJdH1akiAsOa,Rarely,Grocery,12,adverbial
R_2t9kjZb3IMU3ckd,Rarely,Grocery,10,adverbial
R_6fe1jqYhJl3n3Et,Rarely,Grocery,13,adverbial
R_3JfKKG4Tsl8JbyO,Rarely,Grocery,5,adverbial
R_2tJYtqjtuvgoUk6,Rarely,Grocery,10,adverbial
R_2Cs0Hw7jx0IqiMj,Rarely,Grocery,20,adverbial
R_ULQcmQ5S5uHMZs5,Rarely,Early,7,adverbial
R_TnN7VLYMuAMBLMZ,Rarely,Early,7,adverbial
R_31ioaIKMreOkPIG,Rarely,Early,10,adverbial
R_110hXjfaWyuP0QM,Rarely,Early,15,adverbial
R_1BOQ96esHUQIBaI,Rarely,Early,25,adverbial
R_3R7yG2ySR2msZb8,Rarely,Early,11,adverbial
R_3e9LVaiGfB96MLx,Rarely,Early,10,adverbial
R_3qBBtcFyDqBIcNc,Rarely,Early,10,adverbial
R_1mQ4uXwObJQPYxC,Rarely,Early,0,adverbial
R_3e9sI8gVhIyL7VP,Rarely,Early,10,adverbial
R_1LtBoHp9ssep6s5,Rarely,Early,15,adverbial
R_24waXJPgMIfJqLr,Rarely,Early,20,adverbial
R_2fqSZ18ZD2dtAwo,Rarely,Teeth,29,adverbial
R_RPH1EOjr0YRgVYR,Rarely,Teeth,5,adverbial
R_2UYKSoUOFbj5usf,Rarely,Teeth,10,adverbial
R_3PMgzWgQu5SXNeP,Rarely,Teeth,3,adverbial
R_3niQLTCHGWskfZz,Rarely,Teeth,100,adverbial
R_3fCaMuD8MtHi2ip,Rarely,Teeth,12,adverbial
R_1FePAXKE1V39Dvh,Rarely,Teeth,5,adverbial
R_6rl1l30EL8taGzf,Rarely,Teeth,5,adverbial
R_2X1oloDfw3PikUY,Rarely,Teeth,10,adverbial
R_2dL03Nr5RQJpEY9,Rarely,Teeth,5,adverbial
R_3fVI3jZl7u04BEE,Rarely,Teeth,40,adverbial
R_a3i5Xv65B9tpRVD,Rarely,Jog,6,adverbial
R_3RrQ7yTufNrK59S,Rarely,Jog,20,adverbial
R_28Idt9lUdQPp9OG,Rarely,Jog,8,adverbial
R_bfKRhkPutmbe6aJ,Rarely,Jog,10,adverbial
R_24u8FrmrZuvj9eB,Rarely,Jog,10,adverbial
R_3exaFcfrOHi98a1,Rarely,Jog,41,adverbial
R_30jiFD4kfaGTU3s,Rarely,Eggs,15,adverbial
R_1rvIb0XXKFZhsOM,Rarely,Eggs,5,adverbial
R_RmJMdRKbEDCymWt,Rarely,Eggs,10,adverbial
R_3ITeXM3FzvMBRZP,Rarely,Eggs,16,adverbial
R_33dyioEMnOsHOfn,Rarely,Eggs,5,adverbial
R_333ZdVXY3kk5h3z,Rarely,Eggs,4,adverbial
R_1cStgQRsEUFOcji,Rarely,Eggs,3,adverbial
R_pRyGXNJQY742b3X,Rarely,Eggs,7,adverbial
R_1DUuVT6W4Uejgeh,Rarely,Eggs,7,adverbial
R_3huMf6Pwf3ytl8O,Rarely,Eggs,10,adverbial
R_1Cw6pWBp2PisyyU,Rarely,Drove,11,adverbial
R_1n2XjK1wna5fNkh,Rarely,Drove,18,adverbial
R_3030MIE2xx56pMJ,Rarely,Drove,7,adverbial
R_123BAm0YCpgSmn0,Rarely,Drove,10,adverbial
R_3EEEANx1Upscx0s,Rarely,Drove,7,adverbial
R_2rjfQUZPO4oVEHT,Rarely,Drove,20,adverbial
R_2R1XKerynhqTFk1,Rarely,Drove,10,adverbial
R_2wBro9nPWTNKcOq,Rarely,Drove,5,adverbial
R_32Yrsez4zsR4Suv,Rarely,Drove,2,adverbial
R_2wuJcGLWXp7FZIt,Rarely,Drove,20,adverbial
R_2DNNEGnUNyZ4DN5,Rarely,Drove,5,adverbial
R_RrdUmb6HWM2V6kF,Rarely,Sandwich,0,adverbial
R_323WFhQWVOYMwQW,Rarely,Sandwich,8,adverbial
R_byMHBAmeyRuWdCp,Rarely,Sandwich,4,adverbial
R_2Y4CWLeshbkhvU7,Rarely,Sandwich,10,adverbial
R_10CKoJFbGLQYWhs,Rarely,Sandwich,10,adverbial
R_23eK9SYvpCewLm5,Rarely,Sandwich,10,adverbial
R_UL0sOnmhxykfsUF,Rarely,Sandwich,4,adverbial
R_1g285r5vRlKzY8B,Rarely,Sandwich,16,adverbial
R_3DiIpjXn2rzxYUN,Rarely,WorkLate,2,adverbial
R_2xVO1lGVvZLkPJ0,Rarely,WorkLate,95,adverbial
R_3Ev96PHgfwkK6o9,Rarely,WorkLate,5,adverbial
R_3DWvDgPIUOF5gBj,Rarely,WorkLate,5,adverbial
R_1psYWFkJGB2eQ2l,Rarely,WorkLate,9,adverbial
R_DwMtIHTxEs3gne1,Rarely,WorkLate,7,adverbial
R_334jIRiHB2W2q9l,Rarely,WorkLate,3,adverbial
R_7OJuhSpNsUZCRah,Rarely,BedLate,3,adverbial
R_1HkmRYrOOMnQ3RK,Rarely,BedLate,10,adverbial
R_qyFT7M0RllTMSY1,Rarely,BedLate,10,adverbial
R_3oNIvL6zXofjai2,Rarely,BedLate,50,adverbial
R_819NUUX3ZBdrHjj,Rarely,BedLate,8,adverbial
R_323WJol6BzgGlOL,Rarely,BedLate,5,adverbial
R_2dmTWLs5MPtFYp5,Rarely,BedLate,13,adverbial
R_1cZJF0IHO5CHlaU,Rarely,BedLate,9,adverbial
R_AKSynpWnTqSZi6Z,Rarely,BedLate,6,adverbial
R_3syDKgTzqsDCkdX,Rarely,BedLate,6,adverbial
R_1NlHPIlQ8XLKMcJ,Rarely,BedLate,10,adverbial
R_0I2uycAwbkkA3oR,Rarely,Pizza,15,adverbial
R_ZkPYU3Om1QjuNrz,Rarely,Pizza,6,adverbial
R_1mgCX08LAcnza9d,Rarely,Pizza,3,adverbial
R_1rkxQT2rBX42XJ7,Rarely,Pizza,5,adverbial
R_xhcGrJTwRvy6N5D,Rarely,Pizza,15,adverbial
R_1IQ9Mz7mQ2htaCk,Rarely,Pizza,10,adverbial
R_3PgAxvJoJ1KbXYz,Rarely,Pizza,10,adverbial
R_3OlhlAO5YNnJtPd,Rarely,Biked,12,adverbial
R_3OdkwRwAzncPv5q,Rarely,Biked,15,adverbial
R_233iJ9JsVwtcD6J,Rarely,Biked,10,adverbial
R_1P8cM5NPLjZXqJy,Rarely,Biked,10,adverbial
R_3HzbZpaOcdd38BX,Rarely,Biked,10,adverbial
R_1MRhIUpU1Hg1ccl,Rarely,Biked,3,adverbial
R_a3i5Xv65B9tpRVD,Infreq,Grocery,20,adverbial
R_3oNIvL6zXofjai2,Infreq,Grocery,35,adverbial
R_32Yrsez4zsR4Suv,Infreq,Grocery,13,adverbial
R_UL0sOnmhxykfsUF,Infreq,Grocery,15,adverbial
R_3R7yG2ySR2msZb8,Infreq,Grocery,15,adverbial
R_3e9sI8gVhIyL7VP,Infreq,Grocery,20,adverbial
R_7OJuhSpNsUZCRah,Infreq,Early,5,adverbial
R_3DWvDgPIUOF5gBj,Infreq,Early,23,adverbial
R_RmJMdRKbEDCymWt,Infreq,Early,70,adverbial
R_233iJ9JsVwtcD6J,Infreq,Early,30,adverbial
R_1FePAXKE1V39Dvh,Infreq,Early,5,adverbial
R_AKSynpWnTqSZi6Z,Infreq,Early,50,adverbial
R_6rl1l30EL8taGzf,Infreq,Early,10,adverbial
R_2dL03Nr5RQJpEY9,Infreq,Early,4,adverbial
R_xhcGrJTwRvy6N5D,Infreq,Early,15,adverbial
R_2Cs0Hw7jx0IqiMj,Infreq,Early,7,adverbial
R_2xVO1lGVvZLkPJ0,Infreq,Teeth,12,adverbial
R_RrdUmb6HWM2V6kF,Infreq,Teeth,0,adverbial
R_30jiFD4kfaGTU3s,Infreq,Teeth,45,adverbial
R_3HzbZpaOcdd38BX,Infreq,Teeth,25,adverbial
R_3qBBtcFyDqBIcNc,Infreq,Teeth,21,adverbial
R_bfKRhkPutmbe6aJ,Infreq,Teeth,100,adverbial
R_1NlHPIlQ8XLKMcJ,Infreq,Teeth,6,adverbial
R_334jIRiHB2W2q9l,Infreq,Teeth,29,adverbial
R_31ioaIKMreOkPIG,Infreq,Jog,25,adverbial
R_3PMgzWgQu5SXNeP,Infreq,Jog,8,adverbial
R_1mQ4uXwObJQPYxC,Infreq,Jog,3,adverbial
R_pRyGXNJQY742b3X,Infreq,Jog,10,adverbial
R_24waXJPgMIfJqLr,Infreq,Jog,31,adverbial
R_3huMf6Pwf3ytl8O,Infreq,Jog,25,adverbial
R_1n2XjK1wna5fNkh,Infreq,Eggs,26,adverbial
R_TnN7VLYMuAMBLMZ,Infreq,Eggs,20,adverbial
R_3OdkwRwAzncPv5q,Infreq,Eggs,16,adverbial
R_RPH1EOjr0YRgVYR,Infreq,Eggs,19,adverbial
R_0I2uycAwbkkA3oR,Infreq,Eggs,30,adverbial
R_1psYWFkJGB2eQ2l,Infreq,Eggs,11,adverbial
R_3niQLTCHGWskfZz,Infreq,Eggs,79,adverbial
R_1cZJF0IHO5CHlaU,Infreq,Eggs,15,adverbial
R_1IQ9Mz7mQ2htaCk,Infreq,Eggs,14,adverbial
R_323WJol6BzgGlOL,Infreq,Drove,10,adverbial
R_2Y4CWLeshbkhvU7,Infreq,Drove,4,adverbial
R_1P8cM5NPLjZXqJy,Infreq,Drove,25,adverbial
R_DwMtIHTxEs3gne1,Infreq,Drove,17,adverbial
R_1rkxQT2rBX42XJ7,Infreq,Drove,9,adverbial
R_3syDKgTzqsDCkdX,Infreq,Drove,14,adverbial
R_3PgAxvJoJ1KbXYz,Infreq,Drove,17,adverbial
R_1Cw6pWBp2PisyyU,Infreq,Sandwich,17,adverbial
R_2fqSZ18ZD2dtAwo,Infreq,Sandwich,16,adverbial
R_ULQcmQ5S5uHMZs5,Infreq,Sandwich,2,adverbial
R_3Ev96PHgfwkK6o9,Infreq,Sandwich,5,adverbial
R_qyFT7M0RllTMSY1,Infreq,Sandwich,12,adverbial
R_2wuJcGLWXp7FZIt,Infreq,Sandwich,30,adverbial
R_ZkPYU3Om1QjuNrz,Infreq,Sandwich,26,adverbial
R_3OlhlAO5YNnJtPd,Infreq,WorkLate,11,adverbial
R_110hXjfaWyuP0QM,Infreq,WorkLate,25,adverbial
R_1BOQ96esHUQIBaI,Infreq,WorkLate,5,adverbial
R_33dyioEMnOsHOfn,Infreq,WorkLate,5,adverbial
R_2dmTWLs5MPtFYp5,Infreq,WorkLate,18,adverbial
R_28Idt9lUdQPp9OG,Infreq,WorkLate,10,adverbial
R_1mgCX08LAcnza9d,Infreq,WorkLate,2,adverbial
R_1DUuVT6W4Uejgeh,Infreq,WorkLate,11,adverbial
R_2tJYtqjtuvgoUk6,Infreq,WorkLate,5,adverbial
R_3030MIE2xx56pMJ,Infreq,BedLate,11,adverbial
R_323WFhQWVOYMwQW,Infreq,BedLate,57,adverbial
R_byMHBAmeyRuWdCp,Infreq,BedLate,5,adverbial
R_2rjfQUZPO4oVEHT,Infreq,BedLate,30,adverbial
R_1rvIb0XXKFZhsOM,Infreq,BedLate,15,adverbial
R_10CKoJFbGLQYWhs,Infreq,BedLate,11,adverbial
R_23eK9SYvpCewLm5,Infreq,BedLate,40,adverbial
R_333ZdVXY3kk5h3z,Infreq,BedLate,10,adverbial
R_3fCaMuD8MtHi2ip,Infreq,BedLate,27,adverbial
R_1g285r5vRlKzY8B,Infreq,BedLate,10,adverbial
R_1cStgQRsEUFOcji,Infreq,BedLate,12,adverbial
R_1MRhIUpU1Hg1ccl,Infreq,BedLate,8,adverbial
R_3DiIpjXn2rzxYUN,Infreq,Pizza,11,adverbial
R_1QhM4gVBCLII9Bh,Infreq,Pizza,10,adverbial
R_3RrQ7yTufNrK59S,Infreq,Pizza,27,adverbial
R_2wBro9nPWTNKcOq,Infreq,Pizza,5,adverbial
R_3ITeXM3FzvMBRZP,Infreq,Pizza,29,adverbial
R_2DNNEGnUNyZ4DN5,Infreq,Pizza,10,adverbial
R_24u8FrmrZuvj9eB,Infreq,Pizza,20,adverbial
R_123BAm0YCpgSmn0,Infreq,Biked,20,adverbial
R_3EEEANx1Upscx0s,Infreq,Biked,10,adverbial
R_1HkmRYrOOMnQ3RK,Infreq,Biked,10,adverbial
R_819NUUX3ZBdrHjj,Infreq,Biked,10,adverbial
R_3hfnJdH1akiAsOa,Infreq,Biked,20,adverbial
R_2R1XKerynhqTFk1,Infreq,Biked,5,adverbial
R_2UYKSoUOFbj5usf,Infreq,Biked,25,adverbial
R_2t9kjZb3IMU3ckd,Infreq,Biked,20,adverbial
R_3e9LVaiGfB96MLx,Infreq,Biked,30,adverbial
R_2X1oloDfw3PikUY,Infreq,Biked,5,adverbial
R_6fe1jqYhJl3n3Et,Infreq,Biked,11,adverbial
R_1LtBoHp9ssep6s5,Infreq,Biked,85,adverbial
R_3exaFcfrOHi98a1,Infreq,Biked,26,adverbial
R_3JfKKG4Tsl8JbyO,Infreq,Biked,8,adverbial
R_3fVI3jZl7u04BEE,Infreq,Biked,99,adverbial
R_3030MIE2xx56pMJ,Never,Grocery,0,adverbial
R_323WFhQWVOYMwQW,Never,Grocery,40,adverbial
R_30jiFD4kfaGTU3s,Never,Grocery,0,adverbial
R_2Y4CWLeshbkhvU7,Never,Grocery,0,adverbial
R_333ZdVXY3kk5h3z,Never,Grocery,0,adverbial
R_1mQ4uXwObJQPYxC,Never,Grocery,0,adverbial
R_xhcGrJTwRvy6N5D,Never,Grocery,0,adverbial
R_123BAm0YCpgSmn0,Never,Early,0,adverbial
R_3EEEANx1Upscx0s,Never,Early,0,adverbial
R_byMHBAmeyRuWdCp,Never,Early,0,adverbial
R_819NUUX3ZBdrHjj,Never,Early,13,adverbial
R_10CKoJFbGLQYWhs,Never,Early,0,adverbial
R_1cZJF0IHO5CHlaU,Never,Early,0,adverbial
R_3HzbZpaOcdd38BX,Never,Early,0,adverbial
R_3syDKgTzqsDCkdX,Never,Early,0,adverbial
R_3PgAxvJoJ1KbXYz,Never,Early,0,adverbial
R_2rjfQUZPO4oVEHT,Never,Teeth,0,adverbial
R_1psYWFkJGB2eQ2l,Never,Teeth,0,adverbial
R_2t9kjZb3IMU3ckd,Never,Teeth,0,adverbial
R_3OlhlAO5YNnJtPd,Never,Jog,0,adverbial
R_3DiIpjXn2rzxYUN,Never,Jog,0,adverbial
R_2xVO1lGVvZLkPJ0,Never,Jog,0,adverbial
R_3OdkwRwAzncPv5q,Never,Jog,0,adverbial
R_0I2uycAwbkkA3oR,Never,Jog,0,adverbial
R_RmJMdRKbEDCymWt,Never,Jog,0,adverbial
R_33dyioEMnOsHOfn,Never,Jog,0,adverbial
R_ZkPYU3Om1QjuNrz,Never,Jog,0,adverbial
R_DwMtIHTxEs3gne1,Never,Jog,0,adverbial
R_1NlHPIlQ8XLKMcJ,Never,Jog,0,adverbial
R_ULQcmQ5S5uHMZs5,Never,Eggs,0,adverbial
R_3Ev96PHgfwkK6o9,Never,Eggs,0,adverbial
R_31ioaIKMreOkPIG,Never,Eggs,0,adverbial
R_1BOQ96esHUQIBaI,Never,Eggs,0,adverbial
R_1P8cM5NPLjZXqJy,Never,Eggs,0,adverbial
R_AKSynpWnTqSZi6Z,Never,Eggs,0,adverbial
R_3e9LVaiGfB96MLx,Never,Eggs,0,adverbial
R_bfKRhkPutmbe6aJ,Never,Eggs,0,adverbial
R_6fe1jqYhJl3n3Et,Never,Eggs,0,adverbial
R_24u8FrmrZuvj9eB,Never,Eggs,0,adverbial
R_3fVI3jZl7u04BEE,Never,Eggs,0,adverbial
R_7OJuhSpNsUZCRah,Never,Drove,0,adverbial
R_1FePAXKE1V39Dvh,Never,Drove,0,adverbial
R_3qBBtcFyDqBIcNc,Never,Drove,0,adverbial
R_1MRhIUpU1Hg1ccl,Never,Drove,0,adverbial
R_24waXJPgMIfJqLr,Never,Drove,0,adverbial
R_334jIRiHB2W2q9l,Never,Drove,0,adverbial
R_3huMf6Pwf3ytl8O,Never,Drove,0,adverbial
R_1IQ9Mz7mQ2htaCk,Never,Drove,0,adverbial
R_a3i5Xv65B9tpRVD,Never,Sandwich,0,adverbial
R_3DWvDgPIUOF5gBj,Never,Sandwich,0,adverbial
R_3oNIvL6zXofjai2,Never,Sandwich,0,adverbial
R_RPH1EOjr0YRgVYR,Never,Sandwich,0,adverbial
R_3ITeXM3FzvMBRZP,Never,Sandwich,0,adverbial
R_2dmTWLs5MPtFYp5,Never,Sandwich,0,adverbial
R_2DNNEGnUNyZ4DN5,Never,Sandwich,0,adverbial
R_2tJYtqjtuvgoUk6,Never,Sandwich,0,adverbial
R_1QhM4gVBCLII9Bh,Never,WorkLate,0,adverbial
R_1rvIb0XXKFZhsOM,Never,WorkLate,0,adverbial
R_323WJol6BzgGlOL,Never,WorkLate,0,adverbial
R_3hfnJdH1akiAsOa,Never,WorkLate,0,adverbial
R_2R1XKerynhqTFk1,Never,WorkLate,0,adverbial
R_2wuJcGLWXp7FZIt,Never,WorkLate,0,adverbial
R_23eK9SYvpCewLm5,Never,WorkLate,0,adverbial
R_3fCaMuD8MtHi2ip,Never,WorkLate,0,adverbial
R_6rl1l30EL8taGzf,Never,WorkLate,0,adverbial
R_1n2XjK1wna5fNkh,Never,BedLate,0,adverbial
R_2fqSZ18ZD2dtAwo,Never,BedLate,0,adverbial
R_110hXjfaWyuP0QM,Never,BedLate,0,adverbial
R_3RrQ7yTufNrK59S,Never,BedLate,0,adverbial
R_2wBro9nPWTNKcOq,Never,BedLate,0,adverbial
R_3PMgzWgQu5SXNeP,Never,BedLate,0,adverbial
R_UL0sOnmhxykfsUF,Never,BedLate,0,adverbial
R_3niQLTCHGWskfZz,Never,BedLate,0,adverbial
R_1mgCX08LAcnza9d,Never,BedLate,0,adverbial
R_2X1oloDfw3PikUY,Never,BedLate,0,adverbial
R_1rkxQT2rBX42XJ7,Never,BedLate,0,adverbial
R_1LtBoHp9ssep6s5,Never,BedLate,5,adverbial
R_3JfKKG4Tsl8JbyO,Never,BedLate,0,adverbial
R_1Cw6pWBp2PisyyU,Never,Pizza,0,adverbial
R_RrdUmb6HWM2V6kF,Never,Pizza,0,adverbial
R_1HkmRYrOOMnQ3RK,Never,Pizza,0,adverbial
R_2UYKSoUOFbj5usf,Never,Pizza,0,adverbial
R_233iJ9JsVwtcD6J,Never,Pizza,0,adverbial
R_3R7yG2ySR2msZb8,Never,Pizza,0,adverbial
R_28Idt9lUdQPp9OG,Never,Pizza,0,adverbial
R_1cStgQRsEUFOcji,Never,Pizza,0,adverbial
R_3exaFcfrOHi98a1,Never,Pizza,0,adverbial
R_pRyGXNJQY742b3X,Never,Pizza,0,adverbial
R_2Cs0Hw7jx0IqiMj,Never,Pizza,0,adverbial
R_TnN7VLYMuAMBLMZ,Never,Biked,0,adverbial
R_qyFT7M0RllTMSY1,Never,Biked,0,adverbial
R_32Yrsez4zsR4Suv,Never,Biked,0,adverbial
R_1g285r5vRlKzY8B,Never,Biked,0,adverbial
R_3e9sI8gVhIyL7VP,Never,Biked,0,adverbial
R_2dL03Nr5RQJpEY9,Never,Biked,0,adverbial
R_1DUuVT6W4Uejgeh,Never,Biked,0,adverbial
