mTurkCode,Age,Language,UserLanguage,Every_GroceryStore,Every_Early,Every_Teeth,Every_Jog,Every_Eggs,Every_Drove,Every_Sandwich,Every_WorkLate,Every_BedLate,Every_Pizza,Every_Biked,Each_Grocery Store,Each_Early,Each_Teeth,Each_Jog,Each_Eggs,Each_Drove,Each_Sandwich,Each_WorkLate,Each_BedLate,Each_Pizza,Each_Biked,All_GroceryStore,All_Early,All_Teeth,All_Jog,All_Eggs,All_Drove,All_Sandwich,All_WorkLate,All_BedLate,All_Pizza,All_Biked,Most_GroceryStore,Most_Early,Most_Teeth,Most_Jog,Most_Eggs,Most_Drove,Most_Sandwich,Most_WorkLate,Most_BedLate,Most_Pizza,Most_Biked,Many_GroceryStore,Many_Early,Many_Teeth,Many_Jog,Many_Eggs,Many_Drove,Many_Sandwich,Many_WorkLate,Many_BedLate,Many_Pizza,Many_Biked,Some_GroceryStore,Some_Early,Some_Teeth,Some_Jog,Some_Eggs,Some_Drove,Some_Sandwich,Some_WorkLate,Some_BedLate,Some_Pizza,Some_Biked,Several_GroceryStore,Several_Early,Several_Teeth,Several_Jog,Several_Eggs,Several_Drove,Several_Sandwich,Several_WorkLate,Several_BedLate,Several_Pizza,Several_Biked,AFew_GroceryStore,AFew_Early,AFew_Teeth,AFew_Jog,AFew_Eggs,AFew_Drove,AFew_Sandwich,AFew_WorkLate,AFew_BedLate,AFew_Pizza,AFew_Biked,Few_GroceryStore,Few_Early,Few_Teeth,Few_Jog,Few_Eggs,Few_Drove,Few_Sandwich,Few_WorkLate,Few_BedLate,Few_Pizza,Few_Biked,No_GroceryStore,No_Early,No_Teeth,No_Jog,No_Eggs,No_Drove,No_Sandwich,No_WorkLate,No_BedLate,No_Pizza,No_Biked,Slider_70,Slider_30,Always_GroceryStore,Always_Early,Always_Teeth,Always_Jog,Always_Eggs,Always_Drove,Always_Sandwich,Always_WorkLate,Always_BedLate,Always_Pizza,Always_Biked,Usually_GroceryStore,Usually_Early,Usually_Teeth,Usually_Jog,Usually_Eggs,Usually_Drove,Usually_Sandwich,Usually_WorkLate,Usually_BedLate,Usually_Pizza,Usually_Biked,Mostly_GroceryStore,Mostly_Early,Mostly_Teeth,Mostly_Jog,Mostly_Eggs,Mostly_Drove,Mostly_Sandwich,Mostly_WorkLate,Mostly_BedLate,Mostly_Pizza,Mostly_Biked,Mostly_GroceryStore,Often_Early,Often_Teeth,Often_Jog,Often_Eggs,Often_Drove,Often_Sandwich,Often_WorkLate,Often_BedLate,Often_Pizza,Often_Biked,Freq_GroceryStore,Freq_Early,Freq_Teeth,Freq_Jog,Freq_Eggs,Freq_Drove,Freq_Sandwich,Freq_WorkLate,Freq_BedLate,Freq_Pizza,Freq_Biked,Sometimes_GroceryStore,Sometimes_Early,Sometimes_Teeth,Sometimes_Jog,Sometimes_Eggs,Sometimes_Drove,Sometimes_Sandwich,Sometimes_WorkLate,Sometimes_BedLate,Sometimes_Pizza,Sometimes_Biked,Occ_GroceryStore,Occ_Early,Occ_Teeth,Occ_Jog,Occ_Eggs,Occ_Drove,Occ_Sandwich,Occ_WorkLate,Occ_BedLate,Occ_Pizza,Occ_Biked,Seldom_GroceryStore,Seldom_Early,Seldom_Teeth,Seldom_Jog,Seldom_Eggs,Seldom_Drove,Seldom_Sandwich,Seldom_WorkLate,Seldom_BedLate,Seldom_Pizza,Seldom_Biked,Rarely_GroceryStore,Rarely_Early,Rarely_Teeth,Rarely_Jog,Rarely_Eggs,Rarely_Drove,Rarely_Sandwich,Rarely_WorkLate,Rarely_BedLate,Rarely_Pizza,Rarely_Biked,Infreq_GroceryStore,Infreq_Early,Infreq_Teeth,Infreq_Jog,Infreq_Eggs,Infreq_Drove,Infreq_Sandwich,Infreq_WorkLate,Infreq_BedLate,Infreq_Pizza,Infreq_Biked,Never_GroceryStore,Never_Early,Never_Teeth,Never_Jog,Never_Eggs,Never_Drove,Never_Sandwich,Never_WorkLate,Never_BedLate,Never_Pizza,Never_Biked
8489160,40–64,ENGLISH,EN,,,,,,,,,,,,,,,,,,,,,,,,,,,,,,,,,,,,,,,,,,,,,,,,,,,,,,,,,,,,,,,,,,,,,,,,,,,,,,,,,,,,,,,,,,,,,,,,,,,,,,,,,,,,,,,70,30,,,,,,,,0,,,,,,,,,,51,,,,,,,,,,,,,,23,,,,,,70,,,,,,,,,100,,,,,,,,,31,,,,,,,,,,,,,,51,,,,,,,,,,,,,100,,,,,,,100,,,,,,,,,,,,,,,,,,,,25,,,,,,,,,37,,
8996229,18–39,English,EN,,,,,,,,,,,,,,,,,,,,,,,,,,,,,,,,,,,,,,,,,,,,,,,,,,,,,,,,,,,,,,,,,,,,,,,,,,,,,,,,,,,,,,,,,,,,,,,,,,,,,,,,,,,,,,,70,30,,86,,,,,,,,,,,,,29,,,,,,,,,,,,,,28,,,,,,,,,,,,,,,14,30,,,,,,,,,,,,,,,,,,,78,,,,,,,94,,,,,,,,,,,,,,76,,,,,,,,,18,,,,,,,,,,,,,,,24,,,,7,,,,,,,,
1649157,40–64,English,EN,,,,,,,,,,,100,100,,,,,,,,,,,,,,,,,100,,,,,,,,,,,,,,86,,,,,,68,,,,,,,,,41,,,,,,,,,,16,,,,,,,,,,,,,,,,,,13,,,,,,7,,,,,,,,,,,,,0,,,,,,70,30,,,,,,,,,,,,,,,,,,,,,,,,,,,,,,,,,,,,,,,,,,,,,,,,,,,,,,,,,,,,,,,,,,,,,,,,,,,,,,,,,,,,,,,,,,,,,,,,,,,,,,,,,,,,,,,,,,,,,,,,,
653347,18–39,English,EN,,,,,,,,,,,,,,,,,,,,,,,,,,,,,,,,,,,,,,,,,,,,,,,,,,,,,,,,,,,,,,,,,,,,,,,,,,,,,,,,,,,,,,,,,,,,,,,,,,,,,,,,,,,,,,,70,30,,100,,,,,,,,,,,,,,,,65,,,,,,,,,,90,,,,,,,,,,85,,,,,,,,,,70,,,,,,,,,,,,,,,65,,,,,,,,,,,,,,40,,,100,,,,,,,,,10,,,,,,,,,,,,,,,,,,,30,,,,,,,,,,,,0,
9377434,18–39,english,EN,,91,,,,,,,,,,90,,,,,,,,,,,,,,,,,,,,,100,,,76,,,,,,,,,,,,58,,,,,,,,,,,,,63,,,,,,,,,,36,,,,,,,,,,,,,,11,,,,,,,,,,,,30,,,,,,,,,0,,,,,70,30,,,,,,,,,,,,,,,,,,,,,,,,,,,,,,,,,,,,,,,,,,,,,,,,,,,,,,,,,,,,,,,,,,,,,,,,,,,,,,,,,,,,,,,,,,,,,,,,,,,,,,,,,,,,,,,,,,,,,,,,,
1004981,18–39,English,EN,,95,,,,,,,,,,,,,,,,95,,,,,,,,,,,,,,,100,,,,,90,,,,,,,,,85,,,,,,,,,,,,,,,,,,30,,9,,,,,,,,,,,,,,,,,,8,,,,,,,,,100,,,,,,,,,,,,,,0,,,70,30,,,,,,,,,,,,,,,,,,,,,,,,,,,,,,,,,,,,,,,,,,,,,,,,,,,,,,,,,,,,,,,,,,,,,,,,,,,,,,,,,,,,,,,,,,,,,,,,,,,,,,,,,,,,,,,,,,,,,,,,,
2508828,40–64,English,EN,,,,,,,,,,,,,,,,,,,,,,,,,,,,,,,,,,,,,,,,,,,,,,,,,,,,,,,,,,,,,,,,,,,,,,,,,,,,,,,,,,,,,,,,,,,,,,,,,,,,,,,,,,,,,,,70,30,97,,,,,,,,,,,,,,,,,,,70,,,,,,,,,71,,,,,,,,,,,,72,,,,,,,,77,,,,,,,,,12,,,,,,,,,,,,23,,,,,,,,,,,,,11,,,,,,,,,,,,,,,15,,,,,,,,,,,,13,,0,,,,,,,,,
4235164,18–39,english,EN,,,,,25,,,,,,,100,,,,,,,,,,,,,,,,,100,,,,,,,,,,,,70,,,,,,,,,,,,75,,,,35,,,,,,,,,,,,,10,,,,,,,,,,,,,,,,,,50,,,,,,,,,,20,,,,,,,0,,,,,,70,30,,,,,,,,,,,,,,,,,,,,,,,,,,,,,,,,,,,,,,,,,,,,,,,,,,,,,,,,,,,,,,,,,,,,,,,,,,,,,,,,,,,,,,,,,,,,,,,,,,,,,,,,,,,,,,,,,,,,,,,,,
6644185,40–64,ENGLISH,EN,,,,,,,,,,,,,,,,,,,,,,,,,,,,,,,,,,,,,,,,,,,,,,,,,,,,,,,,,,,,,,,,,,,,,,,,,,,,,,,,,,,,,,,,,,,,,,,,,,,,,,,,,,,,,,,70,30,,,,,100,,,,,,,,,,,,100,,,,,,,,,,,,,,90,,,,,,25,,,,,,,,,86,,,,,,,,,,,,,,,,20,,,,,25,,,,,,,,,,,,,6,,,,,,,,,,,,,,,,,,20,,,,,,,,,5,,,,,,,,,,,,,,0
3433238,65 or older,english,EN,,,,,,,,,,100,,,,,,,,,,100,,,,,,100,,,,,,,,,,,,,,80,,,,,,80,,,,,,,,,,,,90,,,,,,,,,,,,,,,,10,,,,,,,,,50,,,,,,,,,,10,,,,,,,0,,,,,,,,,,,70,30,,,,,,,,,,,,,,,,,,,,,,,,,,,,,,,,,,,,,,,,,,,,,,,,,,,,,,,,,,,,,,,,,,,,,,,,,,,,,,,,,,,,,,,,,,,,,,,,,,,,,,,,,,,,,,,,,,,,,,,,,
7755738,40–64,English,EN,,,,,,,,,,,,,,,,,,,,,,,,,,,,,,,,,,,,,,,,,,,,,,,,,,,,,,,,,,,,,,,,,,,,,,,,,,,,,,,,,,,,,,,,,,,,,,,,,,,,,,,,,,,,,,,70,30,,,,,,,,,,100,,,,,,,,,,90,,,,,,,,,,60,,,,75,,,,,,,,,,,,70,,,,,,,,,,,,,25,,,,,,,,,,,,,,18,,,,,,,11,,,,,,,,,,,,,,,,,,,2,,,,,8,,,,,,,,,,,,0,,,,,
9395183,40–64,English,EN,,,95,,,,,,,,,,,,,,,,,75,,,,,,,35,,,,,,,16,,,,,,,,,,,,,,,,,,,,60,,,20,,,,,,,,,,,,,,,,50,,,,,,,,,,,,,,,35,,,,,,,,4,,,,,,,,,0,,,,,,70,30,,,,,,,,,,,,,,,,,,,,,,,,,,,,,,,,,,,,,,,,,,,,,,,,,,,,,,,,,,,,,,,,,,,,,,,,,,,,,,,,,,,,,,,,,,,,,,,,,,,,,,,,,,,,,,,,,,,,,,,,,
2995901,40–64,English,EN,,,,,,,,,,,,,,,,,,,,,,,,,,,,,,,,,,,,,,,,,,,,,,,,,,,,,,,,,,,,,,,,,,,,,,,,,,,,,,,,,,,,,,,,,,,,,,,,,,,,,,,,,,,,,,,70,30,,,,,,,,,,100,,,,84,,,,,,,,,,,,,,,60,,,,,,,,,,70,,,,,,,,,54,,,,,,,,,,,,,,,,,,30,20,,,,,,,,,,,,,,,,,,,10,,,,15,,,,,,,,,,,,,,20,,,,,,,,,,,,,,0,,,
4638246,40–64,English,EN,,,100,,,,,,,,,100,,,,,,,,,,,,,,,100,,,,,,,,,,,,,,,79,,,,,,,,,,43,,,,,,,,,,25,,,,,,,,6,,,,,,,,,,,,,,,,,9,,,14,,,,,,,,,,,,,,,,,,,,0,70,30,,,,,,,,,,,,,,,,,,,,,,,,,,,,,,,,,,,,,,,,,,,,,,,,,,,,,,,,,,,,,,,,,,,,,,,,,,,,,,,,,,,,,,,,,,,,,,,,,,,,,,,,,,,,,,,,,,,,,,,,,
736574,18–39,English,EN,,,100,,,,,,,,,,,,,,,,,,100,,,,,,,,100,,,,,,,,,,,,,,,25,,50,,,,,,,,,,,,,5,,,,,,,,,,,,,4,,,,,,,,,,,,,2,,,,10,,,,,,,,,,,,,,,0,,,,,,,70,30,,,,,,,,,,,,,,,,,,,,,,,,,,,,,,,,,,,,,,,,,,,,,,,,,,,,,,,,,,,,,,,,,,,,,,,,,,,,,,,,,,,,,,,,,,,,,,,,,,,,,,,,,,,,,,,,,,,,,,,,,
4862036,40–64,english,EN,,,,,,,,,,,,,,,,,,,,,,,,,,,,,,,,,,,,,,,,,,,,,,,,,,,,,,,,,,,,,,,,,,,,,,,,,,,,,,,,,,,,,,,,,,,,,,,,,,,,,,,,,,,,,,,70,30,,,100,,,,,,,,,,,,,,,80,,,,,,,,,,,,,85,,,,,,,,,,,,50,,,85,,,,,,,,,,,,,,20,,,,,,,15,,,,,,,,,,,,,,,,,,,,,1,,,,,,,,2,,,,,,,5,,,,,,,,,,,,,0,,,,,
3717608,40–64,English,EN,,,,,,,,,,,,,,,,,,,,,,,,,,,,,,,,,,,,,,,,,,,,,,,,,,,,,,,,,,,,,,,,,,,,,,,,,,,,,,,,,,,,,,,,,,,,,,,,,,,,,,,,,,,,,,,70,30,,,100,,,,,,,,,,,,,,,,60,,,,,,,,,,,,85,,,,,,,,,,,,77,,69,,,,,,,,,,,,,,,,,27,,,,,,,,,10,,,,,,,,,,,,,,,,,6,,,,4,,,,,,,,,16,,,,,,,,,,,,,,,0,,,,,
3219884,40–64,English,EN,,,,,,,,,,,,,,,,,,,,,,,,,,,,,,,,,,,,,,,,,,,,,,,,,,,,,,,,,,,,,,,,,,,,,,,,,,,,,,,,,,,,,,,,,,,,,,,,,,,,,,,,,,,,,,,70,30,,,,,,,,,,0,,,,,,,,,0,,,,,,,50,,,,,,,,,,,,25,,,,,,,,,100,,,,,,,,,,,,,,,,,20,,,,,,,,,,,,,20,,,,,,,25,,,,,,,,,,0,,,,,,10,,,,,,,,,,,,0,,,,,,,,,
6688621,18–39,English,EN,,,,,,,100,,,,,,,,,,100,,,,,,,,,,,,,,,100,,,,,,,,,70,,,,,,,,,,,,,,60,,,,,,,,,40,,,,,,,60,,,,,,,,,,15,,,,,,,,15,,,,,,,,,,,,,0,,,,,,,,,70,30,,,,,,,,,,,,,,,,,,,,,,,,,,,,,,,,,,,,,,,,,,,,,,,,,,,,,,,,,,,,,,,,,,,,,,,,,,,,,,,,,,,,,,,,,,,,,,,,,,,,,,,,,,,,,,,,,,,,,,,,,
4896519,18–39,english,EN,,,,,,,,,,,,,,,,,,,,,,,,,,,,,,,,,,,,,,,,,,,,,,,,,,,,,,,,,,,,,,,,,,,,,,,,,,,,,,,,,,,,,,,,,,,,,,,,,,,,,,,,,,,,,,,70,30,,,,,,,,,9,,,,,,,,,,,,,35,,100,,,,,,,,,,,,,,36,,,,,,,,,,23,,,,,,,,,,,,,,,,,32,,,,,,,,38,,,,,,,,,,,,18,,,,,,95,,,,,,,,,29,,,,,,,,,,,,,,,,100,,,,,
7837865,18–39,English,EN,,,,,,,,100,,,,,,,,,,,,,100,,,,,,,100,,,,,,,90,,,,,,,,,,85,,,,,,,,,,,,,,,,,,,35,,,,,,,,,70,,,,,,,,15,,,,,,,,,,,,,,,,,,15,,,,,0,,,,,,,70,30,,,,,,,,,,,,,,,,,,,,,,,,,,,,,,,,,,,,,,,,,,,,,,,,,,,,,,,,,,,,,,,,,,,,,,,,,,,,,,,,,,,,,,,,,,,,,,,,,,,,,,,,,,,,,,,,,,,,,,,,,
3865594,18–39,English,EN,,,,,,,,,,,,,,,,,,,,,,,,,,,,,,,,,,,,,,,,,,,,,,,,,,,,,,,,,,,,,,,,,,,,,,,,,,,,,,,,,,,,,,,,,,,,,,,,,,,,,,,,,,,,,,,70,30,,,,,,100,,,,,,,,,,,,,60,,,,,,,,,,,,,75,,,,,,,,,,,,45,,,95,,,,,,,,,35,,,,,,,,,,,,25,,,,,,,,,,,,,,,,,,5,,,,,,,15,,,,,,,,,,30,,,,,,,,,,,,,,0,,,,
3523759,18–39,English,EN,,,,,,,,,100,,,,,,,100,,,,,,,,,100,,,,,,,,,,,,80,,,,,,,,,,,,,,,57,,,,,,,,,,,,,,20,,,,,,,,,,30,,,6,,,,,,,,,,35,,,,,,,,,,,,,,,,,0,,,,,70,30,,,,,,,,,,,,,,,,,,,,,,,,,,,,,,,,,,,,,,,,,,,,,,,,,,,,,,,,,,,,,,,,,,,,,,,,,,,,,,,,,,,,,,,,,,,,,,,,,,,,,,,,,,,,,,,,,,,,,,,,,
4901010,40–64,english,EN,,,,,,,,,,,,,,,,,,,,,,,,,,,,,,,,,,,,,,,,,,,,,,,,,,,,,,,,,,,,,,,,,,,,,,,,,,,,,,,,,,,,,,,,,,,,,,,,,,,,,,,,,,,,,,,70,30,,,,,,,,,100,,,,,,,,100,,,,,,,,70,,,,,,,,,,71,,,,,,,,,,,,,,88,,,,,,,,,,,,,,47,,,,,,,51,,,,,,,,14,,,,,,,,,,,,,,,,,,,,,6,,,,,,,9,,,,,,,,,,,,,,0,
167061,18–39,English,EN,,,,,,78,,,,,,,,,100,,,,,,,,100,,,,,,,,,,,,87,,,,,,,,,,,,,,,,,,,,56,,,,,,,,23,,,,,,,,57,,,,,,,,,,,,,,,,8,,,,,,,,,,6,,,,,0,,,,,,,,,70,30,,,,,,,,,,,,,,,,,,,,,,,,,,,,,,,,,,,,,,,,,,,,,,,,,,,,,,,,,,,,,,,,,,,,,,,,,,,,,,,,,,,,,,,,,,,,,,,,,,,,,,,,,,,,,,,,,,,,,,,,,
4344257,18–39,English,EN,,,,,,,,,,,,,,,,,,,,,,,,,,,,,,,,,,,,,,,,,,,,,,,,,,,,,,,,,,,,,,,,,,,,,,,,,,,,,,,,,,,,,,,,,,,,,,,,,,,,,,,,,,,,,,,70,30,,,,,,,100,,,,,90,,,,,,,,,,,,,,,,,,80,,,,,,90,,,,,,,,,,,,,,,,,57,,,,,,,,,,,,,20,,,,,15,,,,,,,,,,,,5,,,,,,,10,,,,,,,,,,,,,10,,,,,,,,,,,,,,,,,0,
9995627,40–64,english,EN,,,,,,,,,,100,,,,,,,100,,,,,,,,,,,,,,,,100,,,,84,,,,,,,,,,,,77,,,,,,,34,,,,,,,,,,,,,,,,,,8,,,,,,13,,,,,,,,,,14,,,,,,,,,,,,,,,,,,0,,,70,30,,,,,,,,,,,,,,,,,,,,,,,,,,,,,,,,,,,,,,,,,,,,,,,,,,,,,,,,,,,,,,,,,,,,,,,,,,,,,,,,,,,,,,,,,,,,,,,,,,,,,,,,,,,,,,,,,,,,,,,,,
836301,40–64,English,EN,,,,,,,,,65,,,,,78,,,,,,,,,,,,,,,,25,,,,,,,32,,,,,,,,,,,,,,,,,,40,,75,,,,,,,,,,,,,,,90,,,,,,,,,,,,80,,,,,,,,,65,,,,,,,50,,,,,,,,,,,70,30,,,,,,,,,,,,,,,,,,,,,,,,,,,,,,,,,,,,,,,,,,,,,,,,,,,,,,,,,,,,,,,,,,,,,,,,,,,,,,,,,,,,,,,,,,,,,,,,,,,,,,,,,,,,,,,,,,,,,,,,,
980826,18–39,English,EN,,,,,,,,,,,,,,,,,,,,,,,,,,,,,,,,,,,,,,,,,,,,,,,,,,,,,,,,,,,,,,,,,,,,,,,,,,,,,,,,,,,,,,,,,,,,,,,,,,,,,,,,,,,,,,,70,30,,,,100,,,,,,,,,,,,65,,,,,,,,,,,,,,,,75,,,,90,,,,,,,,,,,,,,,,,,,75,,50,,,,,,,,,,,,,,,50,,,,,,,,,,,,5,,,,,,,,,,,,5,,,,,,,,,,,,10,,,0,,,,,,,,,,
2757263,18–39,English,EN,,,,,,,,,,,,,,,,,,,,,,,,,,,,,,,,,,,,,,,,,,,,,,,,,,,,,,,,,,,,,,,,,,,,,,,,,,,,,,,,,,,,,,,,,,,,,,,,,,,,,,,,,,,,,,,70,30,,,,,,,,80,,,,,,,75,,,,,,,,,,,,70,,,,,,,,80,,,,,,,,,,,,,,,,,,70,,,,,,,,,,,,,40,,,,,,,35,,,,,,,,,,,,,,10,,,,30,,,,,,,,,,,,,,25,,,,,,0,,,,,,,,,,
8799142,18–39,ENGLISH,EN,,,,,,,,,,,94,,,,91,,,,,,,,,94,,,,,,,,,,96,,,,,,,,,,,,,,,,,,,96,,,,,,,,,,89,,,,,,94,,,,,,,,,,,,,,92,,,,,,,,,,,,97,,,,,,,,,,,,,,99,,70,30,,,,,,,,,,,,,,,,,,,,,,,,,,,,,,,,,,,,,,,,,,,,,,,,,,,,,,,,,,,,,,,,,,,,,,,,,,,,,,,,,,,,,,,,,,,,,,,,,,,,,,,,,,,,,,,,,,,,,,,,,
3357317,18–39,English,EN,,,,,,,,,,,,,,,,,,,,,,,,,,,,,,,,,,,,,,,,,,,,,,,,,,,,,,,,,,,,,,,,,,,,,,,,,,,,,,,,,,,,,,,,,,,,,,,,,,,,,,,,,,,,,,,70,30,,,,,,,,,90,,,,,85,,,,,,,,,,,,80,,,,,,,,,,,,,,,,,40,,,,,,33,,,,,,,,,,,,,,25,,,,,45,,,,,,,,,,,,,,,,,,,,5,10,,,,,,,,,,,,,,,,,15,,,,,,,,,,0,,,,,
6238559,40–64,English,EN,,,,,,,,,,,,,,,,,,,,,,,,,,,,,,,,,,,,,,,,,,,,,,,,,,,,,,,,,,,,,,,,,,,,,,,,,,,,,,,,,,,,,,,,,,,,,,,,,,,,,,,,,,,,,,,70,30,,,,,,,,,100,,,,,,84,,,,,,,,,,92,,,,,,,,,,,,,,,,,,58,,,,,,,68,,,,,,,,,,43,,,,,,,,35,,,,,,,,,,9,,,,,,,,,,,,,,,,,,4,,,,,,,,,,,,,,5,,,,,,,0,,,,
9990286,18–39,English,EN,,,100,,,,,,,,,,,,,,,,7,,,,,,,,100,,,,,,,,,,,,,75,,,,,,,,,,,,,,,30,,,,,,,,,28,,,,,,14,,,,,,,,,,,,,,,,,11,,20,,,,,,,,,,,,0,,,,,,,,,,70,30,,,,,,,,,,,,,,,,,,,,,,,,,,,,,,,,,,,,,,,,,,,,,,,,,,,,,,,,,,,,,,,,,,,,,,,,,,,,,,,,,,,,,,,,,,,,,,,,,,,,,,,,,,,,,,,,,,,,,,,,,
8972177,40–64,English,EN,,,,,,,,,,,,,,,,,,,,,,,,,,,,,,,,,,,,,,,,,,,,,,,,,,,,,,,,,,,,,,,,,,,,,,,,,,,,,,,,,,,,,,,,,,,,,,,,,,,,,,,,,,,,,,,70,30,,,,95,,,,,,,,,,,,,,90,,,,,,,,,,,,90,,,,,,,,,,,,,,75,,,,,80,,,,,,,50,,,,,,,,,,,,,10,,,,,,,,,,,,,,,,,,10,,,,,,,5,,,,,,,10,,,,,,,,,,,,,,,,,,0,,
5771360,40–64,English,EN,,,,,,,100,,,,,,100,,,,,,,,,,80,,,,,,,,,,,,,95,,,,,,,,,,,,90,,,,,,,,,,,,,,,,40,,,,,,,,80,,,,,,,,,,,,,5,,,,,,,,,,,,,,20,,,,,0,,,,,,,70,30,,,,,,,,,,,,,,,,,,,,,,,,,,,,,,,,,,,,,,,,,,,,,,,,,,,,,,,,,,,,,,,,,,,,,,,,,,,,,,,,,,,,,,,,,,,,,,,,,,,,,,,,,,,,,,,,,,,,,,,,,
8025427,18–39,English,EN,,,,,,,,,,,,,,,,,,,,,,,,,,,,,,,,,,,,,,,,,,,,,,,,,,,,,,,,,,,,,,,,,,,,,,,,,,,,,,,,,,,,,,,,,,,,,,,,,,,,,,,,,,,,,,,70,30,,100,,,,,,,,,,,,,,,,,,75,,,25,,,,,,,,,,,,,83,,,,,,,,,,,,80,,,,,,,,,,,,,,,,,50,,,,,,,,,,,,40,,,,,,,,5,,,,,,,,,,10,,,,,,,,,,16,,,,,,,,,,0,,,,,,
3091604,18–39,English,EN,,,,,,,,100,,,,,,,,,,,,,,100,,,,,79,,,,,,,,,95,,,,,,,,,75,,,,,,,,,,,,,,,,,,,,51,,,20,,,,,,,,,,,,,,,33,,,,,,,,,,,,,,13,,,,,,0,,,,,,,,70,30,,,,,,,,,,,,,,,,,,,,,,,,,,,,,,,,,,,,,,,,,,,,,,,,,,,,,,,,,,,,,,,,,,,,,,,,,,,,,,,,,,,,,,,,,,,,,,,,,,,,,,,,,,,,,,,,,,,,,,,,,
2437847,40–64,English,EN,,,,,,50,,,,,,,,,,,,,,10,,,,91,,,,,,,,,,,,,,,,70,,,,,,,,91,,,,,,,,30,,,,,,,,,,,,,,,,,,,,7,,,,,,,,,3,,,,,,,,,,,,,,30,,,,,10,,,,,,,70,30,,,,,,,,,,,,,,,,,,,,,,,,,,,,,,,,,,,,,,,,,,,,,,,,,,,,,,,,,,,,,,,,,,,,,,,,,,,,,,,,,,,,,,,,,,,,,,,,,,,,,,,,,,,,,,,,,,,,,,,,,
4890089,18–39,English,EN,,,,,,,,,,,,,,,,,,,,,,,,,,,,,,,,,,,,,,,,,,,,,,,,,,,,,,,,,,,,,,,,,,,,,,,,,,,,,,,,,,,,,,,,,,,,,,,,,,,,,,,,,,,,,,,70,30,100,,,,,,,,,,,,,,,,,,,82,,,,,,,,,,88,,,,,,,,,74,,,,,,,,,,,,83,,,,,,,46,,,,,,,,,,,,,,,,,,24,,,,,,8,,,,,,,,5,,,,,,,,,,,,,,,,,,,,19,,,,0,,,,,,,
1048258,18–39,English,EN,,,,,,100,,,,,,,,,,,,,100,,,,,,,,,,,,100,,,,,,,,,92,,,,,,,,,68,,,,,,,,,,,,,,,,17,,17,,,,,,,,,,,,,13,,,,,,,,,,,,,,,,,,,13,,,,0,,,,,,,,70,30,,,,,,,,,,,,,,,,,,,,,,,,,,,,,,,,,,,,,,,,,,,,,,,,,,,,,,,,,,,,,,,,,,,,,,,,,,,,,,,,,,,,,,,,,,,,,,,,,,,,,,,,,,,,,,,,,,,,,,,,,
4121276,18–39,English,EN,100,,,,,,,,,,,,,,,100,,,,,,,,,100,,,,,,,,,,,,,,,,60,,,,,,,75,,,,,,,,,,,,,,35,,,,,,,,,,,,,,7,,,,,,,,,,4,,,,3,,,,,,,,,,,,,,,0,,,,,,70,30,,,,,,,,,,,,,,,,,,,,,,,,,,,,,,,,,,,,,,,,,,,,,,,,,,,,,,,,,,,,,,,,,,,,,,,,,,,,,,,,,,,,,,,,,,,,,,,,,,,,,,,,,,,,,,,,,,,,,,,,,
7717175,18–39,English,EN,,,,,,,,,,,,,,,,,,,,,,,,,,,,,,,,,,,,,,,,,,,,,,,,,,,,,,,,,,,,,,,,,,,,,,,,,,,,,,,,,,,,,,,,,,,,,,,,,,,,,,,,,,,,,,,70,30,,28,,,,,,,,,,,,,,,,,,,66,,,,,,,,,0,,,,,,,,,,100,,,,,16,,,,,,,,,,,,,,,,0,,,,,,,,,13,,,,,,,,,,,,,,,,,,100,,,,,,,,,39,,,,,20,,,,,,,,,,,,,0,,,,,,
8899939,40–64,English,EN,,,,,,,,,,,,,,,,,,,,,,,,,,,,,,,,,,,,,,,,,,,,,,,,,,,,,,,,,,,,,,,,,,,,,,,,,,,,,,,,,,,,,,,,,,,,,,,,,,,,,,,,,,,,,,,70,30,,97,,,,,,,,,,,,,,85,,,,,,,,,,,,,,65,,,,,,,85,,,,,,,,,,,,,,,,,40,,20,,,,,,,,,,,,,,,,,,,,,25,,,,,,,15,,,,,,,,,,,,,10,,,,,,,,35,,,,,,,,0,,,,,,,,
9672873,18–39,English,EN,100,,,,,,,,,,,,,,,,,,,100,,,,100,,,,,,,,,,,,,,80,,,,,,,,,,,,,,,,35,,,,25,,,,,,,,,,,,,,25,,,,,,,,,,,,,,,,9,,,,,,,,4,,,,,,,0,,,,,,,,70,30,,,,,,,,,,,,,,,,,,,,,,,,,,,,,,,,,,,,,,,,,,,,,,,,,,,,,,,,,,,,,,,,,,,,,,,,,,,,,,,,,,,,,,,,,,,,,,,,,,,,,,,,,,,,,,,,,,,,,,,,,
7232919,18–39,English,EN,,,,,,,,,100,,,,,,,,,,,,,100,100,,,,,,,,,,,,,,,,,65,,,,,,,,,,,,,,60,,,,,,,40,,,,,,,,,,15,,,,,,,,20,,,,,,,,,,,,,15,,,,,,,,,,0,,,,,,,,,70,30,,,,,,,,,,,,,,,,,,,,,,,,,,,,,,,,,,,,,,,,,,,,,,,,,,,,,,,,,,,,,,,,,,,,,,,,,,,,,,,,,,,,,,,,,,,,,,,,,,,,,,,,,,,,,,,,,,,,,,,,,
6577743,40–64,English,EN,,,,,,,,,,,,,,,,,,,,,,,,,,,,,,,,,,,,,,,,,,,,,,,,,,,,,,,,,,,,,,,,,,,,,,,,,,,,,,,,,,,,,,,,,,,,,,,,,,,,,,,,,,,,,,,70,30,73,,,,,,,,,,,,,,,,,,,,,91,,,,91,,,,,,,,,,,,,86,,,,,,,,98,,,,,,,,,,,,,52,,,,,,,,,,,,,,,52,,,,9,,,,,,,,,,,,,,,,3,,,,,,,,,,,,25,,,,,,,,,,,,,0,
943492,65 or older,English,EN,,,,,,,,,,,,,,,,,,,,,,,,,,,,,,,,,,,,,,,,,,,,,,,,,,,,,,,,,,,,,,,,,,,,,,,,,,,,,,,,,,,,,,,,,,,,,,,,,,,,,,,,,,,,,,,70,30,,,,100,,,,,,,,,88,,,,,,,,,,,,,,,,,,,64,,,,,,,,68,,,,,,,83,,,,,,,,,,,,,,,,17,,,,,,,,,,,,17,,,14,,,,,,,,,,,,,,,,16,,,,,,,,,,,,,,,,18,,,,,0,,,,,,
4656115,18–39,English,EN,,,,,,,,,,,,,,,,,,,,,,,,,,,,,,,,,,,,,,,,,,,,,,,,,,,,,,,,,,,,,,,,,,,,,,,,,,,,,,,,,,,,,,,,,,,,,,,,,,,,,,,,,,,,,,,70,30,,,,,,,,,,,90,,,93,,,,,,,,,,,,24,,,,,,,,,,,,,,,,,8,,,,,,,,,34,,,,,,,,,19,,,,,,,,,,26,,,,,,,,,,,,,,,8,,,,38,,,,,,,,,,,,,,,,30,,,,,4,,,,,,,,,,
8631080,18–39,English,EN,,,,,,,,,,,100,,100,,,,,,,,,,100,,,,,,,,,,,,,,,,,,,77,,,,,,,,,,,,32,,,,,,,,,10,,,,,,,,,,69,,,,,,,19,,,,,,,,,,,,12,,,,,,,,,,,,0,,,,,,,70,30,,,,,,,,,,,,,,,,,,,,,,,,,,,,,,,,,,,,,,,,,,,,,,,,,,,,,,,,,,,,,,,,,,,,,,,,,,,,,,,,,,,,,,,,,,,,,,,,,,,,,,,,,,,,,,,,,,,,,,,,,
8177747,40–64,English,EN,,,,,,,,,,,,,,,,,,,,,,,,,,,,,,,,,,,,,,,,,,,,,,,,,,,,,,,,,,,,,,,,,,,,,,,,,,,,,,,,,,,,,,,,,,,,,,,,,,,,,,,,,,,,,,,70,30,95,,,,,,,,,,,,,,,,,,,95,,,,,,93,,,,,,,,,,,,80,,,,,,,,,,,,94,,,,,,,,,,,,,,,,10,,,48,,,,,,,,,,,,,,,,2,,,,,6,,,,,,,,,,,,,,,,,,,2,,,,,,,,0,,,,
3758835,18–39,english,EN,,,,,,,,,,,,,,,,,,,,,,,,,,,,,,,,,,,,,,,,,,,,,,,,,,,,,,,,,,,,,,,,,,,,,,,,,,,,,,,,,,,,,,,,,,,,,,,,,,,,,,,,,,,,,,,70,30,,,,,,,,,,6,,,,,7,,,,,,,,,,,,,80,,,,,,60,,,,,,,,,,,,,,,80,,,,,,,,,,,,,,,,,14,,,45,,,,,,,,,,,,,,,6,,,,,,7,,,,,,,,,,,,,,,,,,3,,,,,,,,,,0,,,
2482646,18–39,English,EN,,,,,,100,,,,,,72,,,,,,,,,,,,,,,,,100,,,,,,,,,,,,,,65,,,,,80,,,,,,,,,,,,35,,,,,,,,,,,,,,,,,15,,8,,,,,,,,,,,,8,,,,,,,,,,,,,,,,0,,,,70,30,,,,,,,,,,,,,,,,,,,,,,,,,,,,,,,,,,,,,,,,,,,,,,,,,,,,,,,,,,,,,,,,,,,,,,,,,,,,,,,,,,,,,,,,,,,,,,,,,,,,,,,,,,,,,,,,,,,,,,,,,
7107639,40–64,english,EN,,,,,,,,,,,,,,,,,,,,,,,,,,,,,,,,,,,,,,,,,,,,,,,,,,,,,,,,,,,,,,,,,,,,,,,,,,,,,,,,,,,,,,,,,,,,,,,,,,,,,,,,,,,,,,,70,30,,,,,25,,,,,,,,,,,,,30,,,,,,,,,,,,,20,,,,,,,,,,0,,,,,75,,,,,,,,,,,,,30,,,,,,,,,,,,,30,,,,,,4,,,,,,,,,,,,,100,,,,,,,,,,,,,,,,,,,25,,,,,,,,,,23,
5339371,40–64,English,EN,,,,,,30,,,,,,,30,,,,,,,,,,100,,,,,,,,,,,,,,15,,,,,,,,,,,,,,,40,,,,,,,,,,,,50,,,,,12,,,,,,,,,,,,,15,,,,,,,,,,,,,,,,,15,,,,,,,0,,,,,70,30,,,,,,,,,,,,,,,,,,,,,,,,,,,,,,,,,,,,,,,,,,,,,,,,,,,,,,,,,,,,,,,,,,,,,,,,,,,,,,,,,,,,,,,,,,,,,,,,,,,,,,,,,,,,,,,,,,,,,,,,,
7266538,18–39,English,EN,,,,,,,,,,,97,,,,,,61,,,,,,,,,,,,,,69,,,,,,,93,,,,,,,67,,,,,,,,,,,,69,,,,,,,,,,,,,98,,,,,,,,,,,,,,,56,,,,,,,,,,,,,62,,,,68,,,,,,,,,70,30,,,,,,,,,,,,,,,,,,,,,,,,,,,,,,,,,,,,,,,,,,,,,,,,,,,,,,,,,,,,,,,,,,,,,,,,,,,,,,,,,,,,,,,,,,,,,,,,,,,,,,,,,,,,,,,,,,,,,,,,,
1285144,18–39,English,EN,,,,,,,,,,,,,,,,,,,,,,,,,,,,,,,,,,,,,,,,,,,,,,,,,,,,,,,,,,,,,,,,,,,,,,,,,,,,,,,,,,,,,,,,,,,,,,,,,,,,,,,,,,,,,,,70,30,,,,100,,,,,,,,,,,,50,,,,,,,,,,,,,,74,,,,,,83,,,,,,,,,,,,,,,,,,,40,,,,,,,,,,17,,,,,,,,,,18,,,21,,,,,,,,,,,,,,,,11,,,,,,,13,,,,,,,,,,,,,,,,0,,,,
3671086,18–39,English,EN,,,,,,,,,,,,,,,,,,,,,,,,,,,,,,,,,,,,,,,,,,,,,,,,,,,,,,,,,,,,,,,,,,,,,,,,,,,,,,,,,,,,,,,,,,,,,,,,,,,,,,,,,,,,,,,70,30,,82,,,,,,,,,,,,,92,,,,,,,,93,,,,,,,,,,,,,,,,,,,,,73,,,,,,,,,85,,,,,,,82,,,,,,,,,,,,,,80,,,,,,,,,85,,,,,,,,79,,,,,,,,,,,,,,,,,,89,,,,,,,,75,,,,
9407331,18–39,English,EN,,,,,,,100,,,,,,100,,,,,,,,,,,,,,35,,,,,,,75,,,,,,,,,,,,,,,,,,,83,,,,,,,,,,15,,,,,,,,,80,,,,,,,,,,,,,,,,20,,,86,,,,,,,,,,,,,,,,,,0,,70,30,,,,,,,,,,,,,,,,,,,,,,,,,,,,,,,,,,,,,,,,,,,,,,,,,,,,,,,,,,,,,,,,,,,,,,,,,,,,,,,,,,,,,,,,,,,,,,,,,,,,,,,,,,,,,,,,,,,,,,,,,
921341,18–39,English,EN,,,100,,,,,,,,,100,,,,,,,,,,,,,,,,,,,,100,,,,,,,,,80,,,,,60,,,,,,,,,,,,,,,,40,,,,,,,,,,40,,,,,,,,,,30,,,,,,,,,,,,,,,30,,,,,,,,,,,,,0,70,30,,,,,,,,,,,,,,,,,,,,,,,,,,,,,,,,,,,,,,,,,,,,,,,,,,,,,,,,,,,,,,,,,,,,,,,,,,,,,,,,,,,,,,,,,,,,,,,,,,,,,,,,,,,,,,,,,,,,,,,,,
7009347,18–39,English,EN,,,,,,,,,,,,,,,,,,,,,,,,,,,,,,,,,,,,,,,,,,,,,,,,,,,,,,,,,,,,,,,,,,,,,,,,,,,,,,,,,,,,,,,,,,,,,,,,,,,,,,,,,,,,,,,70,30,,,,,,67,,,,,,,68,,,,,,,,,,,,,,,,,80,,,,69,,,,,,,,,,,,,,,,,,,,64,,,,,,,,83,,,,,,,76,,,,,,,,,,,,,,,,,70,,,,,,,,,,,,,74,,,,,68,,,,,,,,,,72,,,,,,,
2769343,18–39,english,EN,,,,,,,,,9,,,,,,,,,,2,,,,,,,,,,15,,,,,,,,26,,,,,,,,,,,,25,,,,,,,,,,,,,,,,8,,,,,,,,,,,,100,,,,,,11,,,,,,,73,,,,,,,,,,6,,,,,,,,,,,70,30,,,,,,,,,,,,,,,,,,,,,,,,,,,,,,,,,,,,,,,,,,,,,,,,,,,,,,,,,,,,,,,,,,,,,,,,,,,,,,,,,,,,,,,,,,,,,,,,,,,,,,,,,,,,,,,,,,,,,,,,,
8195685,18–39,English,EN,,,,,,,,,,,,,,,,,,,,,,,,,,,,,,,,,,,,,,,,,,,,,,,,,,,,,,,,,,,,,,,,,,,,,,,,,,,,,,,,,,,,,,,,,,,,,,,,,,,,,,,,,,,,,,,70,30,,,,,,,,,92,,,,,65,,,,,,,,,69,,,,,,,,,,,,,,,73,,,,,,,,,,,,,,,,79,,,,,36,,,,,,,,,,,,,32,,,,,,,18,,,,,,,,,,,,,,,,22,,,,,,,,,,,,,,,13,,,,,,,,5,,,
8119868,18–39,English ,EN,,,,,,,100,,,,,,,,,,,,,,,100,,100,,,,,,,,,,,,,,,76,,,,,,,,90,,,,,,,,,30,,,,,,,,,,,,,,,25,,,,,,,,,,,,,,,10,,,,,,,,,,,,20,,,,,,,,,0,,,,70,30,,,,,,,,,,,,,,,,,,,,,,,,,,,,,,,,,,,,,,,,,,,,,,,,,,,,,,,,,,,,,,,,,,,,,,,,,,,,,,,,,,,,,,,,,,,,,,,,,,,,,,,,,,,,,,,,,,,,,,,,,
2864610,40–64,english,EN,,,,,,,,,,,,,,,,,,,,,,,,,,,,,,,,,,,,,,,,,,,,,,,,,,,,,,,,,,,,,,,,,,,,,,,,,,,,,,,,,,,,,,,,,,,,,,,,,,,,,,,,,,,,,,,70,30,,,,,,,,,,90,,50,,,,,,,,,,,,,,,,,,,,,100,,,,,40,,,,,,,,,100,,,,,,,,,,,,,,,,11,,,,,,,,,,20,,,,,,,,,,5,,,,,,,13,,,,,,,,,,,,,2,,,,,,,,,,,,,,,,10,,
3473368,18–39,English,EN,,,,,,,,,80,,,,,,,,,,,,,100,100,,,,,,,,,,,,,,87,,,,,,,,,,,,,,82,,,,,,35,,,,,,,,,,,,,,16,,,,,,,,,,,,,,,,13,,,,23,,,,,,,,,,,,,,0,,,,,,70,30,,,,,,,,,,,,,,,,,,,,,,,,,,,,,,,,,,,,,,,,,,,,,,,,,,,,,,,,,,,,,,,,,,,,,,,,,,,,,,,,,,,,,,,,,,,,,,,,,,,,,,,,,,,,,,,,,,,,,,,,,
2706491,18–39,English,EN,,,,,,,,,,,,,,,,,,,,,,,,,,,,,,,,,,,,,,,,,,,,,,,,,,,,,,,,,,,,,,,,,,,,,,,,,,,,,,,,,,,,,,,,,,,,,,,,,,,,,,,,,,,,,,,70,30,17,,,,,,,,,,,,,,,,,,,87,,,,,,,,,80,,,,,,58,,,,,,,,,,,,,,,,,,,73,,,,28,,,,,,,,,,,,,,,,,,,39,,,,,,,,3,,,,,,,10,,,,,,,,,,,,21,,,,,,,,,,,,0,,,,,
6802466,40–64,English,EN,,,,,,,,,,,,,,,,,,,,,,,,,,,,,,,,,,,,,,,,,,,,,,,,,,,,,,,,,,,,,,,,,,,,,,,,,,,,,,,,,,,,,,,,,,,,,,,,,,,,,,,,,,,,,,,70,30,,,77,,,,,,,,,,,,,,,,18,,,,,,,,,80,,,,,,,,,,,,67,,,,,67,,,,,,,,,,,,,,,,,,,78,,,,,,,,,,,,,8,,,,,,,,,,80,,,,,84,,,,,,,,,,,,90,,,,,,,,51,,,,,,,,,
2845631,18–39,English ,EN,,,,,,,,,100,,,,,,,,,,,,,50,50,,,,,,,,,,,,,,95,,,,,,,,,,,,,,,,,90,,,,,,,,70,,,,,,,,,,,,7,,,,,,,,10,,,,,,,,,,,,11,,,,,,,0,,,,,,,,,,70,30,,,,,,,,,,,,,,,,,,,,,,,,,,,,,,,,,,,,,,,,,,,,,,,,,,,,,,,,,,,,,,,,,,,,,,,,,,,,,,,,,,,,,,,,,,,,,,,,,,,,,,,,,,,,,,,,,,,,,,,,,
8569062,18–39,English,EN,,,,,,,,,,,,,,,,,,,,,,,,,,,,,,,,,,,,,,,,,,,,,,,,,,,,,,,,,,,,,,,,,,,,,,,,,,,,,,,,,,,,,,,,,,,,,,,,,,,,,,,,,,,,,,,70,30,,,,,100,,,,,,,,,,,,89,,,,,,71,,,,,,,,,,,,,96,,,,,,,,,,,,,,,,,93,,,,,,,,,31,,,,,,,,,,,,8,,,,,9,,,,,,,,,,,,,4,,,,,,,,,,,,,,,,,10,,,,,,,,,,,,0
3872305,18–39,English,EN,,,,,,,,,,,100,,,,,,,,100,,,,,,,,,100,,,,,,,,,,90,,,,,,,,,,,,,55,,,,,,,,20,,,,,,,,,,,,,,,,35,,,11,,,,,,,,,,,,10,,,,,,,,,,,,,,,,,,,0,,70,30,,,,,,,,,,,,,,,,,,,,,,,,,,,,,,,,,,,,,,,,,,,,,,,,,,,,,,,,,,,,,,,,,,,,,,,,,,,,,,,,,,,,,,,,,,,,,,,,,,,,,,,,,,,,,,,,,,,,,,,,,
6401431,18–39,english,EN,,100,,,,,,,,,,,,,,,,,,,100,,,,,,,,,,100,,,,,,89,,,,,,,,,,,,,,,20,,,,,,,,,,40,,,,,,,,,,,,,,,7,,,,,3,,,,,,,6,,,,,,,,,,,,,0,,,,,,,,,70,30,,,,,,,,,,,,,,,,,,,,,,,,,,,,,,,,,,,,,,,,,,,,,,,,,,,,,,,,,,,,,,,,,,,,,,,,,,,,,,,,,,,,,,,,,,,,,,,,,,,,,,,,,,,,,,,,,,,,,,,,,
7865449,40–64,English,EN,,,,100,,,,,,,,,58,,,,,,,,,,,,,,,,,,,100,,,,,,,,,,96,,,,,,,,97,,,,,,,,,,,,,,,,11,,,,,,,,37,,,,,,,,21,,,,,,,5,,,,,,,,,,,,,37,,,,,,,,,70,30,,,,,,,,,,,,,,,,,,,,,,,,,,,,,,,,,,,,,,,,,,,,,,,,,,,,,,,,,,,,,,,,,,,,,,,,,,,,,,,,,,,,,,,,,,,,,,,,,,,,,,,,,,,,,,,,,,,,,,,,,
6462951,18–39,English,EN,,,,,,,,,,,,,,,,,,,,,,,,,,,,,,,,,,,,,,,,,,,,,,,,,,,,,,,,,,,,,,,,,,,,,,,,,,,,,,,,,,,,,,,,,,,,,,,,,,,,,,,,,,,,,,,70,30,,,,,,,,,,90,,,,,85,,,,,,,,,,,,,78,,,,,,,76,,,,,,,,,,,,,,,,,,63,,,,,,,,,,18,,,,30,,,,,,,,,,,,,,,,,,,,,10,,,,,8,,,,,,,,,,,,,10,,,,,,,4,,,,,,,,
5533042,18–39,English,EN,,,,,,,,,,,,,,,,,,,,,,,,,,,,,,,,,,,,,,,,,,,,,,,,,,,,,,,,,,,,,,,,,,,,,,,,,,,,,,,,,,,,,,,,,,,,,,,,,,,,,,,,,,,,,,,70,30,,,100,,,,,,,,,,,,,,70,,,,,,75,,,,,,,,,,,,,,,,,,65,,,,,,,80,,,,,,,,,,,,45,,,,,,,,15,,,,,,,,,,,,,,,,,,,5,,,,,,,,,,8,,,,,,,,,,,,,14,,,,,,,0,,,,
5230207,18–39,English,EN,,,,,,,,,,100,,100,,,,,,,,,,,,,,,,,,,100,,,,,,,,,,,,,80,,,,,,,63,,,,,,,,11,,,,,,,,,32,,,,,,,,,,,,,,15,,,,,,,,,15,,,,,,,,,,,,,,0,,,,,,70,30,,,,,,,,,,,,,,,,,,,,,,,,,,,,,,,,,,,,,,,,,,,,,,,,,,,,,,,,,,,,,,,,,,,,,,,,,,,,,,,,,,,,,,,,,,,,,,,,,,,,,,,,,,,,,,,,,,,,,,,,,
8072426,18–39,english,EN,,,,,100,,,,,,,,,,,,,,100,,,,100,,,,,,,,,,,,,,,,,,,,,50,,,100,,,,,,,,,,,,,,,15,,,,,,,,,,50,,,,,,,,,,,,,,7,,,,7,,,,,,,,,,,,,0,,,,,,,,70,30,,,,,,,,,,,,,,,,,,,,,,,,,,,,,,,,,,,,,,,,,,,,,,,,,,,,,,,,,,,,,,,,,,,,,,,,,,,,,,,,,,,,,,,,,,,,,,,,,,,,,,,,,,,,,,,,,,,,,,,,,
7490050,18–39,English,EN,,,,,,,,,,,,,,,,,,,,,,,,,,,,,,,,,,,,,,,,,,,,,,,,,,,,,,,,,,,,,,,,,,,,,,,,,,,,,,,,,,,,,,,,,,,,,,,,,,,,,,,,,,,,,,,70,30,,,,,,,100,,,,,,,,,,,,5,,,,,,,,30,,,,,,,,,,30,,,,,,,,,,,,,,,,50,,,40,,,,,,,,,,,,,25,,,,,,,,,,,,,,8,,,,,,,0,,,,,,,,,,,,,,,,,,,10,,,,,,,,,,,,0
1135313,18–39,english,EN,,,,,,,100,,,,,,,,,,,,100,,,,,,,,,100,,,,,,,,,,85,,,,,,,53,,,,,,,,,,,,16,,,,,,,,,,,,,,,,,,,,31,,,,,,,,,,12,,,,9,,,,,,,,,,,,,,,,,0,,,70,30,,,,,,,,,,,,,,,,,,,,,,,,,,,,,,,,,,,,,,,,,,,,,,,,,,,,,,,,,,,,,,,,,,,,,,,,,,,,,,,,,,,,,,,,,,,,,,,,,,,,,,,,,,,,,,,,,,,,,,,,,
9745133,40–64,English,EN,100,,,,,,,,,,,,,,,,100,,,,,,,100,,,,,,,,,,,,,,,,65,,,,,,,,,,,,,,,65,,,,,,,,19,,,,,,,,,,,,,4,,,,,,,,,,3,,,,,,,3,,,,,,,,,,0,,,,,,,,70,30,,,,,,,,,,,,,,,,,,,,,,,,,,,,,,,,,,,,,,,,,,,,,,,,,,,,,,,,,,,,,,,,,,,,,,,,,,,,,,,,,,,,,,,,,,,,,,,,,,,,,,,,,,,,,,,,,,,,,,,,,
8407030,40–64,English,EN,,,,,100,,,,,,,,,100,,,,,,,,,,,,,,,,,,,100,,,,,,,,,80,,,,,,,,,65,,,,,,,,,,,,,,35,,38,,,,,,,,,,,,24,,,,,,,,,,,,,,,29,,,,,,,,,,,,,0,,,,70,30,,,,,,,,,,,,,,,,,,,,,,,,,,,,,,,,,,,,,,,,,,,,,,,,,,,,,,,,,,,,,,,,,,,,,,,,,,,,,,,,,,,,,,,,,,,,,,,,,,,,,,,,,,,,,,,,,,,,,,,,,
6384972,40–64,English,EN,,,,,,,,,,,,,,,,,,,,,,,,,,,,,,,,,,,,,,,,,,,,,,,,,,,,,,,,,,,,,,,,,,,,,,,,,,,,,,,,,,,,,,,,,,,,,,,,,,,,,,,,,,,,,,,70,30,100,,,,,,,,,,,,,,,,,,,90,,,,,,,,,95,,,,,,,,80,,,,,,,,,,94,,,,,,,,,,,,,28,,,,,,,,,,,,,,,,17,,,,,,,,,,,,23,,10,,,,,,,,,,,,,,,,,14,,,,,,,,,0,,,,,
3231144,40–64,English,EN,,,,99,,,,,,,,,,,,,,,,98,,,,,100,,,,,,,,,,,,,,,,,,,81,,,,,,,,1,,,,33,,,,,,,,,,,,93,,,,,,,,,,,,,,,,77,,,,,,,,,,18,,,,,,,,,,0,,,,,,,70,30,,,,,,,,,,,,,,,,,,,,,,,,,,,,,,,,,,,,,,,,,,,,,,,,,,,,,,,,,,,,,,,,,,,,,,,,,,,,,,,,,,,,,,,,,,,,,,,,,,,,,,,,,,,,,,,,,,,,,,,,,
2350145,18–39,English,EN,,,,,,,100,,,,,,,,,,,,,100,,,,,,,,,,,,100,,,,,,,,,65,,,,,,,,45,,,,,,,,,22,,,,,,,,,29,,,,,,,,,,,,,,3,,,,,,,,,,,,,3,,,,,,,,,,,,,,,,0,70,30,,,,,,,,,,,,,,,,,,,,,,,,,,,,,,,,,,,,,,,,,,,,,,,,,,,,,,,,,,,,,,,,,,,,,,,,,,,,,,,,,,,,,,,,,,,,,,,,,,,,,,,,,,,,,,,,,,,,,,,,,
8132487,40–64,English,EN,,,,,,,,,,,,,,,,,,,,,,,,,,,,,,,,,,,,,,,,,,,,,,,,,,,,,,,,,,,,,,,,,,,,,,,,,,,,,,,,,,,,,,,,,,,,,,,,,,,,,,,,,,,,,,,70,30,,,,,,,100,,,,,,,,,,,,,,85,,,,95,,,,,,,,,80,,,,,,,,,,,,,,,,,,,,,80,,,,,,50,,,,,,,,,,15,,,,,,,,,,,,,,,2,,,,5,,,,,,,,,,,,,,,,,3,,,,,,,0,,,,,,,
2952818,18–39,english,EN,,,,,,,,,,,,,,,,,,,,,,,,,,,,,,,,,,,,,,,,,,,,,,,,,,,,,,,,,,,,,,,,,,,,,,,,,,,,,,,,,,,,,,,,,,,,,,,,,,,,,,,,,,,,,,,70,30,,,,88,,,,,,,,,,62,,,,,,,,,,,,,,,,,,,57,,,,,,87,,,,,,,,,,,,37,,,,,,,,,,,,,29,,,15,,,,,,,,,,,,,,,9,,,,,,,,,,,,,,2,,,,,7,,,,,,,,,,,,,,,,,,,0,
1921532,18–39,english,EN,,,,,,,,,,100,,,,,,,,,,,,100,,,,,,,,,100,,,,,,,90,,,,,,,,,,,,75,,,,,,,,,50,,,,,,,,,,,,,,70,,,,,,,,,,,,4,,,,40,,,,,,,,,,,,,0,,,,,,,,,70,30,,,,,,,,,,,,,,,,,,,,,,,,,,,,,,,,,,,,,,,,,,,,,,,,,,,,,,,,,,,,,,,,,,,,,,,,,,,,,,,,,,,,,,,,,,,,,,,,,,,,,,,,,,,,,,,,,,,,,,,,,
8069222,18–39,english,EN,,,,,,,,,,,,,,,,,,,,,,,,,,,,,,,,,,,,,,,,,,,,,,,,,,,,,,,,,,,,,,,,,,,,,,,,,,,,,,,,,,,,,,,,,,,,,,,,,,,,,,,,,,,,,,,70,30,,,,,,,,,100,,,,,,83,,,,,,,,,,,,,,70,,,,,,,,,,,,38,,,,55,,,,,,,,,,,,,,,40,,,,,,,,17,,,,,,,,,,,,,,,,,,,,23,,,,,,12,,,,,,,,,,,,,,,10,,,,0,,,,,,,,
645274,18–39,English,EN,,,,,,,,,,100,,,100,,,,,,,,,,,,,,,,34,,,,,,,,,,100,,,,,,61,,,,,,,,,,,,,,41,,,,,,,,,,,,,,,10,,,,,,,,,,,,,,22,,,,,18,,,,,,,,,71,,,,,,,,,70,30,,,,,,,,,,,,,,,,,,,,,,,,,,,,,,,,,,,,,,,,,,,,,,,,,,,,,,,,,,,,,,,,,,,,,,,,,,,,,,,,,,,,,,,,,,,,,,,,,,,,,,,,,,,,,,,,,,,,,,,,,
8035552,18–39,English,EN,100,,,,,,,,,,,,,,,,,,100,,,,,,100,,,,,,,,,,,,90,,,,,,,,,,,,,,,,,,65,,15,,,,,,,,,,,,,,,,12,,,,,,,,,,,,,3,,,,,,,7,,,,,,,,,,,,0,,,,,,70,30,,,,,,,,,,,,,,,,,,,,,,,,,,,,,,,,,,,,,,,,,,,,,,,,,,,,,,,,,,,,,,,,,,,,,,,,,,,,,,,,,,,,,,,,,,,,,,,,,,,,,,,,,,,,,,,,,,,,,,,,,
8774272,18–39,English,EN,,,,,,,,,,,,,,,,,,,,,,,,,,,,,,,,,,,,,,,,,,,,,,,,,,,,,,,,,,,,,,,,,,,,,,,,,,,,,,,,,,,,,,,,,,,,,,,,,,,,,,,,,,,,,,,70,30,15,,,,,,,,,,,,,,,,100,,,,,,,,,,,,,,,5,,,,90,,,,,,,,,,,,,,,,2,,,,,30,,,,,,,,,,,,,15,,,,,,,,,,,,,,50,,,,,,,,,,,,,,,100,,,,,,,,,90,,,,,,,0,,,,,,
7364594,18–39,English,EN,100,,,,,,,,,,,,,,,,,,90,,,,,,100,,,,,,,,,,,,,,,,,70,,,,,,,80,,,,,,,,,,,,50,,,,,,,,,,,,80,,,,,,,,30,,,,,,,,,,,,,,,,,,60,,,,,,,,,,5,,70,30,,,,,,,,,,,,,,,,,,,,,,,,,,,,,,,,,,,,,,,,,,,,,,,,,,,,,,,,,,,,,,,,,,,,,,,,,,,,,,,,,,,,,,,,,,,,,,,,,,,,,,,,,,,,,,,,,,,,,,,,,
8702917,18–39,English,EN,,,,,,,,,,,,,,,,,,,,,,,,,,,,,,,,,,,,,,,,,,,,,,,,,,,,,,,,,,,,,,,,,,,,,,,,,,,,,,,,,,,,,,,,,,,,,,,,,,,,,,,,,,,,,,,70,30,,,100,,,,,,,,,,,,82,,,,,,,,,,,,,,,,79,,,,,,,,,,,,,83,,85,,,,,,,,,,28,,,,,,,,,,,,,,,,,,,,21,,,,,,7,,,,,,,,,,,,,,12,,,,,,,,,,67,,,,,,,,,,8,,,,,
761077,40–64,English,EN,,,,,,,,,,6,,,76,,,,,,,,,,,,,18,,,,,,,,,,,,,,,,61,,,,,,,,58,,,,,,,,,,,,,,,,34,,,,,80,,,,,,,,,,,,,60,,,,,,,,,,,,6,,,,18,,,,,,,,,,,70,30,,,,,,,,,,,,,,,,,,,,,,,,,,,,,,,,,,,,,,,,,,,,,,,,,,,,,,,,,,,,,,,,,,,,,,,,,,,,,,,,,,,,,,,,,,,,,,,,,,,,,,,,,,,,,,,,,,,,,,,,,
5806382,18–39,English,EN,,,,,,,,,,,,,,,,,,,,,,,,,,,,,,,,,,,,,,,,,,,,,,,,,,,,,,,,,,,,,,,,,,,,,,,,,,,,,,,,,,,,,,,,,,,,,,,,,,,,,,,,,,,,,,,70,30,,,,,,,,,100,,,75,,,,,,,,,,,,,,,,,,,,75,,,,,,,,,,,,80,,,,,,,,85,,,,,25,,,,,,,,,,,,25,,,,,,,,,,,,,5,,,,,,,,,,5,,,,,,,,,,,,,,10,,,,,,,,,,0,,,,,
1840036,18–39,English,EN,,,,,,,,,,100,,,100,,,,,,,,,,,,,,,,100,,,,,,,,,,,,90,,,,50,,,,,,,,,,,,,70,,,,,,,,,,,,,20,,,,,,,,,,,,20,,,,,,,,,,,,,,,,10,,,,,,,,,0,,,70,30,,,,,,,,,,,,,,,,,,,,,,,,,,,,,,,,,,,,,,,,,,,,,,,,,,,,,,,,,,,,,,,,,,,,,,,,,,,,,,,,,,,,,,,,,,,,,,,,,,,,,,,,,,,,,,,,,,,,,,,,,
7426028,18–39,English,EN,,,,,,,,,,,,,,,,,,,,,,,,,,,,,,,,,,,,,,,,,,,,,,,,,,,,,,,,,,,,,,,,,,,,,,,,,,,,,,,,,,,,,,,,,,,,,,,,,,,,,,,,,,,,,,,70,30,80,,,,,,,,,,,,90,,,,,,,,,,,,,,,70,,,,,,,,,,,,,,,,65,,,,,,,,65,,,,,,,,55,,,,,,,,,60,,,,,,,,,,,,,,,,,10,,,,,,10,,,,,,,,,,,,,,,,,10,,,,,,,,0,,,,
1590966,40–64,English,EN,,,,,,,,6,,,,,,,,,100,,,,,,,,,,,,,,18,,,,,,,,,78,,,,,,,,,,,,,,22,,,37,,,,,,,,,,25,,,,,,,,,,,,,,,16,,,,,,,,,,25,,,,,,,,,,100,,,,,,,,,70,30,,,,,,,,,,,,,,,,,,,,,,,,,,,,,,,,,,,,,,,,,,,,,,,,,,,,,,,,,,,,,,,,,,,,,,,,,,,,,,,,,,,,,,,,,,,,,,,,,,,,,,,,,,,,,,,,,,,,,,,,,
8640936,18–39,English,EN,,,,,,100,,,,,,,,,,,,100,,,,,100,,,,,,,,,,,,90,,,,,,,,,,,,,,,,,,,80,,,,,,50,,,,,,,,,,15,,,,,,,,,,,,,,,9,,,,,,,,,,,,9,,,,,0,,,,,,,,,70,30,,,,,,,,,,,,,,,,,,,,,,,,,,,,,,,,,,,,,,,,,,,,,,,,,,,,,,,,,,,,,,,,,,,,,,,,,,,,,,,,,,,,,,,,,,,,,,,,,,,,,,,,,,,,,,,,,,,,,,,,,
515125,18–39,English,EN,,,,,,,,,,,,,,,,,,,,,,,,,,,,,,,,,,,,,,,,,,,,,,,,,,,,,,,,,,,,,,,,,,,,,,,,,,,,,,,,,,,,,,,,,,,,,,,,,,,,,,,,,,,,,,,70,30,,,,,,,83,,,,,,85,,,,,,,,,,,,,45,,,,,,,,,,,,38,,,,,,,,,85,,,,,,,,,,,,,,,,12,,,,,,,,,,,,,,17,,,,,,8,,,,,,2,,,,,,,,,,,,,,,,,,,,3,,,,,,,,,,0,,
61480,18–39,english,EN,,,,,100,,,,,,,,,,,,,,,,100,,,,,,,,,,25,,,,,95,,,,,,,,,,,,,,,,,,,62,,,,,,36,,,,,,24,,,,,,,,,,,,,,,,,,7,,,,,17,,,,,,,,,,,,,0,,,,,,,,70,30,,,,,,,,,,,,,,,,,,,,,,,,,,,,,,,,,,,,,,,,,,,,,,,,,,,,,,,,,,,,,,,,,,,,,,,,,,,,,,,,,,,,,,,,,,,,,,,,,,,,,,,,,,,,,,,,,,,,,,,,,
3183540,40–64,English Language,EN,,,,,,,,,,,,,,,,,,,,,,,,,,,,,,,,,,,,,,,,,,,,,,,,,,,,,,,,,,,,,,,,,,,,,,,,,,,,,,,,,,,,,,,,,,,,,,,,,,,,,,,,,,,,,,,70,30,,,,,21,,,,,,,,,,0,,,,,,,,,,0,,,,,,,,,,,,,,,,,13,,,,,,,,100,,,,,,0,,,,,,,,,,,,,,,,,,0,,,,,,,,,,,,,71,,,100,,,,,,,,,,,,,,,,,,,,0,,,,,,,14,,,,
509037,18–39,English,EN,,,,,,,,,,,,,,,,,,,,,,,,,,,,,,,,,,,,,,,,,,,,,,,,,,,,,,,,,,,,,,,,,,,,,,,,,,,,,,,,,,,,,,,,,,,,,,,,,,,,,,,,,,,,,,,70,30,,,,,,,,100,,,,,,,,,,,,,,90,,80,,,,,,,,,,,,,,,,75,,,,,,,95,,,,,,,,,30,,,,,,,,,,,,,,,,,,,20,,,,,,,,,,,,5,,,,,5,,,,,,,,,,,,,10,,,,,,,,,,0,,,,,,
720629,18–39,English,EN,,,,,,,,,,,,,,,,,,,,,,,,,,,,,,,,,,,,,,,,,,,,,,,,,,,,,,,,,,,,,,,,,,,,,,,,,,,,,,,,,,,,,,,,,,,,,,,,,,,,,,,,,,,,,,,70,30,,,,,,,,,,,95,,75,,,,,,,,,,,,,,,,,,60,,,,,,,,,,,,65,,81,,,,,,,,,,,,,,,,,35,,,,,,,,24,,,,,,,,,,,,,12,,,,,,,,,,,,,3,,,,,,20,,,,,,,,,,,,,0,,,,,,
4802398,18–39,English,EN,,,,,,,100,,,,,,,,,,,,,100,,,,,,,,,,,,100,,,,,80,,,,,,,,,,,,35,,,,,,,,,,,,60,,,,,,,,,,,,,,,,25,5,,,,,,,,,,,,15,,,,,,,,,,,,,,,,,0,,,,70,30,,,,,,,,,,,,,,,,,,,,,,,,,,,,,,,,,,,,,,,,,,,,,,,,,,,,,,,,,,,,,,,,,,,,,,,,,,,,,,,,,,,,,,,,,,,,,,,,,,,,,,,,,,,,,,,,,,,,,,,,,
8346571,18–39,English,EN,100,,,,,,,,,,,,,,,100,,,,,,,,,,100,,,,,,,,,,,,,,,,77,,,,,,,,,,,,35,,,,,,,21,,,,,,,,,,,,,,,,80,,,,,,,,3,,,,,,,,,,74,,,,,,0,,,,,,,,,,70,30,,,,,,,,,,,,,,,,,,,,,,,,,,,,,,,,,,,,,,,,,,,,,,,,,,,,,,,,,,,,,,,,,,,,,,,,,,,,,,,,,,,,,,,,,,,,,,,,,,,,,,,,,,,,,,,,,,,,,,,,,
9552176,18–39,English,EN,,,,,,,,,,,,,,,,,,,,,,,,,,,,,,,,,,,,,,,,,,,,,,,,,,,,,,,,,,,,,,,,,,,,,,,,,,,,,,,,,,,,,,,,,,,,,,,,,,,,,,,,,,,,,,,70,30,,,,,,,,100,,,,,,,,,,,,87,,,,,,,,,,,,,87,,,,,,40,,,,,,,,,,,,,,,21,,,,7,,,,,,,,,,,,4,,,,,,,,,,,,,,33,,,,,,,,,8,,,,,,,,5,,,,,,,,,,0,,,,,,,,,,
450759,40–64,English,EN,,,,,,,,,,,,,,,,,,,,,,,,,,,,,,,,,,,,,,,,,,,,,,,,,,,,,,,,,,,,,,,,,,,,,,,,,,,,,,,,,,,,,,,,,,,,,,,,,,,,,,,,,,,,,,,70,30,,,,,,92,,,,,,,,,20,,,,,,,,,,,,,,,,,28,,,,,,,,,,,,8,,,,,,,,,76,,,,,,,,,65,,,,,,64,,,,,,,,,,,,15,,,,,,,,,,,,,,,,89,,,,17,,,,,,,,,,,,,,,36,,,,,,
42114,18–39,English,EN,,,,,,,,,,,36,36,,,,,,,,,,,,,,,,,100,,,,,,80,,,,,,,,,,,,,50,,,,,,,,,,,,,,,8,,,,,,,,,,,,40,,,,,,,,36,,,,,,,,,,25,,,,,,,,,,,,,,,,0,,70,30,,,,,,,,,,,,,,,,,,,,,,,,,,,,,,,,,,,,,,,,,,,,,,,,,,,,,,,,,,,,,,,,,,,,,,,,,,,,,,,,,,,,,,,,,,,,,,,,,,,,,,,,,,,,,,,,,,,,,,,,,
901740,18–39,ENGLISH,EN,,,,,,,,,,,,,,,,,,,,,,,,,,,,,,,,,,,,,,,,,,,,,,,,,,,,,,,,,,,,,,,,,,,,,,,,,,,,,,,,,,,,,,,,,,,,,,,,,,,,,,,,,,,,,,,70,30,,,100,,,,,,,,,,,,,,94,,,,,,,,,,,,31,,,,,,92,,,,,,,,,,,,,,,,,,,,90,,,,,,,,17,,,,,,,,30,,,,,,,,,,10,,,,,,,,,,,,,,,,4,,,,,,,,,,,,3,,0,,,,,,,,,,
882536,18–39,English,EN,,,,,,,,,,,,,,,,,,,,,,,,,,,,,,,,,,,,,,,,,,,,,,,,,,,,,,,,,,,,,,,,,,,,,,,,,,,,,,,,,,,,,,,,,,,,,,,,,,,,,,,,,,,,,,,70,30,,100,,,,,,,,,,,,,,,,,,,82,,83,,,,,,,,,,,,,,,,,,,,,86,,,96,,,,,,,,,,,,,25,,,,,,,,,,,,,,8,,,,,,,,,6,,,,,,,,,,,,19,,,,,,,,,,,,,4,,,,,,0,,,,,,,
943279,18–39,english,EN,,60,,,,,,,,,,,,,,,100,,,,,,,,,,,,,20,,,,,,,,,,60,,,,,39,,,,,,,,,,,,,,,,,,,,,0,,,,,56,,,,,,,,,53,,,,,,,,,,,,35,,,,,,,,,,,,,,,,19,,,70,30,,,,,,,,,,,,,,,,,,,,,,,,,,,,,,,,,,,,,,,,,,,,,,,,,,,,,,,,,,,,,,,,,,,,,,,,,,,,,,,,,,,,,,,,,,,,,,,,,,,,,,,,,,,,,,,,,,,,,,,,,
5874150,18–39,English,EN,,,,86,,,,,,,,,,,,,,,22,,,,,,,,,,,,28,,,,,78,,,,,,,,,33,,,,,,,,,,,,24,,,,,,,,,,,,,,,61,,,,,,,,,,30,,,,,,,,,,,,,,,,20,,,,,,,,,,,,67,70,30,,,,,,,,,,,,,,,,,,,,,,,,,,,,,,,,,,,,,,,,,,,,,,,,,,,,,,,,,,,,,,,,,,,,,,,,,,,,,,,,,,,,,,,,,,,,,,,,,,,,,,,,,,,,,,,,,,,,,,,,,
439717,40–64,English,EN,,,,,,,,,,,,,,,,,,,,,,,,,,,,,,,,,,,,,,,,,,,,,,,,,,,,,,,,,,,,,,,,,,,,,,,,,,,,,,,,,,,,,,,,,,,,,,,,,,,,,,,,,,,,,,,70,30,,,,,,,,,70,,,60,,,,,,,,,,,,,,,,,,75,,,,,,80,,,,,,,,,,,,,81,,,,,,,,,,,,,,,,45,,,,,30,,,,,,,,,25,,,,,,,,,,,,,,,,10,,,,,,,,,,,,,,,10,,,,,,0,,,,,
1644338,40–64,English,EN,,,,,,,,,,,80,,,,,,,100,,,,,,,,,,,,80,,,,,,93,,,,,,,,,,,,,,64,,,,,,,,,,26,,,,,,,,12,,,,,,,,,,,,,,,,,,15,,,5,,,,,,,,,,,,,,0,,,,,,,,70,30,,,,,,,,,,,,,,,,,,,,,,,,,,,,,,,,,,,,,,,,,,,,,,,,,,,,,,,,,,,,,,,,,,,,,,,,,,,,,,,,,,,,,,,,,,,,,,,,,,,,,,,,,,,,,,,,,,,,,,,,,
6304253,18–39,English,EN,,,,,,,,,,,,,,,,,,,,,,,,,,,,,,,,,,,,,,,,,,,,,,,,,,,,,,,,,,,,,,,,,,,,,,,,,,,,,,,,,,,,,,,,,,,,,,,,,,,,,,,,,,,,,,,70,30,,,,,,,,,,7,,,,,,,,,,,,96,,,95,,,,,,,,,,,,80,,,,,,,,,,,,,,,,96,,,50,,,,,,,,,,,,30,,,,,,,,,,,,,,3,,,,,,,,,,,,4,,,,,,,,,,,,,3,,,,,,,,,,0,,,,
5083422,18–39,English,EN,,,,,,,,11,,,,,,,,,,99,,,,,37,,,,,,,,,,,,,,,,,,,61,,,,,,86,,,,,,,,,,100,,,,,,,,,,,,,,100,,,,,,,72,,,,,,,,,,,,,,,,,,,36,,,,,,19,,,,,,,70,30,,,,,,,,,,,,,,,,,,,,,,,,,,,,,,,,,,,,,,,,,,,,,,,,,,,,,,,,,,,,,,,,,,,,,,,,,,,,,,,,,,,,,,,,,,,,,,,,,,,,,,,,,,,,,,,,,,,,,,,,,
3028568,18–39,English,EN,,,,,,,,,100,,,,100,,,,,,,,,,100,,,,,,,,,,,,,,,,,,,,75,,,,,,40,,,,,,,,,,,,,,6,,,,,,,25,,,,,,,,,,,,,,,,,,5,,,,,,10,,,,,,,,0,,,,,,,,,70,30,,,,,,,,,,,,,,,,,,,,,,,,,,,,,,,,,,,,,,,,,,,,,,,,,,,,,,,,,,,,,,,,,,,,,,,,,,,,,,,,,,,,,,,,,,,,,,,,,,,,,,,,,,,,,,,,,,,,,,,,,
4780496,40–64,English,EN,,,,,,,,,,,,,,,,,,,,,,,,,,,,,,,,,,,,,,,,,,,,,,,,,,,,,,,,,,,,,,,,,,,,,,,,,,,,,,,,,,,,,,,,,,,,,,,,,,,,,,,,,,,,,,,70,30,,,,,,,,,,,100,60,,,,,,,,,,,,,,,,60,,,,,,,,,,,,,,,40,,,,,,,,,,40,,,,,,,,,,20,,,,,,,,,,15,,,,,,10,,,,,,,,,,,,,,3,,,,,,,,,,5,,,,,,,,,,0,,,,,,,,
3424529,40–64,English,EN,,,,,,,,,,100,,,,,,,,,,,,95,,,,,,,,100,,,,,,,80,,,,,,,,,,,,95,,,,,,,,,,,,,,,50,,,,,80,,,,,,,,,50,,,,,,,,,,,,31,,,,,,,,,,,,,,,0,,,,,,70,30,,,,,,,,,,,,,,,,,,,,,,,,,,,,,,,,,,,,,,,,,,,,,,,,,,,,,,,,,,,,,,,,,,,,,,,,,,,,,,,,,,,,,,,,,,,,,,,,,,,,,,,,,,,,,,,,,,,,,,,,,
5057921,40–64,English,EN,,,,,,,,,,,,,,,,,,,,,,,,,,,,,,,,,,,,,,,,,,,,,,,,,,,,,,,,,,,,,,,,,,,,,,,,,,,,,,,,,,,,,,,,,,,,,,,,,,,,,,,,,,,,,,,70,30,,,,,,62,,,,,,,56,,,,,,,,,,72,,,,,,,,,,,,,,,,,,60,,,,,,,,,,61,,,,,,,,,58,,,,,,,,,,46,,,,,,,,,,,,,,,,,,58,,,,,,,,,,61,,,,60,,,,,,,,,,,,,,,,,59,,
5941246,18–39,English,EN,,,,,,,,,100,,,,,,,,,,,,,100,,,,,,,,100,,,,,85,,,,,,,,,,,,,,,,70,,,,,,,,,20,,,,,,,,,6,,,,,,,,,6,,,,,,,,,,,,,,,,,,,,5,,,,,,,0,,,,,,70,30,,,,,,,,,,,,,,,,,,,,,,,,,,,,,,,,,,,,,,,,,,,,,,,,,,,,,,,,,,,,,,,,,,,,,,,,,,,,,,,,,,,,,,,,,,,,,,,,,,,,,,,,,,,,,,,,,,,,,,,,,
8596312,18–39,English,EN,,,,,5,,,,,,,,,,,,,,,,0,,,,100,,,,,,,,,,,,,,20,,,,,,,,,70,,,,,,,,,,,,,,,,,,80,,100,,,,,,,,,,,,,,,,70,,,,,66,,,,,,,,,,,,,,,,,,95,,,,70,30,,,,,,,,,,,,,,,,,,,,,,,,,,,,,,,,,,,,,,,,,,,,,,,,,,,,,,,,,,,,,,,,,,,,,,,,,,,,,,,,,,,,,,,,,,,,,,,,,,,,,,,,,,,,,,,,,,,,,,,,,
6622673,40–64,english,EN,,,,,,,,,,,,,,,,,,,,,,,,,,,,,,,,,,,,,,,,,,,,,,,,,,,,,,,,,,,,,,,,,,,,,,,,,,,,,,,,,,,,,,,,,,,,,,,,,,,,,,,,,,,,,,,70,30,,,,,,,,,,,100,,,,,,,,73,,,,78,,,,,,,,,,,,79,,,,,,,,,,,,,,66,,,,,,,,,,,,,,,,34,,,,33,,,,,,,,,,,,,,,13,,,,,,,,7,,,,,,,,,,,,,16,,,,,,,,,,,,,,0,,
1340390,18–39,English,EN,,,,,,,,,,,,,,,,,,,,,,,,,,,,,,,,,,,,,,,,,,,,,,,,,,,,,,,,,,,,,,,,,,,,,,,,,,,,,,,,,,,,,,,,,,,,,,,,,,,,,,,,,,,,,,,70,30,,,,,,,,,100,,,,,,,,85,,,,,,,80,,,,,,,,,,,,,,,,80,,,,,,,,,,,,,,,90,,,,,,,,30,,,,,,,,,,,,,20,,10,,,,,,,,,,,,,,,5,,,,,,,,,90,,,,,,,,,,,,0,,,,,,,
3737665,40–64,English,EN,,,,,,,,100,,,,,,,,,,,,,100,,,,,,100,,,,,,,,,81,,,,,,,,,,,,,,,,,,,40,,24,,,,,,,,,,,,,,,,51,,,,,,,,,,,,,15,,,15,,,,,,,,,,,,,,,,0,,,,,,70,30,,,,,,,,,,,,,,,,,,,,,,,,,,,,,,,,,,,,,,,,,,,,,,,,,,,,,,,,,,,,,,,,,,,,,,,,,,,,,,,,,,,,,,,,,,,,,,,,,,,,,,,,,,,,,,,,,,,,,,,,,
1973422,40–64,english,EN,,,,,,,,0,,,,,2,,,,,,,,,,0,,,,,,,,,,,,,,,,21,,,,,,,,,,,,,,,,72,,,,,59,,,,,,,,,,,,,,,0,,,,,,,,,,,,2,,,,,35,,,,,,,,,,0,,,,,,,,,70,30,,,,,,,,,,,,,,,,,,,,,,,,,,,,,,,,,,,,,,,,,,,,,,,,,,,,,,,,,,,,,,,,,,,,,,,,,,,,,,,,,,,,,,,,,,,,,,,,,,,,,,,,,,,,,,,,,,,,,,,,,
4642231,65 or older,English,EN,,,,,,,,,,,,,,,,,,,,,,,,,,,,,,,,,,,,,,,,,,,,,,,,,,,,,,,,,,,,,,,,,,,,,,,,,,,,,,,,,,,,,,,,,,,,,,,,,,,,,,,,,,,,,,,70,30,25,,,,,,,,,,,,,,,,,,3,,,,,,,,,100,,,,,,,,,,,,,,,8,,,,,,,,,,10,,,,15,,,,,,,,,,,,,15,,,,,,,,,,,,15,,,,,,,,,,,,,75,,,,,,,,,,,,,,,0,,,0,,,,,,,,
7581915,40–64,english,EN,,100,,,,,,,,,,,,100,,,,,,,,,,,,,,,,,100,,,80,,,,,,,,,,,,,,,,85,,,,,,,,,,,,30,,,,,,,,,,,,20,,,,,,,,,,,,,15,,,,,,,,,,,,20,,,,0,,,,,,,,70,30,,,,,,,,,,,,,,,,,,,,,,,,,,,,,,,,,,,,,,,,,,,,,,,,,,,,,,,,,,,,,,,,,,,,,,,,,,,,,,,,,,,,,,,,,,,,,,,,,,,,,,,,,,,,,,,,,,,,,,,,,
4428571,65 or older,English,EN,,,,,,,,,,,,,,,,,,,,,,,,,,,,,,,,,,,,,,,,,,,,,,,,,,,,,,,,,,,,,,,,,,,,,,,,,,,,,,,,,,,,,,,,,,,,,,,,,,,,,,,,,,,,,,,70,30,,,,,,,,99,,,,,,,,,,,,,,81,,,,,,,81,,,,,61,,,,,,,,,,,,,,,41,,,,,,,,,35,,,,,,,,,,,,33,,,,,,,,,8,,,,,,,,,,,,,,,,,,,5,,,,,,,6,,,,,,,,,,,,,,0,,
1250324,40–64,English,EN,,,,,,,,,,,62,,,,,87,,,,,,,,,,,,,,,,56,,,,,85,,,,,,,,,,,,,,,,72,,,,,,,,,,67,,,,,,,,,,63,,,,,73,,,,,,,,,,,,,70,,,,,,,,,,86,,,,,,,,,,70,30,,,,,,,,,,,,,,,,,,,,,,,,,,,,,,,,,,,,,,,,,,,,,,,,,,,,,,,,,,,,,,,,,,,,,,,,,,,,,,,,,,,,,,,,,,,,,,,,,,,,,,,,,,,,,,,,,,,,,,,,,
615434,18–39,English,EN,,,,,,,,,,,,,,,,,,,,,,,,,,,,,,,,,,,,,,,,,,,,,,,,,,,,,,,,,,,,,,,,,,,,,,,,,,,,,,,,,,,,,,,,,,,,,,,,,,,,,,,,,,,,,,,70,30,,,,,,,,71,,,,,72,,,,,,,,,,,,,,,,,,,81,,,,,,,,78,,,,,,,,77,,,,,,,,,,,,,38,,,,,,,,,,,,,,41,,,,,,,8,,,,,,,,,,,,,,,,,9,,,16,,,,,,,,,0,,,,,,,,,,
3045159,40–64,English,EN,,,,,,,,,,,,,,,,,,,,,,,,,,,,,,,,,,,,,,,,,,,,,,,,,,,,,,,,,,,,,,,,,,,,,,,,,,,,,,,,,,,,,,,,,,,,,,,,,,,,,,,,,,,,,,,70,30,,,,,,,,,,6,,,,,,62,,,,,,,,,90,,,,,,,,,,,,,,83,,,,,,20,,,,,,,,,,,,,,,,,,3,,,,,,,,,,9,,,,,,,,3,,,,,,,,,10,,,,,,,,,,,,,,,,,,,,7,,,,,,,,,8,,
8573546,18–39,English,EN,,,,,100,,,,,,,,,,,,,100,,,,,,,100,,,,,,,,,,,,,,90,,,,,,,,,,,,,80,,,,15,,,,,,,,,,,,,,,,,,,,,70,,,,,,,,,,13,,,,,,,,,,7,,,,,,0,,,,,,,,70,30,,,,,,,,,,,,,,,,,,,,,,,,,,,,,,,,,,,,,,,,,,,,,,,,,,,,,,,,,,,,,,,,,,,,,,,,,,,,,,,,,,,,,,,,,,,,,,,,,,,,,,,,,,,,,,,,,,,,,,,,,
9615550,18–39,English,EN,,,100,,,,,,,,,,,,,,100,,,,,,,,,,,,,100,,,,,,,77,,,,,,,,,,,,,,39,,,,,,,,,,,,,20,,,,,,,,,,,,,5,,,,,8,,,,,,,,,,,,,,,,8,,0,,,,,,,,,,,70,30,,,,,,,,,,,,,,,,,,,,,,,,,,,,,,,,,,,,,,,,,,,,,,,,,,,,,,,,,,,,,,,,,,,,,,,,,,,,,,,,,,,,,,,,,,,,,,,,,,,,,,,,,,,,,,,,,,,,,,,,,
8492409,40–64,English,EN,,,,,,,,,,,,,,,,,,,,,,,,,,,,,,,,,,,,,,,,,,,,,,,,,,,,,,,,,,,,,,,,,,,,,,,,,,,,,,,,,,,,,,,,,,,,,,,,,,,,,,,,,,,,,,,70,30,,,,,,80,,,,,,,,,92,,,,,,,,,,,,94,,,,,,,,88,,,,,,,,,,,,,,,,,,,,70,,,60,,,,,,,,,,,,,,,,6,,,,,,,,,,9,,,,,,,,,,,,,,4,,,,,,,,,,15,,,10,,,,,,,,,,
3885539,18–39,English,EN,,,,,,,,,,,,,,,,,,,,,,,,,,,,,,,,,,,,,,,,,,,,,,,,,,,,,,,,,,,,,,,,,,,,,,,,,,,,,,,,,,,,,,,,,,,,,,,,,,,,,,,,,,,,,,,70,30,,,,,,100,,,,,,,,94,,,,,,,,,69,,,,,,,,,,,,,,,,,,,73,,,,,,79,,,,,,,,,,,,,,,11,,,,,,,,18,,,,,,,,,,,,,7,,,,,,8,,,,,,,,,,,,,,,,,,,,13,,,,,,,,,,0,
108516,40–64,English,EN,,,,,,,,,,100,,,,,,100,,,,,,,,,,,,,100,,,,,,,,,,,,,83,,,,,,,,,,,,,71,,,,,,51,,,,,,,,,62,,,,,,,,22,,,,,,,,,,,,28,,,,,,,,,,,,0,,,,,,,,,70,30,,,,,,,,,,,,,,,,,,,,,,,,,,,,,,,,,,,,,,,,,,,,,,,,,,,,,,,,,,,,,,,,,,,,,,,,,,,,,,,,,,,,,,,,,,,,,,,,,,,,,,,,,,,,,,,,,,,,,,,,,
811603,18–39,english,EN,,,,,,,,,,,,,,,,,,,,,,,,,,,,,,,,,,,,,,,,,,,,,,,,,,,,,,,,,,,,,,,,,,,,,,,,,,,,,,,,,,,,,,,,,,,,,,,,,,,,,,,,,,,,,,,70,30,,,,,,,,5,,,,,,,,,,,,,,74,74,,,,,,,,,,,,79,,,,,,,,,,,,,,,,,,26,,,,,100,,,,,,,,,,,,,,,37,,,,,,,,77,,,,,,,,,,,,30,,,,,,,,,,,,,,,,1,,,,,,,27,,,,,
8788066,18–39,English,EN,,,,,,,,,,,,,,,,,,,,,,,,,,,,,,,,,,,,,,,,,,,,,,,,,,,,,,,,,,,,,,,,,,,,,,,,,,,,,,,,,,,,,,,,,,,,,,,,,,,,,,,,,,,,,,,70,30,,,,,,,98,,,,,,,,,,83,,,,,,,,,,,,,72,,,,64,,,,,,,,,,,,,84,,,,,,,,,,,,21,,,,,,,,,28,,,,,,,,,,,,,,6,,,,,,,,,,,,,,,,,2,,,,,,,,,,2,,,,,,,,,,0,,
4149370,18–39,English,EN,,,,,,,,,,,72,72,,,,,,,,,,,,100,,,,,,,,,,,,,,,,,,,84,,,,85,,,,,,,,,,,,,56,,,,,,,,,,,,84,,,,,,,,,25,,,,,,,,,,,,,,28,,,,,,,,,,,,,0,,,70,30,,,,,,,,,,,,,,,,,,,,,,,,,,,,,,,,,,,,,,,,,,,,,,,,,,,,,,,,,,,,,,,,,,,,,,,,,,,,,,,,,,,,,,,,,,,,,,,,,,,,,,,,,,,,,,,,,,,,,,,,,
5117093,18–39,English,EN,,,,,,,,,,21,,37,,,,,,,,,,,,,,,,,,0,,,,,57,,,,,,,,,,,,55,,,,,,,,,,,,,,,,,,,36,,,,14,,,,,,,,,,,,,86,,,,,,,,,,,,,,13,,,,,,,,,0,,,,,70,30,,,,,,,,,,,,,,,,,,,,,,,,,,,,,,,,,,,,,,,,,,,,,,,,,,,,,,,,,,,,,,,,,,,,,,,,,,,,,,,,,,,,,,,,,,,,,,,,,,,,,,,,,,,,,,,,,,,,,,,,,
6840795,18–39,English,EN,,,,,,,,,,,,,,,,,,,,,,,,,,,,,,,,,,,,,,,,,,,,,,,,,,,,,,,,,,,,,,,,,,,,,,,,,,,,,,,,,,,,,,,,,,,,,,,,,,,,,,,,,,,,,,,70,30,,90,,,,,,,,,,,,,,,,,,75,,,,,,,,,50,,,,,,,90,,,,,,,,,,,,,75,,,,,,,,,,25,,,,,,,,,,,,,,,15,,,,,,,,,,,,,,10,,,,,,,,,,10,,10,,,,,,,,,,,,,,,,5,,,,,
6674700,40–64,English,EN,,,,,100,,,,,,,70,,,,,,,,,,,,,,,,,,,,,100,,,,,,,,70,,,,,,,,,,,,,25,,,,,,,,20,,,,,,,95,,,,,,,,,,,,,,,,,15,,,,,,15,,,,,,,,,,,,,0,,,,,,70,30,,,,,,,,,,,,,,,,,,,,,,,,,,,,,,,,,,,,,,,,,,,,,,,,,,,,,,,,,,,,,,,,,,,,,,,,,,,,,,,,,,,,,,,,,,,,,,,,,,,,,,,,,,,,,,,,,,,,,,,,,
116053,18–39,english,EN,100,,,,,,,,,,,,,,,,,,,,100,,,,,,,100,,,,,,,,,37,,,,,,,,,,,,,,,,,,81,,,,,,,4,,,,,,,90,,,,,,,,,,,,,,,,4,,,,,,,,,,,,10,,,,,,,0,,,,,,,70,30,,,,,,,,,,,,,,,,,,,,,,,,,,,,,,,,,,,,,,,,,,,,,,,,,,,,,,,,,,,,,,,,,,,,,,,,,,,,,,,,,,,,,,,,,,,,,,,,,,,,,,,,,,,,,,,,,,,,,,,,,
8286288,18–39,English,EN,,,,,,,,,,,,,,,,,,,,,,,,,,,,,,,,,,,,,,,,,,,,,,,,,,,,,,,,,,,,,,,,,,,,,,,,,,,,,,,,,,,,,,,,,,,,,,,,,,,,,,,,,,,,,,,70,30,,,,,,,,,,100,,,,,,,,,,89,,,,,,,,,83,,,,,,,93,,,,,,,,,,,,,,,,81,,,,31,,,,,,,,,,,,,,,,37,,,,,,,,,,,,,,,,7,,,,,5,,,,,,,,11,,,,,,,,,,,,,0,,,,,,,
480297,40–64,English,EN,,,,,,,,,,,100,,,,,,100,,,,,,,,,100,,,,,,,,,,,,82,,,,,,,,,,,,,,,90,,,,,81,,,,,,,,,40,,,,,,,,,,,,,,,,,5,,,,,,,,,,,,10,,,,,0,,,,,,,,,,70,30,,,,,,,,,,,,,,,,,,,,,,,,,,,,,,,,,,,,,,,,,,,,,,,,,,,,,,,,,,,,,,,,,,,,,,,,,,,,,,,,,,,,,,,,,,,,,,,,,,,,,,,,,,,,,,,,,,,,,,,,,
3508636,18–39,English,EN,,,,,,,,,,,,,,,,,,,,,,,,,,,,,,,,,,,,,,,,,,,,,,,,,,,,,,,,,,,,,,,,,,,,,,,,,,,,,,,,,,,,,,,,,,,,,,,,,,,,,,,,,,,,,,,70,30,,,,,,,,,92,,,,,,,,,80,,,,,,,80,,,,,,,,,50,,,,,,,,,,,,,,,,,,,,,76,,,,19,,,,,,,,,,,,25,,,,,,,,,,,,,,15,,,,,,,,,,,,,6,,,,,,,10,,,,,,,0,,,,,,,,,
7866341,18–39,English,EN,,,,,,,,,,,,,,,,,,,,,,,,,,,,,,,,,,,,,,,,,,,,,,,,,,,,,,,,,,,,,,,,,,,,,,,,,,,,,,,,,,,,,,,,,,,,,,,,,,,,,,,,,,,,,,,70,30,,,,,99,,,,,,,,,,,,,,,,,62,,,,,,,,,64,,,,,,,,76,,,,,,,,89,,,,,,,,,,70,,,,,,,,,,,,,,,,,12,,,,,,,15,,,,,,,,,,,,,,6,,,,,,,,,,,,,,19,,0,,,,,,,,,,
4436318,18–39,English,EN,,,,71,,,,,,,,,,,,,,,,,,28,36,,,,,,,,,,,,,,,,39,,,,,,,,,,,,,,,47,,,,,,,,57,,,,,,37,,,,,,,,,,,,59,,,,,,,,,,,,,30,,,,,,,,,,,,,,42,,,,70,30,,,,,,,,,,,,,,,,,,,,,,,,,,,,,,,,,,,,,,,,,,,,,,,,,,,,,,,,,,,,,,,,,,,,,,,,,,,,,,,,,,,,,,,,,,,,,,,,,,,,,,,,,,,,,,,,,,,,,,,,,
3741474,18–39,eng,EN,,75,,,,,,,,,,,,,,,,,40,,,,,,,35,,,,,,,,,,,,,,,,,62,,,,,,,,29,,,,,57,,,,,,,,,,,,,,,,35,,,,,,,,,,,,,,,,58,,,,,,,,,65,,,,,34,,,,,,,,,70,30,,,,,,,,,,,,,,,,,,,,,,,,,,,,,,,,,,,,,,,,,,,,,,,,,,,,,,,,,,,,,,,,,,,,,,,,,,,,,,,,,,,,,,,,,,,,,,,,,,,,,,,,,,,,,,,,,,,,,,,,,
5453849,40–64,English,EN,,,,,,,,,,,,,,,,,,,,,,,,,,,,,,,,,,,,,,,,,,,,,,,,,,,,,,,,,,,,,,,,,,,,,,,,,,,,,,,,,,,,,,,,,,,,,,,,,,,,,,,,,,,,,,,70,30,100,,,,,,,,,,,,,,,,90,,,,,,,,,,,,,,,,68,,,,,,,,3,,,,,,,,55,,,,,,,,,,,,,,,,50,,,11,,,,,,,,,,,,,14,,,,,,,,,,,,,,40,,,,,,,,,,,,,18,,,,,0,,,,,,,,
2281876,18–39,English,EN,,,,,,,,,,,,,,,,,,,,,,,,,,,,,,,,,,,,,,,,,,,,,,,,,,,,,,,,,,,,,,,,,,,,,,,,,,,,,,,,,,,,,,,,,,,,,,,,,,,,,,,,,,,,,,,70,30,,,,,,,100,,,,,,65,,,,,,,,,,20,,,,,,,,,,,,,,,40,,,,,,,,,,,,55,,,,,,,,,,,,,12,,,,,,,,,,,,,15,,,,,,,,,,,,8,,,10,,,,,,,,,,,,,,,,,13,,,,,,0,,,,,,,
8522931,40–64,English,EN,100,,,,,,,,,,,,,100,,,,,,,,,,,,,,,,,,,100,,,,,,,82,,,,,,,,,29,,,,,,,,13,,,,,,,,,,,,,,,,,,4,,,,,,,,,,3,,,,,,,,,3,,,,,,,,,0,,,,,,,,70,30,,,,,,,,,,,,,,,,,,,,,,,,,,,,,,,,,,,,,,,,,,,,,,,,,,,,,,,,,,,,,,,,,,,,,,,,,,,,,,,,,,,,,,,,,,,,,,,,,,,,,,,,,,,,,,,,,,,,,,,,,
8640101,40–64,English,EN,,,,,,,,,,,100,,,,,,,,,,100,,,,,,,,,,100,,,70,,,,,,,,,,,,,60,,,,,,,,,,20,,,,,,,,,,,,,,,35,,,,,,,,,,5,,,,,,,,,,,,,10,,,,,,,,0,,,,,,,,70,30,,,,,,,,,,,,,,,,,,,,,,,,,,,,,,,,,,,,,,,,,,,,,,,,,,,,,,,,,,,,,,,,,,,,,,,,,,,,,,,,,,,,,,,,,,,,,,,,,,,,,,,,,,,,,,,,,,,,,,,,,
6545153,40–64,English,EN,,,,,,,,,,,,,,,,,,,,,,,,,,,,,,,,,,,,,,,,,,,,,,,,,,,,,,,,,,,,,,,,,,,,,,,,,,,,,,,,,,,,,,,,,,,,,,,,,,,,,,,,,,,,,,,70,30,,,,,,100,,,,,,84,,,,,,,,,,,,,,,,,75,,,,,,,,,,,,,,30,,,70,,,,,,,,,,,,,,30,,,,,,,,,,,,,,10,,,,,,,,,,,,,,8,,,,,,,,,3,,,,,,15,,,,,,,,,,0,,,,,,,,
2373574,40–64,English,EN,,,,,100,,,,,,,,,,,,100,,,,,,,,,,,,,,,100,,,,,,,,,,,,82,,,100,,,,,,,,,,,,30,,,,,,,,,39,,,,,,,,,,,,,,,,,,24,,,25,,,,,,,,,,,,,,,,,0,,,,,70,30,,,,,,,,,,,,,,,,,,,,,,,,,,,,,,,,,,,,,,,,,,,,,,,,,,,,,,,,,,,,,,,,,,,,,,,,,,,,,,,,,,,,,,,,,,,,,,,,,,,,,,,,,,,,,,,,,,,,,,,,,
7541757,40–64,english,EN,,,,,,,,,,,,,,,,,,,,,,,,,,,,,,,,,,,,,,,,,,,,,,,,,,,,,,,,,,,,,,,,,,,,,,,,,,,,,,,,,,,,,,,,,,,,,,,,,,,,,,,,,,,,,,,70,30,,,,,100,,,,,,,,,,,,,,,95,,,,,,,,,,,,85,,,,,,,,95,,,,,,,,,,,,,,,97,,,,,,,,34,,,,,,,,,48,,,,,,,,,3,,,,,,,,,3,,,,,,,,,,,,6,,,,,,,,,0,,,,,,,,,,
1645090,18–39,English,EN,,,,,,,,,100,,,,,,,,,,100,,,,,,,,,,,,,100,,90,,,,,,,,,,,,,,,60,,,,,,,,15,,,,,,,,,,,,,3,,,,,,,,,,,,,,2,,,,,,,,,,,,,,,2,,,,,,0,,,,,,70,30,,,,,,,,,,,,,,,,,,,,,,,,,,,,,,,,,,,,,,,,,,,,,,,,,,,,,,,,,,,,,,,,,,,,,,,,,,,,,,,,,,,,,,,,,,,,,,,,,,,,,,,,,,,,,,,,,,,,,,,,,
8689463,18–39,English,EN,,,,,,,,,,,,,,,,,,,,,,,,,,,,,,,,,,,,,,,,,,,,,,,,,,,,,,,,,,,,,,,,,,,,,,,,,,,,,,,,,,,,,,,,,,,,,,,,,,,,,,,,,,,,,,,70,30,100,,,,,,,,,,,,,,,,,,,,,90,,,,,,,,,90,,,,80,,,,,,,,,,,,,,,,,,,70,,,,40,,,,,,,,,,,,,,,,10,,,,,,,,10,,,,,,,,,,,,15,,,,,,,,,,,,15,,,,,,,,0,,,,,,,
1227241,40–64,English,EN,100,,,,,,,,,,,,,,,,100,,,,,,,,,,,,,,100,,,,,,,,,81,,,,,,,,,,,,89,,,,,,18,,,,,,,,,,8,,,,,,,,,,,,,,,,,,,,8,,,,,,,,,,8,,,,,0,,,,,,,,70,30,,,,,,,,,,,,,,,,,,,,,,,,,,,,,,,,,,,,,,,,,,,,,,,,,,,,,,,,,,,,,,,,,,,,,,,,,,,,,,,,,,,,,,,,,,,,,,,,,,,,,,,,,,,,,,,,,,,,,,,,,
6200098,18–39,English,EN,,,,,,,,,,,,,,,,,,,,,,,,,,,,,,,,,,,,,,,,,,,,,,,,,,,,,,,,,,,,,,,,,,,,,,,,,,,,,,,,,,,,,,,,,,,,,,,,,,,,,,,,,,,,,,,70,30,,,100,,,,,,,,,,70,,,,,,,,,,,,,,80,,,,,,,,,,,,,61,,,,,,,,66,,,,,,,,,,,,,,,,,20,,20,,,,,,,,,,,,,,,,,,3,,,,,,,,,,,,,,5,,,,,,10,,,,,,,,,,,,,,0,,
2379343,18–39,english,EN,,,,,,,,,,,,,,,,,,,,,,,,,,,,,,,,,,,,,,,,,,,,,,,,,,,,,,,,,,,,,,,,,,,,,,,,,,,,,,,,,,,,,,,,,,,,,,,,,,,,,,,,,,,,,,,70,30,,,,,,,,,,100,,,,,90,,,,,,,,,,,,88,,,,,,,,,,,,,,2,,,,,,,,,,,,91,,,,,,,,50,,,,,,,,40,,,,,,,,,,,,,,,14,,,,,,,,,,,,,,,2,,11,,,,,,,,,,0,,,,,,,,,,
4496458,18–39,English,EN,,,,,,,,,,,,,,,,,,,,,,,,,,,,,,,,,,,,,,,,,,,,,,,,,,,,,,,,,,,,,,,,,,,,,,,,,,,,,,,,,,,,,,,,,,,,,,,,,,,,,,,,,,,,,,,70,30,,,,,,100,,,,,,,,,,,,,,,88,,,,,,,,80,,,,,,,75,,,,,,,,,,,,,,,,73,,,,,,,,75,,,,,,,,,,,,,,,,,55,,18,,,,,,,,,,,,,,,,,,24,,,16,,,,,,,,,,,,,,0,,,,,,,
4221298,40–64,English,EN,,,,,,100,,,,,,,100,,,,,,,,,,100,,,,,,,,,,,,,,,80,,,,,,,,,,61,,,,,,,,,,,,,,,,,,53,,,,,,,,,,8,,,,17,,,,,,,,,,,,,,,,,5,,,,,,,,,,0,,,,70,30,,,,,,,,,,,,,,,,,,,,,,,,,,,,,,,,,,,,,,,,,,,,,,,,,,,,,,,,,,,,,,,,,,,,,,,,,,,,,,,,,,,,,,,,,,,,,,,,,,,,,,,,,,,,,,,,,,,,,,,,,
8819874,18–39,English,EN,,,,,,,,,,,,,,,,,,,,,,,,,,,,,,,,,,,,,,,,,,,,,,,,,,,,,,,,,,,,,,,,,,,,,,,,,,,,,,,,,,,,,,,,,,,,,,,,,,,,,,,,,,,,,,,70,30,,,,,100,,,,,,,,,,20,,,,,,,,,,,,,,,73,,,,,,,,,,,,79,,,,,,,,77,,,,,,,,,,,,22,,,,,,,,,,,,,,,21,,,11,,,,,,,,,,7,,,,,,,,,,,,,,,,,,,27,,0,,,,,,,,,,
490716,18–39,English,EN,,,,,,,,69,,,,73,,,,,,,,,,,,,,,76,,,,,,,,,,24,,,,,,,,,,,,,,,,28,,,,,,,,,84,,,,,,,72,,,,,,,,,,,,,,,,,,65,,,,,,,,,,,,63,,,,,,87,,,,,,70,30,,,,,,,,,,,,,,,,,,,,,,,,,,,,,,,,,,,,,,,,,,,,,,,,,,,,,,,,,,,,,,,,,,,,,,,,,,,,,,,,,,,,,,,,,,,,,,,,,,,,,,,,,,,,,,,,,,,,,,,,,
5625299,40–64,English,EN,,,,,,,,100,,,,,,,,,100,,,,,,,,100,,,,,,,,,,,,13,,,,,,,,,,,,70,,,,,,,,,,,,,,,22,,,,61,,,,,,,,,,30,,,,,,,,,,,,,,,,,24,,,,,,,,,,,,,,0,,70,30,,,,,,,,,,,,,,,,,,,,,,,,,,,,,,,,,,,,,,,,,,,,,,,,,,,,,,,,,,,,,,,,,,,,,,,,,,,,,,,,,,,,,,,,,,,,,,,,,,,,,,,,,,,,,,,,,,,,,,,,,
6318309,40–64,english,EN,,,,,,,,,,,,,,,,,,,,,,,,,,,,,,,,,,,,,,,,,,,,,,,,,,,,,,,,,,,,,,,,,,,,,,,,,,,,,,,,,,,,,,,,,,,,,,,,,,,,,,,,,,,,,,,70,30,,,,,,,,,,100,,,,,,,65,,,,,,60,,,,,,,,,,,,,,,,,,70,,,,,,,,,,75,,,,,,,,,50,,,,,,,,,,,,,,,,,25,,5,,,,,,,,,,,,,10,,,,,,,,,,,,,,,,10,,,,,0,,,,,,,,
5991362,40–64,english,EN,,,,,,,,,,,,,,,,,,,,,,,,,,,,,,,,,,,,,,,,,,,,,,,,,,,,,,,,,,,,,,,,,,,,,,,,,,,,,,,,,,,,,,,,,,,,,,,,,,,,,,,,,,,,,,,70,30,,,,66,,,,,,,,,75,,,,,,,,,,,,93,,,,,,,,,,,,,,,,66,,,,,,,,,72,,,,,,,,,,32,,,,,,,,,,,,,,,,8,,,,,,,,,,,,12,,,,,,,3,,,,,6,,,,,,,,,,,,,,,,,,,20,,
7900822,18–39,English,EN,,,,,,100,,,,,,,,,,,,,,,100,,,100,,,,,,,,,,,,,,,,66,,,,,,,,,66,,,,,,,,,,,,,,15,,,,,,,33,,,,,,,,,,,,,,,,10,,,20,,,,,,,,,,,,,90,,,,,,,,,70,30,,,,,,,,,,,,,,,,,,,,,,,,,,,,,,,,,,,,,,,,,,,,,,,,,,,,,,,,,,,,,,,,,,,,,,,,,,,,,,,,,,,,,,,,,,,,,,,,,,,,,,,,,,,,,,,,,,,,,,,,,
5510791,18–39,english,EN,100,,,,,,,,,,,,,,,,,100,,,,,,,,,60,,,,,,,,,,,,,,,85,,,,,,,,,,,,,100,,,,,,65,,,,,,,,,20,,,,,,,,,,,,,,,3,,,,,,10,,,,,,,,,,0,,,,,,,,,,70,30,,,,,,,,,,,,,,,,,,,,,,,,,,,,,,,,,,,,,,,,,,,,,,,,,,,,,,,,,,,,,,,,,,,,,,,,,,,,,,,,,,,,,,,,,,,,,,,,,,,,,,,,,,,,,,,,,,,,,,,,,
3235384,18–39,English,EN,,,,,,,,,,,,,,,,,,,,,,,,,,,,,,,,,,,,,,,,,,,,,,,,,,,,,,,,,,,,,,,,,,,,,,,,,,,,,,,,,,,,,,,,,,,,,,,,,,,,,,,,,,,,,,,70,30,,,,,,,100,,,,,,,,,70,,,,,,,,,,,,,,,80,,,,,100,,,,,,,,,,,,,,,,,,,50,,,,,,,,,,30,,,,,20,,,,,,,,,,,,,10,,,,,,,10,,,,,,,,,,20,,,,,,,,,,,,,,,,,,0,,,
9598764,18–39,English,EN,,,,,,,,,,,,,,,,,,,,,,,,,,,,,,,,,,,,,,,,,,,,,,,,,,,,,,,,,,,,,,,,,,,,,,,,,,,,,,,,,,,,,,,,,,,,,,,,,,,,,,,,,,,,,,,70,30,,,,,,,,93,,,,,,,,,,,,,,81,,,90,,,,,,,,,,,,,,,,,,63,,,,,37,,,,,,,,,,,,,39,,,,,,,,,,,,,,20,,,23,,,,,,,,,,,,,,,9,,,,,,,,,,,,,10,,,,,,0,,,,,,,,,
7830262,18–39,english,EN,,,,,,,,,,,95,70,,,,,,,,,,,,,,,90,,,,,,,,,,70,,,,,,,,,,,,,,,,65,,,,30,,,,,,,,,,,,,,,,,,,20,,,,,,,,25,,,,,,,,,,20,,,,,,,,15,,,,,,,,,70,30,,,,,,,,,,,,,,,,,,,,,,,,,,,,,,,,,,,,,,,,,,,,,,,,,,,,,,,,,,,,,,,,,,,,,,,,,,,,,,,,,,,,,,,,,,,,,,,,,,,,,,,,,,,,,,,,,,,,,,,,,
8889599,40–64,English,EN,,,,,,,,,,,,,,,,,,,,,,,,,,,,,,,,,,,,,,,,,,,,,,,,,,,,,,,,,,,,,,,,,,,,,,,,,,,,,,,,,,,,,,,,,,,,,,,,,,,,,,,,,,,,,,,70,30,,,,100,,,,,,,,,,,,,,60,,,,,,75,,,,,,,,,,,,,,,,,,85,,,,,,,,,,,,65,,,,,,,,,,,,40,,,15,,,,,,,,,5,,,,,,,,,,,,,,,,5,,,,,,,,,,,,,5,,,,,,,,0,,,,,,
8318032,18–39,English,EN,,,,,,,,,,,,,,,,,,,,,,,,,,,,,,,,,,,,,,,,,,,,,,,,,,,,,,,,,,,,,,,,,,,,,,,,,,,,,,,,,,,,,,,,,,,,,,,,,,,,,,,,,,,,,,,70,30,89,,,,,,,,,,,,,,,,,,,88,,,,,,,,,,,,65,,,,,,,,,,,,81,,85,,,,,,,,,,,,77,,,,,,,,,,,,81,,,,,,,,,,,,,,94,,,,,,,,,88,,,,,,,,,,,,80,,,,,,,,,,,,,79,,,
4451271,18–39,English,EN,,,,100,,,,,,,,100,,,,,,,,,,,,100,,,,,,,,,,,,,,,,,,75,,,,,,,,,,75,,,,,,33,,,,,,,,,,,,,,,,,,,10,,,,,,,,,,7,,,,,,,,7,,,,,,,,,0,,,,,,,70,30,,,,,,,,,,,,,,,,,,,,,,,,,,,,,,,,,,,,,,,,,,,,,,,,,,,,,,,,,,,,,,,,,,,,,,,,,,,,,,,,,,,,,,,,,,,,,,,,,,,,,,,,,,,,,,,,,,,,,,,,,
9510847,18–39,English,EN,,,,,100,,,,,,,,,,,,,,,60,,,,,,,,,,20,,,,,75,,,,,,,,,,,,,60,,,,,,,,,,70,,,,,,,,,,,,,,,,,,,65,15,,,,,,,,,,,,,,,,,,,,25,,,,,,,,0,,,,,70,30,,,,,,,,,,,,,,,,,,,,,,,,,,,,,,,,,,,,,,,,,,,,,,,,,,,,,,,,,,,,,,,,,,,,,,,,,,,,,,,,,,,,,,,,,,,,,,,,,,,,,,,,,,,,,,,,,,,,,,,,,
5194292,40–64,English,EN,,,,,,,,,,,,,,,,,,,,,,,,,,,,,,,,,,,,,,,,,,,,,,,,,,,,,,,,,,,,,,,,,,,,,,,,,,,,,,,,,,,,,,,,,,,,,,,,,,,,,,,,,,,,,,,70,30,,,100,,,,,,,,,66,,,,,,,,,,,,,,,,,,75,,,,,,,,,,,,80,,,,,,,,,59,,,,,,,,,,31,,,,,,,,,,24,,,,,,,,,,7,,,,,,,,,5,,,,,,,,,,,,,,,,,,,,15,,,,,,,,,,0,
9273455,18–39,English,EN,,,,,,,,,,,,,,,,,,,,,,,,,,,,,,,,,,,,,,,,,,,,,,,,,,,,,,,,,,,,,,,,,,,,,,,,,,,,,,,,,,,,,,,,,,,,,,,,,,,,,,,,,,,,,,,70,30,,100,,,,,,,,,,,,,,90,,,,,,,,,,,,,,,,,75,,,,,,,,,80,,,,,,60,,,,,,,,,,,,,,,10,,,,,,25,,,,,,,,,5,,,,,,,,,,,,,,,,,,,,5,,,,,,,10,,,,,,,,,,,,0,,,,
8220128,18–39,english,EN,,,,,,,,,,,100,,,,100,,,,,,,,,,,,100,,,,,,,61,,,,,,,,,,,,75,,,,,,,,,,,,,,,,,,30,,,,,40,,,,,,,,,,,,,,,,15,,,,,,,,,,,,,19,,,,,,,,0,,,,,70,30,,,,,,,,,,,,,,,,,,,,,,,,,,,,,,,,,,,,,,,,,,,,,,,,,,,,,,,,,,,,,,,,,,,,,,,,,,,,,,,,,,,,,,,,,,,,,,,,,,,,,,,,,,,,,,,,,,,,,,,,,
8821907,18–39,ENGLISH,EN,,,,,,,,,,,,,,,,,,,,,,,,,,,,,,,,,,,,,,,,,,,,,,,,,,,,,,,,,,,,,,,,,,,,,,,,,,,,,,,,,,,,,,,,,,,,,,,,,,,,,,,,,,,,,,,70,30,,,,,100,,,,,,,,,,60,,,,,,,,,,,,,90,,,,,,,,,,,,,,,3,,,,,,,,,,70,,,,,50,,,,,,,,,,20,,,,,,,,,,1,,,,,,,,,,,,,,,,,,2,,,,,,,,,,20,,,,,,,,,,,,,,,0
1476129,40–64,American English,EN,,,,,,,,,,,100,,,,100,,,,,,,,,,100,,,,,,,,,75,,,,,,,,,,,,,,,,75,,,,,,,,,,,,,,,25,,,,,,5,,,,,,,,,,,,,10,,,,,,10,,,,,,,,,,,,,,,,,0,,,,70,30,,,,,,,,,,,,,,,,,,,,,,,,,,,,,,,,,,,,,,,,,,,,,,,,,,,,,,,,,,,,,,,,,,,,,,,,,,,,,,,,,,,,,,,,,,,,,,,,,,,,,,,,,,,,,,,,,,,,,,,,,
4887650,18–39,english,EN,25,,,,,,,,,,,,,,,,100,,,,,,,,,,,,85,,,,,,,,,,,,81,,,,,,,67,,,,,,,,,,,,50,,,,,,,,,,,,,,,,,40,,20,,,,,,,,,,,,34,,,,,,,,,,,,,,,,,,0,,70,30,,,,,,,,,,,,,,,,,,,,,,,,,,,,,,,,,,,,,,,,,,,,,,,,,,,,,,,,,,,,,,,,,,,,,,,,,,,,,,,,,,,,,,,,,,,,,,,,,,,,,,,,,,,,,,,,,,,,,,,,,
4469300,18–39,english,EN,,,,,,,,,,,,,,,,,,,,,,,,,,,,,,,,,,,,,,,,,,,,,,,,,,,,,,,,,,,,,,,,,,,,,,,,,,,,,,,,,,,,,,,,,,,,,,,,,,,,,,,,,,,,,,,70,30,,100,,,,,,,,,,,,65,,,,,,,,,,,,92,,,,,,,,,,,,,,,,,,93,,,,,,,,,,12,,29,,,,,,,,,,,,,,,,,63,,,,,,,,,,,,3,,,,,,,,2,,,,,,,,,,,,,,,70,,,,,,,,0,,,,,
7842516,40–64,English,EN,,,,,,,,,,,,,,,,,,,,,,,,,,,,,,,,,,,,,,,,,,,,,,,,,,,,,,,,,,,,,,,,,,,,,,,,,,,,,,,,,,,,,,,,,,,,,,,,,,,,,,,,,,,,,,,70,30,,,,,,,,,100,,,,87,,,,,,,,,,,,,,91,,,,,,,,,,90,,,,,,,,,,75,,,,,,,,,,,,,,,,39,,,,,,,,,,,,,,36,10,,,,,,,,,,,,,,,,,,,,16,,,,,,,20,,,,,,,,,,,,0,,,,
8559726,18–39,English,EN,,,,,,,,,,100,,,,,,,,,,100,,,100,,,,,,,,,,,,,,,,,,,,,83,,,,,,100,,,,,,,,,,44,,,,,,,,,,64,,,,,,,,,44,,,,,,,,,,,,38,,,,,,,,,,,,,,,0,,,,,70,30,,,,,,,,,,,,,,,,,,,,,,,,,,,,,,,,,,,,,,,,,,,,,,,,,,,,,,,,,,,,,,,,,,,,,,,,,,,,,,,,,,,,,,,,,,,,,,,,,,,,,,,,,,,,,,,,,,,,,,,,,
3432763,40–64,english,EN,,,,,,,,,,,,,,,,,,,,,,,,,,,,,,,,,,,,,,,,,,,,,,,,,,,,,,,,,,,,,,,,,,,,,,,,,,,,,,,,,,,,,,,,,,,,,,,,,,,,,,,,,,,,,,,70,30,,,,,,,100,,,,,,,,,,88,,,,,,,,,,,,,,,18,,,,89,,,,,,,,,,85,,,,,,,,,,,,,31,,,,,,,,,,,,,,,,58,,,,,,,7,,,,,,,,,,,,,,,,,3,8,,,,,,,,,,,,,,,,,,3,,,
6029193,18–39,English,EN,,,,,,87,,,,,,,,,,,,,66,,,,,,,,,,,,,,61,88,,,,,,,,,,,,76,,,,,,,,,,,,24,,,,,,,,,,,,,,,,,,34,,,,,,,,,,25,,,,,,18,,,,,,,,,,,,,,0,,,,,70,30,,,,,,,,,,,,,,,,,,,,,,,,,,,,,,,,,,,,,,,,,,,,,,,,,,,,,,,,,,,,,,,,,,,,,,,,,,,,,,,,,,,,,,,,,,,,,,,,,,,,,,,,,,,,,,,,,,,,,,,,,
4199682,40–64,English,EN,,,,,,,,,,,,,,,,,,,,,,,,,,,,,,,,,,,,,,,,,,,,,,,,,,,,,,,,,,,,,,,,,,,,,,,,,,,,,,,,,,,,,,,,,,,,,,,,,,,,,,,,,,,,,,,70,30,,,,,90,,,,,,,71,,,,,,,,,,,,,90,,,,,,,,,,,,,,,65,,,,,,79,,,,,,,,,,,,,32,,,,,,,,,,,,,,,,,31,,,,,,,,,,88,,,,,,,,,,92,,,,,,,,,25,,,,,,,,,,,,,,,,0
1425118,40–64,English,EN,,,,,,100,,,,,,100,,,,,,,,,,,,,,,,,,,,,100,,,,,75,,,,,,,,,,,,,,50,,,,,,,,,,,,,25,,,,,,,,,,10,,,,10,,,,,,,,,,,,,10,,,,,,,,,,,,,,0,,,,,70,30,,,,,,,,,,,,,,,,,,,,,,,,,,,,,,,,,,,,,,,,,,,,,,,,,,,,,,,,,,,,,,,,,,,,,,,,,,,,,,,,,,,,,,,,,,,,,,,,,,,,,,,,,,,,,,,,,,,,,,,,,
3396853,18–39,english,EN,,,,,,,,,,,,,,,,,,,,,,,,,,,,,,,,,,,,,,,,,,,,,,,,,,,,,,,,,,,,,,,,,,,,,,,,,,,,,,,,,,,,,,,,,,,,,,,,,,,,,,,,,,,,,,,70,30,,,,,,,100,,,,,,,,,,,,,,60,,,83,,,,,,,,,,,,81,,,,,,,,,69,,,,,,,,,,,,,,24,,,,,,,,,,,,,,,8,,,,,,,,6,,,,,,,,,,,,,,,4,,,,,,,,16,,,,,,,,,,,,,,,,0