example,Every_Grocery,Every_Early,Every_Teeth,Every_Jog,Every_Eggs,Every_Drove,Every_Sandwich,Every_WorkLate,Every_BedLate,Every_Pizza,Every_Biked,Each_Grocery,Each_Early,Each_Teeth,Each_Jog,Each_Eggs,Each_Drove,Each_Sandwich,Each_WorkLate,Each_BedLate,Each_Pizza,Each_Biked,All_Grocery,All_Early,All_Teeth,All_Jog,All_Eggs,All_Drove,All_Sandwich,All_WorkLate,All_BedLate,All_Pizza,All_Biked,Most_Grocery,Most_Early,Most_Teeth,Most_Jog,Most_Eggs,Most_Drove,Most_Sandwich,Most_WorkLate,Most_BedLate,Most_Pizza,Most_Biked,Many_Grocery,Many_Early,Many_Teeth,Many_Jog,Many_Eggs,Many_Drove,Many_Sandwich,Many_WorkLate,Many_BedLate,Many_Pizza,Many_Biked,Some_Grocery,Some_Early,Some_Teeth,Some_Jog,Some_Eggs,Some_Drove,Some_Sandwich,Some_WorkLate,Some_BedLate,Some_Pizza,Some_Biked,Several_Grocery,Several_Early,Several_Teeth,Several_Jog,Several_Eggs,Several_Drove,Several_Sandwich,Several_WorkLate,Several_BedLate,Several_Pizza,Several_Biked,AFew_Grocery,AFew_Early,AFew_Teeth,AFew_Jog,AFew_Eggs,AFew_Drove,AFew_Sandwich,AFew_WorkLate,AFew_BedLate,AFew_Pizza,AFew_Biked,Few_Grocery,Few_Early,Few_Teeth,Few_Jog,Few_Eggs,Few_Drove,Few_Sandwich,Few_WorkLate,Few_BedLate,Few_Pizza,Few_Biked,No_Grocery,No_Early,No_Teeth,No_Jog,No_Eggs,No_Drove,No_Sandwich,No_WorkLate,No_BedLate,No_Pizza,No_Biked,Attention check 1,Attention check 2,Always_Grocery,Always_Early,Always_Teeth,Always_Jog,Always_Eggs,Always_Drove,Always_Sandwich,Always_WorkLate,Always_BedLate,Always_Pizza,Always_Biked,Usually_Grocery,Usually_Early,Usually_Teeth,Usually_Jog,Usually_Eggs,Usually_Drove,Usually_Sandwich,Usually_WorkLate,Usually_BedLate,Usually_Pizza,Usually_Biked,Mostly_Grocery,Mostly_Early,Mostly_Teeth,Mostly_Jog,Mostly_Eggs,Mostly_Drove,Mostly_Sandwich,Mostly_WorkLate,Mostly_BedLate,Mostly_Pizza,Mostly_Biked,Often_Grocery,Often_Early,Often_Teeth,Often_Jog,Often_Eggs,Often_Drove,Often_Sandwich,Often_WorkLate,Often_BedLate,Often_Pizza,Often_Biked,Freq_Grocery,Freq_Early,Freq_Teeth,Freq_Jog,Freq_Eggs,Freq_Drove,Freq_Sandwich,Freq_WorkLate,Freq_BedLate,Freq_Pizza,Freq_Biked,Sometimes_Grocery,Sometimes_Early,Sometimes_Teeth,Sometimes_Jog,Sometimes_Eggs,Sometimes_Drove,Sometimes_Sandwich,Sometimes_WorkLate,Sometimes_BedLate,Sometimes_Pizza,Sometimes_Biked,Occ_Grocery,Occ_Early,Occ_Teeth,Occ_Jog,Occ_Eggs,Occ_Drove,Occ_Sandwich,Occ_WorkLate,Occ_BedLate,Occ_Pizza,Occ_Biked,Seldom_Grocery,Seldom_Early,Seldom_Teeth,Seldom_Jog,Seldom_Eggs,Seldom_Drove,Seldom_Sandwich,Seldom_WorkLate,Seldom_BedLate,Seldom_Pizza,Seldom_Biked,Rarely_Grocery,Rarely_Early,Rarely_Teeth,Rarely_Jog,Rarely_Eggs,Rarely_Drove,Rarely_Sandwich,Rarely_WorkLate,Rarely_BedLate,Rarely_Pizza,Rarely_Biked,Infreq_Grocery,Infreq_Early,Infreq_Teeth,Infreq_Jog,Infreq_Eggs,Infreq_Drove,Infreq_Sandwich,Infreq_WorkLate,Infreq_BedLate,Infreq_Pizza,Infreq_Biked,Never_Grocery,Never_Early,Never_Teeth,Never_Jog,Never_Eggs,Never_Drove,Never_Sandwich,Never_WorkLate,Never_BedLate,Never_Pizza,Never_Biked
40,,100,,,,,,,,,,,,100,,,,,,,,,,,,,,,,,,,100,,,,75,,,,,,,,,,,,,,,,65,,,,,,,,,,15,,,,,,,,9,,,,,,,15,,,,,,,,,,,,,,,,,,,,15,,,,,,,,0,,,,,70,0,,,,,,,,,,,,,,,,,,,,,,,,,,,,,,,,,,,,,,,,,,,,,,,,,,,,,,,,,,,,,,,,,,,,,,,,,,,,,,,,,,,,,,,,,,,,,,,,,,,,,,,,,,,,,,,,,,,,,,,,,
40,,,,,,,,,,,,,,,,,,,,,,,,,,,,,,,,,,,,,,,,,,,,,,,,,,,,,,,,,,,,,,,,,,,,,,,,,,,,,,,,,,,,,,,,,,,,,,,,,,,,,,,,,,,,,,,70,0,,,,,100,,,,,,,,69,,,,,,,,,,,,,,,,,70,,,,,,,81,,,,,,,,65,,,,,,,,,,,,,,,,40,,,,,,,,,,,,,,,39,,,,,,,,,,,,20,,,29,,,,,,,,,,,,,,,16,,,,,,,,,,,,,0,,
40,,,,100,,,,,,,,,,,,,,,,,100,,,,,,,100,,,,,,,,,,80,,,,,,,,,,,,,,,,,70,,,,,,,,40,,,,,,,,,,,,60,,,,,,,,,30,,,,,,,30,,,,,,,,,0,,,,,,,,,,,70,30,,,,,,,,,,,,,,,,,,,,,,,,,,,,,,,,,,,,,,,,,,,,,,,,,,,,,,,,,,,,,,,,,,,,,,,,,,,,,,,,,,,,,,,,,,,,,,,,,,,,,,,,,,,,,,,,,,,,,,,,,
40,,,,,,,,,,,,,,,,,,,,,,,,,,,,,,,,,,,,,,,,,,,,,,,,,,,,,,,,,,,,,,,,,,,,,,,,,,,,,,,,,,,,,,,,,,,,,,,,,,,,,,,,,,,,,,,70,30,,,,,,,,,100,,,,,,,,,50,,,,,,,,,,,,,,,87,,61,,,,,,,,,,,,96,,,,,,,,,,,,,7,,,,,,,,,,,,14,,,,,,3,,,,,,,,,,,,,,,,,,2,,,,,,,,,,,,,11,,,,,0,,,,,,,
40,,,,,,,,,,,,,,,,,,,,,,,,,,,,,,,,,,,,,,,,,,,,,,,,,,,,,,,,,,,,,,,,,,,,,,,,,,,,,,,,,,,,,,,,,,,,,,,,,,,,,,,,,,,,,,,70,30,,,,,,,,,,,100,,,,,,,,84,,,,,,,,,,,,,92,,,,94,,,,,,,,,,,,,,95,,,,,,,,,40,,,,,,,,,,,,,,,,27,,,3,,,,,,,,,,,,7,,,,,,,,,,,,,,,,2,,,,,,,,,0,,,,,,
40,,,100,,,,,,,,,,71,,,,,,,,,,,,,,,,,100,,,,,,,,,,,,,,76,,,,,,100,,,,,,,,,,,,,,,20,,,,,,36,,,,,,,,,,,,,,,68,,,67,,,,,,,,,,,,,,,,,0,,,,,100,30,,,,,,,,,,,,,,,,,,,,,,,,,,,,,,,,,,,,,,,,,,,,,,,,,,,,,,,,,,,,,,,,,,,,,,,,,,,,,,,,,,,,,,,,,,,,,,,,,,,,,,,,,,,,,,,,,,,,,,,,,
40,,,100,,,,,,,,,,,,,100,,,,,,,,,,,,,,,,100,,,,,90,,,,,,,,,,,,,,,,,,75,,33,,,,,,,,,,10,,,,,,,,,,,,,,,,,,,10,,,,,,,,10,,,,,,,,,,,,0,,,,,70,0,,,,,,,,,,,,,,,,,,,,,,,,,,,,,,,,,,,,,,,,,,,,,,,,,,,,,,,,,,,,,,,,,,,,,,,,,,,,,,,,,,,,,,,,,,,,,,,,,,,,,,,,,,,,,,,,,,,,,,,,,
40,,,,,100,,,,,,,,,,,,,,,,100,,,,,,,,,,100,,,90,,,,,,,,,,,,,,,,,,80,,,,,,,,,35,,,,,,,,,,,,3,,,,,,3,,,,,,,,,,,,,3,,,,,,,,,,0,,,,,,,,,70,0,,,,,,,,,,,,,,,,,,,,,,,,,,,,,,,,,,,,,,,,,,,,,,,,,,,,,,,,,,,,,,,,,,,,,,,,,,,,,,,,,,,,,,,,,,,,,,,,,,,,,,,,,,,,,,,,,,,,,,,,,
40,,,,,,,,,,,,,,,,,,,,,,,,,,,,,,,,,,,,,,,,,,,,,,,,,,,,,,,,,,,,,,,,,,,,,,,,,,,,,,,,,,,,,,,,,,,,,,,,,,,,,,,,,,,,,,,70,39,,89,,,,,,,,,,,,,,,,,,,,79,,,,,,,70,,,,,,,,,,66,,,,,,,,,,66,,,,,,,,,,,,,,,41,,,,,,,,,,,,23,,7,,,,,,,,,,,,,,,,,,95,,,,,,12,,,,,,,,,,,,0,,,,,,,
40,,,,100,,,,,,,,,100,,,,,,,,,,,,,,100,,,,,,,94,,,,,,,,,,,,,,,,,83,,,,,,,11,,,,,,,,,,,,,,,,8,,,,,,,,,,,,,9,,,,,,,,,,8,,,,,,,,,,,,,0,70,30,,,,,,,,,,,,,,,,,,,,,,,,,,,,,,,,,,,,,,,,,,,,,,,,,,,,,,,,,,,,,,,,,,,,,,,,,,,,,,,,,,,,,,,,,,,,,,,,,,,,,,,,,,,,,,,,,,,,,,,,,
40,,,,,,,100,,,,,,,,,,,,,100,,,,,100,,,,,,,,,,,,75,,,,,,,,,,,,45,,,,,,,33,,,,,,,,,,,,,,,,,,,,,39,,,,,,,,12,,,,,15,,,,,,,,,,,,,,,0,,,,,,70,0,,,,,,,,,,,,,,,,,,,,,,,,,,,,,,,,,,,,,,,,,,,,,,,,,,,,,,,,,,,,,,,,,,,,,,,,,,,,,,,,,,,,,,,,,,,,,,,,,,,,,,,,,,,,,,,,,,,,,,,,,
40,,,,,,,,,,,,,,,,,,,,,,,,,,,,,,,,,,,,,,,,,,,,,,,,,,,,,,,,,,,,,,,,,,,,,,,,,,,,,,,,,,,,,,,,,,,,,,,,,,,,,,,,,,,,,,,70,30,,,,,,,,,100,,,,,,,,90,,,,,,,,,95,,,,,,,,,,100,,,,,,,,,,,,,,,,,,,95,,,,,,,,,,52,,51,,,,,,,,,,,,10,,,,,,,,,,,,,,,,,5,,,,,,,,,,5,,,,,,,,,0,,,,,,
40,,,,,,,,,,,,,,,,,,,,,,,,,,,,,,,,,,,,,,,,,,,,,,,,,,,,,,,,,,,,,,,,,,,,,,,,,,,,,,,,,,,,,,,,,,,,,,,,,,,,,,,,,,,,,,,70,30,,,,,,100,,,,,,50,,,,,,,,,,,,,80,,,,,,,,,,,,,,,,70,,,,,,,60,,,,,,,,,,,,,,,,,25,,,,,,,,,,30,,,,,,,,,5,,,,,,7,,,,,,,,,,,,,,20,,,,,,,,,,,,,,,,,0
40,,,,,,,,,,,,,,,,,,,,,,,,,,,,,,,,,,,,,,,,,,,,,,,,,,,,,,,,,,,,,,,,,,,,,,,,,,,,,,,,,,,,,,,,,,,,,,,,,,,,,,,,,,,,,,,70,0,,,,,,,,,100,,,,,,,,,,100,,,,,,,,,,,,,,100,,,,,,100,,,,,,,100,,,,,,,,,,50,,,,,,,,,,,,,,,50,,,,,,,,,,50,,,,,,,,,,,,,,0,,,,,,,0,,,,,,,,,,,,,,,,,,0,
40,,,,,,,,,,,,,,,,,,,,,,,,,,,,,,,,,,,,,,,,,,,,,,,,,,,,,,,,,,,,,,,,,,,,,,,,,,,,,,,,,,,,,,,,,,,,,,,,,,,,,,,,,,,,,,,1,0,,,,,,,,,,,89,,95,,,,,,,,,,,,,,,,,,93,,,,,,,91,,,,,,,,,,,,,93,,,,,66,,,,,,,,,,,,,,,,,,2,,,,,,4,,,,,,,,,,,,,,,,,,2,,,,,11,,,,,,,,,,,,,0,,,,,
40,,100,,,,,,,,,,,,,,,100,,,,,,,,,,100,,,,,,,,,,,,,,,85,,,,,,,,,,,,,35,,,,,,,20,,,,,,,,,,,,4,,,,,,6,,,,,,,,,,,,7,,,,,,,,0,,,,,,,,,,,70,0,,,,,,,,,,,,,,,,,,,,,,,,,,,,,,,,,,,,,,,,,,,,,,,,,,,,,,,,,,,,,,,,,,,,,,,,,,,,,,,,,,,,,,,,,,,,,,,,,,,,,,,,,,,,,,,,,,,,,,,,,
40,,,,,100,,,,,,,,,,,,,100,,,,,,,,,,,,,,,100,,,,,,,,,86,,,,,,,,63,,,,,,,,,,,,,,,28,,,10,,,,,,,,,,,,5,,,,,,,,,,,,5,,,,,,,,,,,,,,,0,,,,70,30,,,,,,,,,,,,,,,,,,,,,,,,,,,,,,,,,,,,,,,,,,,,,,,,,,,,,,,,,,,,,,,,,,,,,,,,,,,,,,,,,,,,,,,,,,,,,,,,,,,,,,,,,,,,,,,,,,,,,,,,,
40,,,,,,,,100,,,,,,,,,100,,,,,,,,,,,,,,,100,,,,,,,,,,80,,,,,,,70,,,,,,,,50,,,,,,,,,,,,,,,,20,,,,,,,,,,,,,,,20,,,20,,,,,,,,,,,,0,,,,,,,,70,0,,,,,,,,,,,,,,,,,,,,,,,,,,,,,,,,,,,,,,,,,,,,,,,,,,,,,,,,,,,,,,,,,,,,,,,,,,,,,,,,,,,,,,,,,,,,,,,,,,,,,,,,,,,,,,,,,,,,,,,,,
40,,100,,,,,,,,,,,,100,,,,,,,,,,,,100,,,,,,,,,,,,,,,72,,,,,,,,,,,,69,,,,,,,,,,,,23,,,,,,,,,,,,14,,,,,,,2,,,,,,,,,3,,,,,,,0,,,,,,,,,,,70,30,,,,,,,,,,,,,,,,,,,,,,,,,,,,,,,,,,,,,,,,,,,,,,,,,,,,,,,,,,,,,,,,,,,,,,,,,,,,,,,,,,,,,,,,,,,,,,,,,,,,,,,,,,,,,,,,,,,,,,,,,
40,,,,,,,,,,,100,,,,,,100,,,,,,,,,100,,,,,,,,,78,,,,,,,,,,,,,,,,78,,,,,,,,,50,,,,,,,,,75,,,,,,,,,,,,,,,,20,,,,,,,,,,,,20,,,,,,,,,,,,0,,70,30,,,,,,,,,,,,,,,,,,,,,,,,,,,,,,,,,,,,,,,,,,,,,,,,,,,,,,,,,,,,,,,,,,,,,,,,,,,,,,,,,,,,,,,,,,,,,,,,,,,,,,,,,,,,,,,,,,,,,,,,,
40,,,,,,,,,,,100,,,,,100,,,,,,,,,,,,100,,,,,,,,,,,,,,,80,,,69,,,,,,,,,,,,,,,,,19,,,,,,52,,,,,,,,,,,,,,,14,,,,,,,,10,,,,,,,,0,,,,,,,,,,,70,0,,,,,,,,,,,,,,,,,,,,,,,,,,,,,,,,,,,,,,,,,,,,,,,,,,,,,,,,,,,,,,,,,,,,,,,,,,,,,,,,,,,,,,,,,,,,,,,,,,,,,,,,,,,,,,,,,,,,,,,,,
40,,,,,,,,,,,,,,,,,,,,,,,,,,,,,,,,,,,,,,,,,,,,,,,,,,,,,,,,,,,,,,,,,,,,,,,,,,,,,,,,,,,,,,,,,,,,,,,,,,,,,,,,,,,,,,,70,20,,,,,,,,,,95,,,83,,,,,,,,,,,,,84,,,,,,,,,,83,,,,,,,,,,,,,,,77,,,,,,,,,,,,,,,20,,,,,,,,10,,,,,,,,3,,,,,,,,,,,,7,,,,,,,,,,,,,,11,,,0,,,,,,,,,,
40,,,,,,,,,,,,,,,,,,,,,,,,,,,,,,,,,,,,,,,,,,,,,,,,,,,,,,,,,,,,,,,,,,,,,,,,,,,,,,,,,,,,,,,,,,,,,,,,,,,,,,,,,,,,,,,70,30,,,100,,,,,,,,,52,,,,,,,,,,,,,,,90,,,,,,,,,,,,,90,,,,,,,,60,,,,,,,,,,,,,,,,,,30,,,,,,,,10,,,,,,,,,,,,,1,,,,,,,,,,3,,,,5,,,,,,,,,,,,,,,0,,,,,
40,,,,,,,100,,,,,,,,,,100,,,,,,,,,,100,,,,,,,,,85,,,,,,,,,,,,67,,,,,,,,52,,,,,,,,,,,,,,,,,,15,,,,,,,,,,,,52,,,,51,,,,,,,,,,,,,,,,,,,,0,70,25,,,,,,,,,,,,,,,,,,,,,,,,,,,,,,,,,,,,,,,,,,,,,,,,,,,,,,,,,,,,,,,,,,,,,,,,,,,,,,,,,,,,,,,,,,,,,,,,,,,,,,,,,,,,,,,,,,,,,,,,,
40,,,,,,,,,,,,,,,,,,,,,,,,,,,,,,,,,,,,,,,,,,,,,,,,,,,,,,,,,,,,,,,,,,,,,,,,,,,,,,,,,,,,,,,,,,,,,,,,,,,,,,,,,,,,,,,70,30,,,,,,,95,,,,,,,,,,,,,,60,,,,,60,,,,,,,,70,,,,,,,,,,,,,70,,,,,,,,,,,,,,,,20,,,,,,,,15,,,,,,,,,,,,,,,5,,,,,,,,10,,,,,,,,,,,,,,,,20,,0,,,,,,,,,
40,,,,,,,,,,,,,,,,,,,,,,,,,,,,,,,,,,,,,,,,,,,,,,,,,,,,,,,,,,,,,,,,,,,,,,,,,,,,,,,,,,,,,,,,,,,,,,,,,,,,,,,,,,,,,,,70,30,,100,,,,,,,,,,,,,,,,,,,,85,,,31,,,,,,,,,,,,,85,,,,,,,,,,8,,,,,,,,,,,,,27,,,,,,,,,,,,,4,,,,,,,,,,,,,20,,,,,,,,8,,,,,,,,,,,,,57,,,40,,,,,,,,,,
40,,,,,100,,,,,,,,,,,,,100,,,,,100,,,,,,,,,,,,,,81,,,,,,,,,,,,,79,,,,,,,40,,,,,,,,,,,,,,,,,,,26,,,,,,,,,,28,,,,,,,,,,,,,11,,,,,,,,0,,,,70,0,,,,,,,,,,,,,,,,,,,,,,,,,,,,,,,,,,,,,,,,,,,,,,,,,,,,,,,,,,,,,,,,,,,,,,,,,,,,,,,,,,,,,,,,,,,,,,,,,,,,,,,,,,,,,,,,,,,,,,,,,
40,,,,,,,,,,100,,100,,,,,,,,,,,,,,,,100,,,,,,,,,,85,,,,,,,,,,,,,,,,,75,,,,,,,,25,,,,,,40,,,,,,,,,,15,,,,,,,,,,,,,15,,,,,,,,,,,,,,,,0,,,70,0,,,,,,,,,,,,,,,,,,,,,,,,,,,,,,,,,,,,,,,,,,,,,,,,,,,,,,,,,,,,,,,,,,,,,,,,,,,,,,,,,,,,,,,,,,,,,,,,,,,,,,,,,,,,,,,,,,,,,,,,,
40,,,,,,,,,,,,,,,,,,,,,,,,,,,,,,,,,,,,,,,,,,,,,,,,,,,,,,,,,,,,,,,,,,,,,,,,,,,,,,,,,,,,,,,,,,,,,,,,,,,,,,,,,,,,,,,70,30,,,,,,100,,,,,,,,,,,,,,,40,,,,,,,,,57,,,,,,,,,,,,,,60,,,,,,,78,,,,,,14,,,,,,,,,,,,,,,,,,40,,,,,,6,,,,,,,,,,,,15,,,,,,,,,45,,,,,,,,,0,,,,,,,,,,
40,,,,,,,,,,,,,,,,,,,,,,,,,,,,,,,,,,,,,,,,,,,,,,,,,,,,,,,,,,,,,,,,,,,,,,,,,,,,,,,,,,,,,,,,,,,,,,,,,,,,,,,,,,,,,,,70,30,100,,,,,,,,,,,,,,,,,,,87,,,,,,,,,,78,,,,,,,,,,52,,,,,,,,73,,,,,,,,,,,,60,,,,,,,,,29,,,,,,,,,,,,,,,,,,11,,,,,,,7,,,,,,,,,,,,,,,,10,,0,,,,,,,,,
40,,,,,,,,,,,,,,,,,,,,,,,,,,,,,,,,,,,,,,,,,,,,,,,,,,,,,,,,,,,,,,,,,,,,,,,,,,,,,,,,,,,,,,,,,,,,,,,,,,,,,,,,,,,,,,,70,0,100,,,,,,,,,,,,,,90,,,,,,,,,,,,,,,65,,,,,,80,,,,,,,,,,,,,,,,,,,0,,,,,,,,,,15,,,,,,10,,,,,,,,,,,,100,,,,,,,,,,,,4,,,,,,,,,,,,,5,,,,0,,,,,,,,,
40,,,,,,100,,,,,,,,,,100,,,,,,,,100,,,,,,,,,,,,90,,,,,,,,,,,,75,,,,,,,,,,,,,,45,,,,,,,,,,,,,40,,,,,,,,,,,,30,,,,,,,,,,,,26,0,,,,,,,,,,,70,30,,,,,,,,,,,,,,,,,,,,,,,,,,,,,,,,,,,,,,,,,,,,,,,,,,,,,,,,,,,,,,,,,,,,,,,,,,,,,,,,,,,,,,,,,,,,,,,,,,,,,,,,,,,,,,,,,,,,,,,,,
40,,,100,,,,,,,,,,,,,,,,100,,,,,,,,100,,,,,,,,,,75,,,,,,,,,,,,,,,,,50,,,,,,,51,,,,,,,25,,,,,,,,,,,,,,,,,,25,,,,,,,,,,,,,30,0,,,,,,,,,,,70,30,,,,,,,,,,,,,,,,,,,,,,,,,,,,,,,,,,,,,,,,,,,,,,,,,,,,,,,,,,,,,,,,,,,,,,,,,,,,,,,,,,,,,,,,,,,,,,,,,,,,,,,,,,,,,,,,,,,,,,,,,
40,,,,,,,,,,,,,,,,,,,,,,,,,,,,,,,,,,,,,,,,,,,,,,,,,,,,,,,,,,,,,,,,,,,,,,,,,,,,,,,,,,,,,,,,,,,,,,,,,,,,,,,,,,,,,,,70,30,,,,100,,,,,,,,,,,,,,,,,80,,80,,,,,,,,,,,,80,,,,,,,,,,,,,,,,,,,,80,,,,,,,,40,,,,,,,,35,,,,,,,,,,,,,25,,,,,,,,,,20,,,,,,,,,,,,,,30,,,,,0,,,,,,,,
40,,,,,,100,,,,,,,,,,100,,,,,,,,,,,,,,,,,100,,,,,,,,81,,,,,,85,,,,,,,,,,30,,,,,,,,,,,,,,,,,,,70,,,,,,,,25,,,,,25,,,,,,,,,,,,,,0,,,,,,,,70,30,,,,,,,,,,,,,,,,,,,,,,,,,,,,,,,,,,,,,,,,,,,,,,,,,,,,,,,,,,,,,,,,,,,,,,,,,,,,,,,,,,,,,,,,,,,,,,,,,,,,,,,,,,,,,,,,,,,,,,,,,
40,,,,,,,,,,,,,,,,,,,,,,,,,,,,,,,,,,,,,,,,,,,,,,,,,,,,,,,,,,,,,,,,,,,,,,,,,,,,,,,,,,,,,,,,,,,,,,,,,,,,,,,,,,,,,,,70,0,,,,,,100,,,,,,,,,,,,,,,70,,,,,,,,,,75,,,,,,,,,,50,,,,,75,,,,,,,,,,50,,,,,,,,,,,,,50,,,,,,,,,,,,,,,12,,,,,,,,,,,,,,,15,,,,,16,,,,,,,,,,0,,,,,,,
40,,,,,,,,,,,100,,,,,100,,,,,,,,,,,,,,100,,,,,,,,,,,,,90,,,,80,,,,,,,,,60,,,,,,,,,,,,15,,,,,,,,,,,,,10,,,,,,,,,,,,,,,,15,,,,,,,,,0,,,,,70,0,,,,,,,,,,,,,,,,,,,,,,,,,,,,,,,,,,,,,,,,,,,,,,,,,,,,,,,,,,,,,,,,,,,,,,,,,,,,,,,,,,,,,,,,,,,,,,,,,,,,,,,,,,,,,,,,,,,,,,,,,
40,,,,,,,,,,,100,,,,,100,,,,,,,,,,,,,,,100,,,75,,,,,,,,,,,,,,,,,75,,,,,,,25,,,,,,,,,,,,,,,,3,,,,,,,,,3,,,,,,,,,,,,,,,3,,,0,,,,,,,,,,70,30,,,,,,,,,,,,,,,,,,,,,,,,,,,,,,,,,,,,,,,,,,,,,,,,,,,,,,,,,,,,,,,,,,,,,,,,,,,,,,,,,,,,,,,,,,,,,,,,,,,,,,,,,,,,,,,,,,,,,,,,,
40,,,,,,,,,,,,,,,,,,,,,,,,,,,,,,,,,,,,,,,,,,,,,,,,,,,,,,,,,,,,,,,,,,,,,,,,,,,,,,,,,,,,,,,,,,,,,,,,,,,,,,,,,,,,,,,70,30,,,,,100,,,,,,,,82,,,,,,,,,,,,,,,,,,,,77,,,,,,,,,79,,,,,,,,,,65,,,,,,44,,,,,,,,,,,,,,16,,,,,,,,,,,,,,,6,,,,,6,,,,,,,,20,,,,,,,,,,,,,,,,,0,,,,
40,,,,,,,,,,,,,,,,,,,,,,,,,,,,,,,,,,,,,,,,,,,,,,,,,,,,,,,,,,,,,,,,,,,,,,,,,,,,,,,,,,,,,,,,,,,,,,,,,,,,,,,,,,,,,,,70,30,,,,,,100,,,,,,,,95,,,,,,,,,,,,,,,,,,,90,,,,,,,,80,,,,,,,,,,,,,70,,60,,,,,,,,,,,,,,,,,,,20,,,,,,,,,15,,,,,,10,,,,,,,,,,,,,25,,,,,,,,,,,,0,,,,,,
40,,,,,,,,,,,,,,,,,,,,,,,,,,,,,,,,,,,,,,,,,,,,,,,,,,,,,,,,,,,,,,,,,,,,,,,,,,,,,,,,,,,,,,,,,,,,,,,,,,,,,,,,,,,,,,,70,30,,,,,100,,,,,,,,,,,,,,,,,75,,,,,,80,,,,,,65,,,,,,,,,,,,,,,,,,,,30,,,,,20,,,,,,,,,,40,,,,,,,,,,,,,,,15,,,,,,15,,,,,,,,,,,,,,,,,25,,,,,,,,,,,,0,,
40,,,100,,,,,,,,,,,,,,100,,,,,,,,,100,,,,,,,,80,,,,,,,,,,,,80,,,,,,,,,,,,,,,,,,,,12,,,,,,,,,3,,,,,,,,,4,,,,,,,,,3,,,,,,,,,,,,,,0,,,,70,30,,,,,,,,,,,,,,,,,,,,,,,,,,,,,,,,,,,,,,,,,,,,,,,,,,,,,,,,,,,,,,,,,,,,,,,,,,,,,,,,,,,,,,,,,,,,,,,,,,,,,,,,,,,,,,,,,,,,,,,,,
40,,,,,,,,,,,,,,,,,,,,,,,,,,,,,,,,,,,,,,,,,,,,,,,,,,,,,,,,,,,,,,,,,,,,,,,,,,,,,,,,,,,,,,,,,,,,,,,,,,,,,,,,,,,,,,,70,100,,,,,,,,,,,100,,,,,89,,,,,,,,,,,,,,,90,,,,81,,,,,,,,,,,,,,,90,,,,,,,,44,,,,,,,,,,,,10,,,,,,,,,,,,,,5,,,,,2,,,,,,,,,,,,,,,,,,,,10,,,,,,,,,0,,,
40,,,,,,,100,,,,,,,,100,,,,,,,,,100,,,,,,,,,,60,,,,,,,,,,,,,,,,,,,,75,,,,,,10,,,,,,,,,,,,,,20,,,,,,27,,,,,,,,,,,,,,100,,,,,,,,,,,,,,,,0,70,0,,,,,,,,,,,,,,,,,,,,,,,,,,,,,,,,,,,,,,,,,,,,,,,,,,,,,,,,,,,,,,,,,,,,,,,,,,,,,,,,,,,,,,,,,,,,,,,,,,,,,,,,,,,,,,,,,,,,,,,,,
40,,100,,,,,,,,,,,,,100,,,,,,,,100,,,,,,,,,,,,,,,,,90,,,,,,,80,,,,,,,,,,,,,,,,,,,45,,,,,,46,,,,,,,,,,,,,,21,,,,,,,,,,10,,,,,,,,,,,,,0,,70,0,,,,,,,,,,,,,,,,,,,,,,,,,,,,,,,,,,,,,,,,,,,,,,,,,,,,,,,,,,,,,,,,,,,,,,,,,,,,,,,,,,,,,,,,,,,,,,,,,,,,,,,,,,,,,,,,,,,,,,,,,
40,,,,,,,,,,100,,,,100,,,,,,,,,,,,,,,,100,,,,80,,,,,,,,,,,,,,,,,60,,,,,,,,,,,,,50,,,,30,,,,,,,,,,,,,,,100,,,,,,,,,,20,,,,,,,,,,,,,,,,,0,70,0,,,,,,,,,,,,,,,,,,,,,,,,,,,,,,,,,,,,,,,,,,,,,,,,,,,,,,,,,,,,,,,,,,,,,,,,,,,,,,,,,,,,,,,,,,,,,,,,,,,,,,,,,,,,,,,,,,,,,,,,,
40,,,,,,,,,,,,,,,,,,,,,,,,,,,,,,,,,,,,,,,,,,,,,,,,,,,,,,,,,,,,,,,,,,,,,,,,,,,,,,,,,,,,,,,,,,,,,,,,,,,,,,,,,,,,,,,70,0,,,,,,,,,,100,,,,,,,,,,,,70,18,,,,,,,,,,,,,75,,,,,,,,,,,,,,90,,,,,,,,,,,,34,,,,,,,,,,,,,25,,,,,,30,,,,,,,,,25,,,,,,,,,,,,,,,,,5,,,,,,,,0,,,,,,
40,,,,,,,,,,,,,,,,,,,,,,,,,,,,,,,,,,,,,,,,,,,,,,,,,,,,,,,,,,,,,,,,,,,,,,,,,,,,,,,,,,,,,,,,,,,,,,,,,,,,,,,,,,,,,,,70,30,,,100,,,,,,,,,,90,,,,,,,,,,,,,,65,,,,,,,50,,,,,,,,,,,,,,,,,,60,,,,,,,,,50,,,,,,,,,,,,65,,,,,,,,1,,,,,,,,,,,,,,,,10,,,,,,,,,,,,,10,,,,,,,,,,0,
40,,100,,,,,,,,,,100,,,,,,,,,,,,,,,,,,,,,100,,,,,,,,,50,,,,,,,,,,,,60,,,,,30,,,,,,,,,,,,50,,,,,,,,,,,,,3,,,,,,,,,,,,3,,,,,,0,,,,,,,,,70,30,,,,,,,,,,,,,,,,,,,,,,,,,,,,,,,,,,,,,,,,,,,,,,,,,,,,,,,,,,,,,,,,,,,,,,,,,,,,,,,,,,,,,,,,,,,,,,,,,,,,,,,,,,,,,,,,,,,,,,,,,
40,,,,0,,,,,,,,,,,,100,,,,,,,,,,,,,,,,,50,,,,,,,83,,,,,,,86,,,,,,,,,,,,,,,,,20,,,,,,,,10,,,,,,,11,,,,,,,,,,16,,,,,,,,,,,,,,,,,,,,0,,70,88,,,,,,,,,,,,,,,,,,,,,,,,,,,,,,,,,,,,,,,,,,,,,,,,,,,,,,,,,,,,,,,,,,,,,,,,,,,,,,,,,,,,,,,,,,,,,,,,,,,,,,,,,,,,,,,,,,,,,,,,,
40,,,,,,,,,,,,,,,,,,,,,,,,,,,,,,,,,,,,,,,,,,,,,,,,,,,,,,,,,,,,,,,,,,,,,,,,,,,,,,,,,,,,,,,,,,,,,,,,,,,,,,,,,,,,,,,70,30,,,,100,,,,,,,,,,,,,,,,,,76,,,,,,100,,,,,,,85,,,,,,,,,,75,,,,,,,,,,,,,35,,,,,,,,,,,,,,,35,,,,,,,,,,,,,,7,,,,,,5,,,,,,,,,,,,,,,15,,,,,,,,,,0,,,
40,,,,,,,,,,,,,,,,,,,,,,,,,,,,,,,,,,,,,,,,,,,,,,,,,,,,,,,,,,,,,,,,,,,,,,,,,,,,,,,,,,,,,,,,,,,,,,,,,,,,,,,,,,,,,,,70,30,,,,,,,,,,100,,81,,,,,,,,,,,,,,,,,,95,,,,,,92,,,,,,,,,,83,,,,,,,,,,,,,47,,,,,,,,,,,,,20,,,,,,,,,,13,,,,,,,,,,,,,,,10,,,,,,,,,12,,,,,,,,,,,,,,,0
40,,,,,,,,,,,,,,,,,,,,,,,,,,,,,,,,,,,,,,,,,,,,,,,,,,,,,,,,,,,,,,,,,,,,,,,,,,,,,,,,,,,,,,,,,,,,,,,,,,,,,,,,,,,,,,,70,30,,,,,,,,,90,,,,,95,,,,,,,,,79,,,,,,,,,,,,,,,,,,,,,90,,,,,,,,,,71,,,,,,,40,,,,,,,,,,20,,,,,,,,,,50,,,,,,,,,,,,,,,5,,,,,23,,,,,,,,,,,,,,,,0,,,,
40,,,,,,,,,,,,,,,,,,,,,,,,,,,,,,,,,,,,,,,,,,,,,,,,,,,,,,,,,,,,,,,,,,,,,,,,,,,,,,,,,,,,,,,,,,,,,,,,,,,,,,,,,,,,,,,70,0,,,,,,,,,,,100,,,100,,,,,,,,,,,,,,,,85,,,,,,,,,65,,,,,,,,,,80,,,,,,,,,,60,,,,,,,,,70,,,,,,,,,,,,,,,,,,,27,,,,,,,,,,50,,,35,,,,,,,,,,,,,,,,,0,,,,
40,,,,,,,,,,,,,,,,,,,,,,,,,,,,,,,,,,,,,,,,,,,,,,,,,,,,,,,,,,,,,,,,,,,,,,,,,,,,,,,,,,,,,,,,,,,,,,,,,,,,,,,,,,,,,,,70,30,,,,100,,,,,,,,,,,,,,,,,73,,,,,,,82,,,,,,,,75,,,,,,,,,68,,,,,,,,,,,,,,,,,,23,,,,,,,,28,,,,,,,,,,,,,26,,,,,,,,,,,,,8,,,,,,,,,,,,,10,,13,,,,,,,,,
40,,,,,,,,100,,,,,,,,,100,,,,,,,,,,,,,,,100,,,,69,,,,,,,,,40,,,,,,,,,,,,,,,,,25,,,,,,,,,70,,,,,,,,10,,,,,,,,,,,,,,,,,,,,20,,,,,,,,,0,,,70,0,,,,,,,,,,,,,,,,,,,,,,,,,,,,,,,,,,,,,,,,,,,,,,,,,,,,,,,,,,,,,,,,,,,,,,,,,,,,,,,,,,,,,,,,,,,,,,,,,,,,,,,,,,,,,,,,,,,,,,,,,
40,,,,,,,,,,,,,,,,,,,,,,,,,,,,,,,,,,,,,,,,,,,,,,,,,,,,,,,,,,,,,,,,,,,,,,,,,,,,,,,,,,,,,,,,,,,,,,,,,,,,,,,,,,,,,,,70,0,100,,,,,,,,,,,,,,,,,85,,,,,,,,,80,,,,,,,,,,,,,,,,,75,,,75,,,,,,,,,,,,20,,,,,,,,,,,,,,,,,10,,,5,,,,,,,,,,,,,,,,,,5,,,,,,,,10,,,,,,,,,,,,,0,,,
40,,,,,,,,,,,,,,,,,,,,,,,,,,,,,,,,,,,,,,,,,,,,,,,,,,,,,,,,,,,,,,,,,,,,,,,,,,,,,,,,,,,,,,,,,,,,,,,,,,,,,,,,,,,,,,,70,15,,100,,,,,,,,,,,,,,,,,,,,50,,,75,,,,,,,,,,,,,,67,,,,,,76,,,,,,,,,,,,,,,,,,50,,,,,,,,,,41,,,,,,,,,20,,,,,,,,,,20,,,,,,,,,,,,,,,,,27,,,,,,,,,,0,,
40,,,,,,,,,,,,,,,,,,,,,,,,,,,,,,,,,,,,,,,,,,,,,,,,,,,,,,,,,,,,,,,,,,,,,,,,,,,,,,,,,,,,,,,,,,,,,,,,,,,,,,,,,,,,,,,70,0,100,,,,,,,,,,,,,,,,,,,,74,,,,,,,,,,80,,,,,,59,,,,,,,,,,,,,100,,,,,,,,,,,,,,,,29,,,,,,,,11,,,,,5,,,,,,,,,,,,5,,,,,,,,,,,,,19,,,,,,,,,,,,,0,,,,
40,,,,,,,,,,,100,,,,,,100,,,,,,,,,,,,,,,100,,,96,,,,,,,,,,57,,,,,,,,,,,,,,,,,,24,,,,,,,,,,10,,,,,,,7,,,,,,,,,,,,,,,,,5,,,,,,,0,,,,,,,70,0,,,,,,,,,,,,,,,,,,,,,,,,,,,,,,,,,,,,,,,,,,,,,,,,,,,,,,,,,,,,,,,,,,,,,,,,,,,,,,,,,,,,,,,,,,,,,,,,,,,,,,,,,,,,,,,,,,,,,,,,,
40,,,,,,,100,,,,,,,,,,,,,,100,,,,,100,,,,,,,,,,,,,70,,,,,,,,,,,,,15,,,,,,,,,,,,25,,,,7,,,,,,,,,,,,3,,,,,,,,,,,,,3,,,,,,,,,,,,,,,,,0,70,0,,,,,,,,,,,,,,,,,,,,,,,,,,,,,,,,,,,,,,,,,,,,,,,,,,,,,,,,,,,,,,,,,,,,,,,,,,,,,,,,,,,,,,,,,,,,,,,,,,,,,,,,,,,,,,,,,,,,,,,,,
40,,,,,,100,,,,,,,,,,,,,,100,,,,100,,,,,,,,,,,,,,,,,83,,,,,,88,,,,,,,,,16,,,,,,,,,,,,,,,,,,,,13,,,,,,,,21,,,,,,,,,38,,,,,,,,,,0,,,,,,,,70,30,,,,,,,,,,,,,,,,,,,,,,,,,,,,,,,,,,,,,,,,,,,,,,,,,,,,,,,,,,,,,,,,,,,,,,,,,,,,,,,,,,,,,,,,,,,,,,,,,,,,,,,,,,,,,,,,,,,,,,,,,
40,,,100,,,,,,,,,,,,,,,,,,,100,,,,,,100,,,,,,,,,,,,,,90,,,,,,,,,70,,,,,,,,20,,,,,,,,,,,,,,,2,,,,20,,,,,,,,,,,,,,,10,,,,,,,,,,,,,,,,0,,70,30,,,,,,,,,,,,,,,,,,,,,,,,,,,,,,,,,,,,,,,,,,,,,,,,,,,,,,,,,,,,,,,,,,,,,,,,,,,,,,,,,,,,,,,,,,,,,,,,,,,,,,,,,,,,,,,,,,,,,,,,,
40,,,,,,,,,,,,,,,,,,,,,,,,,,,,,,,,,,,,,,,,,,,,,,,,,,,,,,,,,,,,,,,,,,,,,,,,,,,,,,,,,,,,,,,,,,,,,,,,,,,,,,,,,,,,,,,70,30,,,,,,,,,100,,,,,,,,,75,,,,,90,,,,,,,,,,,,,,,,,,,,,70,,,,,,,,85,,,,,,55,,,,,,,,,,50,,,,,,,,,,,,,,,11,,,,,,,,,,,,,,,15,,,,,,30,,,,,,,,,,0,,,,,,,
40,,100,,,,,,,,,,,,,,,,,,,,100,100,,,,,,,,,,,,,,,,,,,80,,,,,,,,75,,,,,,,,,,34,,,,,,,,,,,,,65,,,,,,,,26,,,,,,,,,,18,,,,,,,,,,,,,,,,,,0,,70,30,,,,,,,,,,,,,,,,,,,,,,,,,,,,,,,,,,,,,,,,,,,,,,,,,,,,,,,,,,,,,,,,,,,,,,,,,,,,,,,,,,,,,,,,,,,,,,,,,,,,,,,,,,,,,,,,,,,,,,,,,
40,,,,,100,,,,,,,,,,,,,,,100,,,,,100,,,,,,,,,78,,,,,,,,,,,,,,,,,,,,,64,,,,,,,49,,,,,,41,,,,,,,,,,,,,,,,,8,,,,,,,,,,,,,28,,,,,0,,,,,,,,70,30,,,,,,,,,,,,,,,,,,,,,,,,,,,,,,,,,,,,,,,,,,,,,,,,,,,,,,,,,,,,,,,,,,,,,,,,,,,,,,,,,,,,,,,,,,,,,,,,,,,,,,,,,,,,,,,,,,,,,,,,,
40,,,,,,,,,,,100,100,,,,,,,,,,,,,,,,,,100,,,,,,,,,,,,84,,,,,,,86,,,,,,,,,,,,,44,,,,,,7,,,,,,,,,,,,,10,,,,,,,,,,8,,,,,,,,,,,,,,0,,,,,,70,30,,,,,,,,,,,,,,,,,,,,,,,,,,,,,,,,,,,,,,,,,,,,,,,,,,,,,,,,,,,,,,,,,,,,,,,,,,,,,,,,,,,,,,,,,,,,,,,,,,,,,,,,,,,,,,,,,,,,,,,,,
40,,,,,,,,,,,,,,,,,,,,,,,,,,,,,,,,,,,,,,,,,,,,,,,,,,,,,,,,,,,,,,,,,,,,,,,,,,,,,,,,,,,,,,,,,,,,,,,,,,,,,,,,,,,,,,,70,30,,95,,,,,,,,,,,,,,79,,,,,,,,,,,,,85,,,,,,,,,,80,,,,,,,,,,,,,,,30,,,,,,,,,,40,,,,,,30,,,,,,,,,,20,,,,,,,,,12,,,,,,,,,,,,,,,,,,,,,20,,,,,,,,0,,,
40,,,,,,,,100,,,,,,,,100,,,,,,,,,,,,,,,,,100,,,,,,,,,75,,,,,,,,100,,,,,,,,,31,,,,,,,,14,,,,,,,,,,,,,,,,,,,,25,,,,50,,,,,,,,,,,,,,,0,,,,,1,3,,,,,,,,,,,,,,,,,,,,,,,,,,,,,,,,,,,,,,,,,,,,,,,,,,,,,,,,,,,,,,,,,,,,,,,,,,,,,,,,,,,,,,,,,,,,,,,,,,,,,,,,,,,,,,,,,,,,,,,,,
40,,,,,,,,,,,,,,,,,,,,,,,,,,,,,,,,,,,,,,,,,,,,,,,,,,,,,,,,,,,,,,,,,,,,,,,,,,,,,,,,,,,,,,,,,,,,,,,,,,,,,,,,,,,,,,,70,30,,,,100,,,,,,,,,,,,80,,,,,,,,,,,,,95,,,,,,95,,,,,,,,,,,,,,,,,,90,,,35,,,,,,,,,,,,,85,,,,,,,,,,,,,,,,,,5,,,,,,,10,,,,,,,,,,,,,,,,5,,,,,,,,0,,,
40,,100,,,,,,,,,,,,,,,,,,100,,,,,100,,,,,,,,,,,,,,,90,,,,,,,,,,63,,,,,,,,,,,,,,,,45,10,,,,,,,,,,,,,,4,,,,,,,,,,,,,,,5,,,,,,,,0,,,,,,,70,0,,,,,,,,,,,,,,,,,,,,,,,,,,,,,,,,,,,,,,,,,,,,,,,,,,,,,,,,,,,,,,,,,,,,,,,,,,,,,,,,,,,,,,,,,,,,,,,,,,,,,,,,,,,,,,,,,,,,,,,,,
40,,,,,,,,,,,,,,,,,,,,,,,,,,,,,,,,,,,,,,,,,,,,,,,,,,,,,,,,,,,,,,,,,,,,,,,,,,,,,,,,,,,,,,,,,,,,,,,,,,,,,,,,,,,,,,,70,30,,,,100,,,,,,,,,,,,,,75,,,,,,,60,,,,,,,,,,,,,,,,46,,,,,,,,,,,,,,40,,,,,25,,,,,,,22,,,,,,,,,,,,10,,,,,,,,,,,,,,,5,,,,,,,,,,,,,,,5,,,,,,,,,,0,,
40,,,,,,,,,,,,,,,,,,,,,,,,,,,,,,,,,,,,,,,,,,,,,,,,,,,,,,,,,,,,,,,,,,,,,,,,,,,,,,,,,,,,,,,,,,,,,,,,,,,,,,,,,,,,,,,70,30,,,,,,,100,,,,,,,,,,80,,,,,,,,,,,,,,60,,,,,,,,,,63,,,,,75,,,,,,,,,,,,,50,,,,,,,,30,,,,,,,,,,,,,,,8,,,,,,,,,10,,,,,,,,,,,,,,,,,,,25,,,,,,,,,,0,
40,,,,,,,,,,,,,,,,,,,,,,,,,,,,,,,,,,,,,,,,,,,,,,,,,,,,,,,,,,,,,,,,,,,,,,,,,,,,,,,,,,,,,,,,,,,,,,,,,,,,,,,,,,,,,,,70,0,,,,,,,,,,,85,,,,,,,,,,27,,,,,70,,,,,,,,,70,,,,,,,,,,,,,,,,77,,,,,,,,,,27,,,,,,27,,,,,,,,,,,,,,,,,,,65,,,,,,,,,,9,,,,,,,,11,,,,,,,,,0,,,,,,,,
40,,,,,,,,,100,,,,,100,,,,,,,,,,,,,,,100,,,,,,,,,85,,,,,,,,,,,,,,,,30,,,,,,,,,,,,30,,,,,,38,,,,,,,,,,,,,5,,,,,,,13,,,,,,,,,0,,,,,,,,,,70,30,,,,,,,,,,,,,,,,,,,,,,,,,,,,,,,,,,,,,,,,,,,,,,,,,,,,,,,,,,,,,,,,,,,,,,,,,,,,,,,,,,,,,,,,,,,,,,,,,,,,,,,,,,,,,,,,,,,,,,,,,
40,,,,,,,,,,,,,,,,,,,,,,,,,,,,,,,,,,,,,,,,,,,,,,,,,,,,,,,,,,,,,,,,,,,,,,,,,,,,,,,,,,,,,,,,,,,,,,,,,,,,,,,,,,,,,,,70,30,,,,100,,,,,,,,,,90,,,,,,,,,,,,,,,,,94,,,,,,,,,,,,75,,,,,,,,,,,,80,,,,,40,,,,,,,,11,,,,,,,,,,,,,,,,,96,,,,,,,,,,10,,,,,,,,,,4,,,,,,0,,,,,,,,,,
40,,,,,,100,,,,,,,,100,,,,,,,,,,100,,,,,,,,,,,,,,,,,75,,,,,,,,,,60,,,,,,,,,,,,,40,,,,,,9,,,,,,,,,,,,,,,,,4,,3,,,,,,,,,,,,,,,0,,,,,,,70,30,,,,,,,,,,,,,,,,,,,,,,,,,,,,,,,,,,,,,,,,,,,,,,,,,,,,,,,,,,,,,,,,,,,,,,,,,,,,,,,,,,,,,,,,,,,,,,,,,,,,,,,,,,,,,,,,,,,,,,,,,
40,100,,,,,,,,,,,,,,,,,,,100,,,,,,,,,,,,,100,,,,80,,,,,,,,,,85,,,,,,,,,,,,,,,,35,,,,,,,,,65,,,,,,,15,,,,,,,,,,,,,,15,,,,,,,,,,,,,,,,0,,70,30,,,,,,,,,,,,,,,,,,,,,,,,,,,,,,,,,,,,,,,,,,,,,,,,,,,,,,,,,,,,,,,,,,,,,,,,,,,,,,,,,,,,,,,,,,,,,,,,,,,,,,,,,,,,,,,,,,,,,,,,,
40,,,,,,,,,,,,,,,,,,,,,,,,,,,,,,,,,,,,,,,,,,,,,,,,,,,,,,,,,,,,,,,,,,,,,,,,,,,,,,,,,,,,,,,,,,,,,,,,,,,,,,,,,,,,,,,70,0,,,,,,,,,100,,,,,,,,,50,,,,,,,100,,,,,,,,,,,,,,,,70,,,,,,,,,80,,,,,,,,,,,,,,,50,,50,,,,,,,,,,,,,,,,,,,,,15,,,,,10,,,,,,,,70,,,,,,,,,,,,,0,,,,,,,
40,,,,,,100,,,,,,,,100,,,,,,,,,100,,,,,,,,,,,,,,,,,,81,,,,,,,,,,,,79,,,,,,,,,,,,9,,,,,,,,3,,,,,,2,,,,,,,,,,,,,,3,,,,,,,,,,,,,,,,,0,70,0,,,,,,,,,,,,,,,,,,,,,,,,,,,,,,,,,,,,,,,,,,,,,,,,,,,,,,,,,,,,,,,,,,,,,,,,,,,,,,,,,,,,,,,,,,,,,,,,,,,,,,,,,,,,,,,,,,,,,,,,,
40,,,,,,,100,,,,,,,100,,,,,,,,,,100,,,,,,,,,,,,,,80,,,,,,,,,,,,,,,,,70,,,,,,30,,,,,,,,,,,,,,6,,,,,,4,,,,,,,,,,,,,,,,,10,,,,,,,,,0,,,,70,30,,,,,,,,,,,,,,,,,,,,,,,,,,,,,,,,,,,,,,,,,,,,,,,,,,,,,,,,,,,,,,,,,,,,,,,,,,,,,,,,,,,,,,,,,,,,,,,,,,,,,,,,,,,,,,,,,,,,,,,,,
40,,,,,,,,,,,,,,,,,,,,,,,,,,,,,,,,,,,,,,,,,,,,,,,,,,,,,,,,,,,,,,,,,,,,,,,,,,,,,,,,,,,,,,,,,,,,,,,,,,,,,,,,,,,,,,,70,30,98,,,,,,,,,,,,82,,,,,,,,,,,,,,,,,,56,,,,,,70,,,,,,,,,,,,,,,,,,83,,,,,,,,33,,,,,,72,,,,,,,,,,,,,,18,,,,,,,,,,16,,,,,,,,,,,,,,,,29,,,,,,,,0,,,,
40,,,,,,,,,100,,,100,,,,,,,,,,,,,,,,,,,,,100,,,,,80,,,,,,,,,,,,75,,,,,,,,,,,,,40,,,,,60,,,,,,,,,,,,,,,,30,,,,,,,,,,,,,,15,,,,,0,,,,,,,,70,0,,,,,,,,,,,,,,,,,,,,,,,,,,,,,,,,,,,,,,,,,,,,,,,,,,,,,,,,,,,,,,,,,,,,,,,,,,,,,,,,,,,,,,,,,,,,,,,,,,,,,,,,,,,,,,,,,,,,,,,,,
40,,,,,,,,100,,,,,,100,,,,,,,,,,,,,,,,,100,,,93,,,,,,,,,,,,,,,,,,,,71,,,,,,27,,,,,,,,,,,,,30,,,,,,,,10,,,,,,,,,,,,,,,,,,14,,,,,,0,,,,,,70,30,,,,,,,,,,,,,,,,,,,,,,,,,,,,,,,,,,,,,,,,,,,,,,,,,,,,,,,,,,,,,,,,,,,,,,,,,,,,,,,,,,,,,,,,,,,,,,,,,,,,,,,,,,,,,,,,,,,,,,,,,
40,,,,,,,100,,,,,100,,,,,,,,,,,,,,,,,,,100,,,,90,,,,,,,,,,,,60,,,,,,,,,,,,,,40,,,,,,,,,20,,,,,,,,,,,,,,,,,7,,,,,,,,,5,,,,,,,,,,,,,,0,70,0,,,,,,,,,,,,,,,,,,,,,,,,,,,,,,,,,,,,,,,,,,,,,,,,,,,,,,,,,,,,,,,,,,,,,,,,,,,,,,,,,,,,,,,,,,,,,,,,,,,,,,,,,,,,,,,,,,,,,,,,,
40,,100,,,,,,,,,,100,,,,,,,,,,,,,,,,,,,,100,,,,75,,,,,,,,,,,,,,,,,50,,,,,,,,,25,,,,,,,,40,,,,,,,,,,,,19,,,,,,,,,,,,14,,,,,,,,,,,,,0,,,,70,0,,,,,,,,,,,,,,,,,,,,,,,,,,,,,,,,,,,,,,,,,,,,,,,,,,,,,,,,,,,,,,,,,,,,,,,,,,,,,,,,,,,,,,,,,,,,,,,,,,,,,,,,,,,,,,,,,,,,,,,,,
40,100,,,,,,,,,,,,,,,,,100,,,,,,,,100,,,,,,,,,,,,,,,,,,79,,,,,,,,30,,,,,,,,28,,,,,,,,,,,,,,,,24,,,,25,,,,,,,,,,,,,,,,,14,,,,,,,,0,,,,,,70,30,,,,,,,,,,,,,,,,,,,,,,,,,,,,,,,,,,,,,,,,,,,,,,,,,,,,,,,,,,,,,,,,,,,,,,,,,,,,,,,,,,,,,,,,,,,,,,,,,,,,,,,,,,,,,,,,,,,,,,,,,
40,,,,,,,,,,,,,,,,,,,,,,,,,,,,,,,,,,,,,,,,,,,,,,,,,,,,,,,,,,,,,,,,,,,,,,,,,,,,,,,,,,,,,,,,,,,,,,,,,,,,,,,,,,,,,,,70,10,,,100,,,,,,,,,,,,,,,80,,,,,65,,,,,,,,,,,,,,,,100,,,,,,,,,75,,,,,,,,,,,,30,,,,,,,,,,,,,,25,,,,,,,,,,,,16,,,,,,,,,,,,,10,,30,,,,,,,,,,,,,,,,,,,0,
40,,,,,,,,,,,,,,,,,,,,,,,,,,,,,,,,,,,,,,,,,,,,,,,,,,,,,,,,,,,,,,,,,,,,,,,,,,,,,,,,,,,,,,,,,,,,,,,,,,,,,,,,,,,,,,,71,15,,,,,,,,,,,80,,,,50,,,,,,,,,,,,,80,,,,,,,,,,,,,,80,,,,,,,,,,70,,,,,40,,,,,,,,,,,,,,,,81,,,,,,,100,,,,,,,,,,,,,10,,,,,,,70,,,,,,,,,,,,,,,,,,,,0,
40,,,,,,,,,,,,,,,,,,,,,,,,,,,,,,,,,,,,,,,,,,,,,,,,,,,,,,,,,,,,,,,,,,,,,,,,,,,,,,,,,,,,,,,,,,,,,,,,,,,,,,,,,,,,,,,70,0,,100,,,,,,,,,,,,,,,95,,,,,,,,95,,,,,,,,,,,,,,,,,,35,,,,,,,,,,85,,,50,,,,,,,,,,,,,,,,,20,,,,,,,,,,,,,,,5,,,,,5,,,,,,,,,,,,,,5,,,,,,,0,,,,,,,
40,,,,,,,,,,100,,,100,,,,,,,,,,,,,,100,,,,,,,,,,,,,,,79,,,,,,,,,,64,,,,,,,,,,50,,,,,,,68,,,,,,,,,,,,14,,,,,,,,,,,,,7,,,,,,,,,,,,,,,,0,70,0,,,,,,,,,,,,,,,,,,,,,,,,,,,,,,,,,,,,,,,,,,,,,,,,,,,,,,,,,,,,,,,,,,,,,,,,,,,,,,,,,,,,,,,,,,,,,,,,,,,,,,,,,,,,,,,,,,,,,,,,,
40,,,,,,,,,,,,,,,,,,,,,,,,,,,,,,,,,,,,,,,,,,,,,,,,,,,,,,,,,,,,,,,,,,,,,,,,,,,,,,,,,,,,,,,,,,,,,,,,,,,,,,,,,,,,,,,70,50,,,,,,,100,,,,,,,,,,,,92,,,,,,,,,,,,77,,,,,93,,,,,,,,,,,,,68,,,,,,,,28,,,,,,,,,,,,,,,,,,,12,,,,,4,,,,,,,,,,,,,2,,,,,,13,,,,,,,,,,,,,,,,,,,,,0
40,,,,,,,,,,,,,,,,,,,,,,,,,,,,,,,,,,,,,,,,,,,,,,,,,,,,,,,,,,,,,,,,,,,,,,,,,,,,,,,,,,,,,,,,,,,,,,,,,,,,,,,,,,,,,,,70,30,,,,,,100,,,,,,,,,,,,,,80,,,,,,,,,70,,,,,,,,,,,,70,,,,,,,,,,,,,66,,,50,,,,,,,,,,,,,70,,,,,,,,,,,,10,,,,,,,10,,,,,,,,,,,,,,,,,,,,,20,,,0,,,,,,,,
40,,,,,,,,,,,,,,,,,,,,,,,,,,,,,,,,,,,,,,,,,,,,,,,,,,,,,,,,,,,,,,,,,,,,,,,,,,,,,,,,,,,,,,,,,,,,,,,,,,,,,,,,,,,,,,,70,0,,100,,,,,,,,,,,,,,,,95,,,,,,,,,,,,,,90,,,,,,,,,,,,70,,,,,,85,,,,,,,,,,20,,,,,,,10,,,,,,,,,,,,,,,,,,2,,,,,,3,,,,,,,,,,,,8,,,,,,,,,,,,,,,,0,,
40,,,,,,,,,,,,,,,,,,,,,,,,,,,,,,,,,,,,,,,,,,,,,,,,,,,,,,,,,,,,,,,,,,,,,,,,,,,,,,,,,,,,,,,,,,,,,,,,,,,,,,,,,,,,,,,70,30,,,,,,100,,,,,,,,91,,,,,,,,,57,,,,,,,,,,,,,,,,,,,,,64,,,,,75,,,,,,,,,,,,,,17,,,,,,,,,,,,,19,,,,,6,,,,,,,,,,,,,,10,,,,,,,,,,,,,11,,,,0,,,,,,,,,
40,,,,,,,,,,100,,,,100,,,,,,,,,,,,,100,,,,,,,,,,,,80,,,,,,,,,,,,80,,,,,,,,20,,,,,,,,,,,,,,,10,,,,,,,,,,,,,,10,,10,,,,,,,,,,,,,,,,,,0,,,70,30,,,,,,,,,,,,,,,,,,,,,,,,,,,,,,,,,,,,,,,,,,,,,,,,,,,,,,,,,,,,,,,,,,,,,,,,,,,,,,,,,,,,,,,,,,,,,,,,,,,,,,,,,,,,,,,,,,,,,,,,,
40,,,,,,,100,,,,,,,,,100,,,,,,,,,,100,,,,,,,,,,,,,,,,,63,,,,,,,66,,,,,,,,,,,,,,26,,,,,3,,,,,,,,,,3,,,,,,,,,,,,,,,,,4,,,,0,,,,,,,,,,,70,30,,,,,,,,,,,,,,,,,,,,,,,,,,,,,,,,,,,,,,,,,,,,,,,,,,,,,,,,,,,,,,,,,,,,,,,,,,,,,,,,,,,,,,,,,,,,,,,,,,,,,,,,,,,,,,,,,,,,,,,,,
40,,,,,,100,,,,,,,,,,100,,,,,,,,,,,,,,,,,100,,,,,,,,75,,,,61,,,,,,,,,,,,,,,,,,,33,,,,,20,,,,,,,,,,,,30,,,,,,,,,,,,,,,,,20,,,,,,,,0,,,,,70,0,,,,,,,,,,,,,,,,,,,,,,,,,,,,,,,,,,,,,,,,,,,,,,,,,,,,,,,,,,,,,,,,,,,,,,,,,,,,,,,,,,,,,,,,,,,,,,,,,,,,,,,,,,,,,,,,,,,,,,,,,
40,,,,,,,,,,,,,,,,,,,,,,,,,,,,,,,,,,,,,,,,,,,,,,,,,,,,,,,,,,,,,,,,,,,,,,,,,,,,,,,,,,,,,,,,,,,,,,,,,,,,,,,,,,,,,,,70,0,,,,,,,,100,,,,80,,,,,,,,,,,,,,75,,,,,,,,,,,,,,79,,,,,,,,,,,,,75,,,,50,,,,,,,,,,,,,,,,,,,30,,,,10,,,,,,,,,,,,,,,,,,,10,,,,,,25,,,,,,,,,,0,,,,,,
40,,,,,,,,,,,,,,,,,,,,,,,,,,,,,,,,,,,,,,,,,,,,,,,,,,,,,,,,,,,,,,,,,,,,,,,,,,,,,,,,,,,,,,,,,,,,,,,,,,,,,,,,,,,,,,,70,0,,100,,,,,,,,,,70,,,,,,,,,,,,,,,,,,,,,90,,,,80,,,,,,,,,,,,70,,,,,,,,,,,,,,,,33,,,,33,,,,,,,,,,,,,,,,,20,,,,,,,,20,,,,,,,,,,,,30,,,,,,,,,,,,0,,,
40,,,,,,100,,,,,,,,,,100,,,,,,,,,,,,,,,,,100,,,,76,,,,,,,,,,92,,,,,,,,,,,,,,,42,,,,,,,,,,,,,64,,,,,,,,,,7,,,,21,,,,,,,,,,,,0,,,,,,,,,,70,30,,,,,,,,,,,,,,,,,,,,,,,,,,,,,,,,,,,,,,,,,,,,,,,,,,,,,,,,,,,,,,,,,,,,,,,,,,,,,,,,,,,,,,,,,,,,,,,,,,,,,,,,,,,,,,,,,,,,,,,,,
40,,,,,,,,,,,,,,,,,,,,,,,,,,,,,,,,,,,,,,,,,,,,,,,,,,,,,,,,,,,,,,,,,,,,,,,,,,,,,,,,,,,,,,,,,,,,,,,,,,,,,,,,,,,,,,,70,0,100,,,,,,,,,,,,,,,,,,,,,65,,75,,,,,,,,,,,,,58,,,,,,,,,,,,,79,,,,,,,,51,,,,,,,,,,,,,30,,,,,,,,,,,,,,,,15,,,,,,,,,,13,,,,,,,,,,18,,,,,,,,,,0,,,,
40,,,,,,,,,,100,,,,,100,,,,,,,,100,,,,,,,,,,,,,,,85,,,,,,,,,,,,,,,70,,,,,,,,,,,,,35,,,,,,,60,,,,,,3,,,,,,,,,,,,,,,20,,,,,,,,0,,,,,,,,,70,0,,,,,,,,,,,,,,,,,,,,,,,,,,,,,,,,,,,,,,,,,,,,,,,,,,,,,,,,,,,,,,,,,,,,,,,,,,,,,,,,,,,,,,,,,,,,,,,,,,,,,,,,,,,,,,,,,,,,,,,,,
40,,,,,100,,,,,,,,,100,,,,,,,,,,,,,,,,,,100,,,,,,,,76,,,,,70,,,,,,,,,,,,,,,,,,,,,21,,,,,,,,,79,,,,,,,,15,,,,,,,,,,,,,5,,,,,0,,,,,,,,,,70,0,,,,,,,,,,,,,,,,,,,,,,,,,,,,,,,,,,,,,,,,,,,,,,,,,,,,,,,,,,,,,,,,,,,,,,,,,,,,,,,,,,,,,,,,,,,,,,,,,,,,,,,,,,,,,,,,,,,,,,,,,
40,,,,,,,,,,,,,,,,,,,,,,,,,,,,,,,,,,,,,,,,,,,,,,,,,,,,,,,,,,,,,,,,,,,,,,,,,,,,,,,,,,,,,,,,,,,,,,,,,,,,,,,,,,,,,,,70,0,,100,,,,,,,,,,,,,,,,,,,,80,,,,,,,,,,85,,,,75,,,,,,,,,,,,,,100,,,,,,,,,50,,,,,,,,40,,,,,,,,,,,,,,,6,,,,,,,,,,,,,10,,,,,,,,,,,,,40,,,,,,,,,,0,,,
40,,,,,,,,,,100,,,,,,,,,,100,,,,,,,,,,,,,100,,80,,,,,,,,,,,,,78,,,,,,,,,,35,,,,,,,,,,,,,,,7,,,,,,,,,14,,,,,,,,,,,,,,9,,,,0,,,,,,,,,,,70,0,,,,,,,,,,,,,,,,,,,,,,,,,,,,,,,,,,,,,,,,,,,,,,,,,,,,,,,,,,,,,,,,,,,,,,,,,,,,,,,,,,,,,,,,,,,,,,,,,,,,,,,,,,,,,,,,,,,,,,,,,
40,,,,100,,,,,,,,,,,,,,,,,100,,100,,,,,,,,,,,,85,,,,,,,,,,,,,,,,,,,,80,,,,,,,,,40,,,,,,,45,,,,,,,,,,,,15,,,,,,,,,,,,15,,,,,,,,,,,,0,,,,70,15,,,,,,,,,,,,,,,,,,,,,,,,,,,,,,,,,,,,,,,,,,,,,,,,,,,,,,,,,,,,,,,,,,,,,,,,,,,,,,,,,,,,,,,,,,,,,,,,,,,,,,,,,,,,,,,,,,,,,,,,,
40,,,,,,,100,,,,,,,100,,,,,,,,,,,,,,,,100,,,,,,,75,,,,,,,,,,,,,,,,,,75,27,,,,,,,,,,,,,,,,,,,,19,,,,,,,10,,,,,,,10,,,,,,,,,,,,,,,,,,0,,,70,0,,,,,,,,,,,,,,,,,,,,,,,,,,,,,,,,,,,,,,,,,,,,,,,,,,,,,,,,,,,,,,,,,,,,,,,,,,,,,,,,,,,,,,,,,,,,,,,,,,,,,,,,,,,,,,,,,,,,,,,,,
40,,,,100,,,,,,,,,,,,,,100,,,,,,,,,,,,,,,100,,91,,,,,,,,,,,,,,,75,,,,,,41,,,,,,,,,,,,,,,29,,,,,,,,,,,,,,12,,,,,,,,,,,,,17,,,,,,,,,,0,,,70,30,,,,,,,,,,,,,,,,,,,,,,,,,,,,,,,,,,,,,,,,,,,,,,,,,,,,,,,,,,,,,,,,,,,,,,,,,,,,,,,,,,,,,,,,,,,,,,,,,,,,,,,,,,,,,,,,,,,,,,,,,
40,,,,,,,,,,,,,,,,,,,,,,,,,,,,,,,,,,,,,,,,,,,,,,,,,,,,,,,,,,,,,,,,,,,,,,,,,,,,,,,,,,,,,,,,,,,,,,,,,,,,,,,,,,,,,,,70,5,,,,,,,,,,95,,,,,68,,,,,,,,,,85,,,,,,,,,,,,,,,,,,,67,,57,,,,,,,,,,,,,,,49,,,,,,,,,,5,,,,,,,,,,,,,,4,,,,,,,,,,4,,,,,15,,,,,,,,,,,,,,,,,,,0,,
40,,,,,,,,,,,,,,,,,,,,,,,,,,,,,,,,,,,,,,,,,,,,,,,,,,,,,,,,,,,,,,,,,,,,,,,,,,,,,,,,,,,,,,,,,,,,,,,,,,,,,,,,,,,,,,,70,30,,,,100,,,,,,,,,,,,,,,,,,90,,,94,,,,,,,,,,,,,,,,,,74,,,82,,,,,,,,,,,,,,,,50,,,,,,,,,,,,19,,,,,,,,,11,,,,,,,,,,4,,,,,,,,,,,,,,,10,,,0,,,,,,,,,,
40,,,,,,,,,,,,,,,,,,,,,,,,,,,,,,,,,,,,,,,,,,,,,,,,,,,,,,,,,,,,,,,,,,,,,,,,,,,,,,,,,,,,,,,,,,,,,,,,,,,,,,,,,,,,,,,70,70,,,,100,,,,,,,,,,,,86,,,,,,,,,,,,90,,,,,,,,,,,,,,90,,,,,,,,,91,,,,,,,,,,,,9,,,,,,82,,,,,,,,,,,,,,,,,,,5,,11,,,,,,,,,,15,,,,,,,,,,,,,,,,,,,,0,
40,,,100,,,,,,,,,,,,100,,,,,,,,,,,,,100,,,,,,,,,,,,75,,,,,,,,,,,,75,,,,,,,,25,,,,,,,,,,,,,,,,,60,,,,,,,,,20,,,,20,,,,,,,,,,,,,,,,,,,0,,70,0,,,,,,,,,,,,,,,,,,,,,,,,,,,,,,,,,,,,,,,,,,,,,,,,,,,,,,,,,,,,,,,,,,,,,,,,,,,,,,,,,,,,,,,,,,,,,,,,,,,,,,,,,,,,,,,,,,,,,,,,,
40,,,,,,,,,,,,,,,,,,,,,,,,,,,,,,,,,,,,,,,,,,,,,,,,,,,,,,,,,,,,,,,,,,,,,,,,,,,,,,,,,,,,,,,,,,,,,,,,,,,,,,,,,,,,,,,70,0,,,,100,,,,,,,,,,,,,,,,,,99,,,,,,,79,,,,,,,,,,94,,,,,,82,,,,,,,,,,,,,,,,,,5,,,,,5,,,,,,,,,,,,,,,,,,,1,,,,100,,,,,,,,,,,,,79,,,,,,,,,,,,,,,0,,
40,,,,,,,,,,100,,,,,,,,,100,,,,,,100,,,,,,,,,,,,,,,,,84,,,,,,,59,,,,,,,,26,,,,,,,,,,,,,,,,,,,,3,5,,,,,,,,,,,,,,,,5,,,,,,,,,0,,,,,,,,70,0,,,,,,,,,,,,,,,,,,,,,,,,,,,,,,,,,,,,,,,,,,,,,,,,,,,,,,,,,,,,,,,,,,,,,,,,,,,,,,,,,,,,,,,,,,,,,,,,,,,,,,,,,,,,,,,,,,,,,,,,,
40,,,,,,,,,,,,,,,,,,,,,,,,,,,,,,,,,,,,,,,,,,,,,,,,,,,,,,,,,,,,,,,,,,,,,,,,,,,,,,,,,,,,,,,,,,,,,,,,,,,,,,,,,,,,,,,70,30,100,,,,,,,,,,,,,,,,,,,,,83,,90,,,,,,,,,,,,,,,,,,,55,,,,,,,64,,,,,,,,,,37,,,,,,,,,,26,,,,,,,,,,,,,,19,,,,,,,12,,,,,,,,,,,,,,,,,27,,,,,,,,,,0,,,
40,,,,,,,,,,,,,,,,,,,,,,,,,,,,,,,,,,,,,,,,,,,,,,,,,,,,,,,,,,,,,,,,,,,,,,,,,,,,,,,,,,,,,,,,,,,,,,,,,,,,,,,,,,,,,,,70,0,,,,,,,,,,100,,,,,,,,70,,,,,,,,,80,,,,,,,85,,,,,,,,,,,,,,,,,,,,,80,,,,35,,,,,,,,,,,,,,,15,,,,,,,,,,,,95,,,,,5,,,,,,,,,,5,,,,,,,,,,,,,,,0,,,,,
40,,,13,,,,,,,,,,,,,,,30,,,,,,,,,,,,,,69,,,,,,,,,38,,,,,,,,,,,,30,,,,,,46,,,,,,,,,,,,40,,,,,,,,,,,,,,,,,24,,43,,,,,,,,,,,,,,,33,,,,,,70,30,,,,,,,,,,,,,,,,,,,,,,,,,,,,,,,,,,,,,,,,,,,,,,,,,,,,,,,,,,,,,,,,,,,,,,,,,,,,,,,,,,,,,,,,,,,,,,,,,,,,,,,,,,,,,,,,,,,,,,,,,
40,,,,,,,,,,,,,,,,,,,,,,,,,,,,,,,,,,,,,,,,,,,,,,,,,,,,,,,,,,,,,,,,,,,,,,,,,,,,,,,,,,,,,,,,,,,,,,,,,,,,,,,,,,,,,,,70,30,100,,,,,,,,,,,,,,,,,,,,84,,,,,,,,,,,,82,,,,,,,64,,,,,,,84,,,,,,,,,,,,,,,,42,,,,,,,,,30,,,,,,,,,14,,,,,,,,,,,,,,,,9,,,,,,,15,,,,,,,,0,,,,,,,,,
40,,,,,,,,,,,,,,,,,,,,,,,,,,,,,,,,,,,,,,,,,,,,,,,,,,,,,,,,,,,,,,,,,,,,,,,,,,,,,,,,,,,,,,,,,,,,,,,,,,,,,,,,,,,,,,,70,30,,,,,,,100,,,,,,,,,,,,82,,,,,,65,,,,,,,,,,,,73,,,,,,,,,,,,,,,,,87,,,,,,,20,,,,,,,,,,,,,,,,64,15,,,,,,,,,,,,,,,,,,,6,,,,50,,,,,,,,,,,,,,0,,,,,,
40,,,,100,,,,,,,,,100,,,,,,,,,,,,,,,,,100,,,,,,,,,,,,85,,,,,,,,83,,,,,,,,,,,,,,,24,,,,61,,,,,,,,,,,,,,,,,,,8,8,,,,,,,,,,,,,,,0,,,,,,,70,30,,,,,,,,,,,,,,,,,,,,,,,,,,,,,,,,,,,,,,,,,,,,,,,,,,,,,,,,,,,,,,,,,,,,,,,,,,,,,,,,,,,,,,,,,,,,,,,,,,,,,,,,,,,,,,,,,,,,,,,,,
40,,,,,,,,,,,,,,,,,,,,,,,,,,,,,,,,,,,,,,,,,,,,,,,,,,,,,,,,,,,,,,,,,,,,,,,,,,,,,,,,,,,,,,,,,,,,,,,,,,,,,,,,,,,,,,,70,30,,,,100,,,,,,,,,,,,,,,,,,55,,,,,,,65,,,,,70,,,,,,,,,,,,,,,,100,,,,,,,,,,,,,,,25,,,,,,20,,,,,,,,,,,,,,,1,,,,,5,,,,,,,,,,10,,,,,,,,,,,,,,,,,0,,,
40,,,,,,100,,,,,,,,,,,,,,,,100,,,,,,,,100,,,,88,,,,,,,,,,,,,88,,,,,,,,,,,,,43,,,,,,,,,,,,,83,,,,,,,,,,,,,,16,,,,,88,,,,,,,,,,,,,,,,0,,,70,13,,,,,,,,,,,,,,,,,,,,,,,,,,,,,,,,,,,,,,,,,,,,,,,,,,,,,,,,,,,,,,,,,,,,,,,,,,,,,,,,,,,,,,,,,,,,,,,,,,,,,,,,,,,,,,,,,,,,,,,,,
40,,,,,,,,,100,,,100,,,,,,,,,,,,100,,,,,,,,,,,,,,,,,,,80,,,,,,,,,63,,,,,,,,33,,,,,,,,,,41,,,,,,,,,,,,,,,,,,3,,,,,,3,,,,,,,,,,,,0,,,,,70,30,,,,,,,,,,,,,,,,,,,,,,,,,,,,,,,,,,,,,,,,,,,,,,,,,,,,,,,,,,,,,,,,,,,,,,,,,,,,,,,,,,,,,,,,,,,,,,,,,,,,,,,,,,,,,,,,,,,,,,,,,
40,,,,,,,,100,,,,,,,,,,100,,,,,,,,100,,,,,,,,,,,,,,,,80,,,,,,,,,,,,,82,,,26,,,,,,,,,5,,,,,,,,,,,,12,,,,,,,,,,,,,,,15,,,,,,,,,,,,,,,0,,70,30,,,,,,,,,,,,,,,,,,,,,,,,,,,,,,,,,,,,,,,,,,,,,,,,,,,,,,,,,,,,,,,,,,,,,,,,,,,,,,,,,,,,,,,,,,,,,,,,,,,,,,,,,,,,,,,,,,,,,,,,,
40,,,,,,,,,,,,,,,,,,,,,,,,,,,,,,,,,,,,,,,,,,,,,,,,,,,,,,,,,,,,,,,,,,,,,,,,,,,,,,,,,,,,,,,,,,,,,,,,,,,,,,,,,,,,,,,70,0,,,,,100,,,,,,,,,,50,,,,,,,,,,,,,,,,90,,,,,,,,,80,,,,,75,,,,,,,,,,,,,,,,30,,,,,,,,,,,,,,,40,,,,,,,,,10,,,,,,,,,,,,,,10,,,25,,,,,,,,,,0,,,,,,,,,
40,,,,,,,,,,,,,,,,,,,,,,,,,,,,,,,,,,,,,,,,,,,,,,,,,,,,,,,,,,,,,,,,,,,,,,,,,,,,,,,,,,,,,,,,,,,,,,,,,,,,,,,,,,,,,,,70,0,,100,,,,,,,,,,,,,,,,,79,,,,,,,,,64,,,,,,69,,,,,,,,,,,,,,77,,,,,,,,,,,,30,,,,,,,,,,,,,,,,30,,,,25,,,,,,,,,,,,,,,16,,,,,,,,,,,,,10,,,,,,,,,,,,,0
40,,,,,,,,,,,,,,,,,,,,,,,,,,,,,,,,,,,,,,,,,,,,,,,,,,,,,,,,,,,,,,,,,,,,,,,,,,,,,,,,,,,,,,,,,,,,,,,,,,,,,,,,,,,,,,,70,0,,100,,,,,,,,,,,,,,88,,,,,,,,,,,,,,,,,93,75,,,,,,,,,,,,,,,,,,,100,,,,,68,,,,,,,,,,,,80,,,,,,,,,,,,,,,1,,,,,,,,,5,,,,,,,,,,,,,,,10,,,,,,,,0,,,,
40,,,,,,,,,,,,,,,,,,,,,,,,,,,,,,,,,,,,,,,,,,,,,,,,,,,,,,,,,,,,,,,,,,,,,,,,,,,,,,,,,,,,,,,,,,,,,,,,,,,,,,,,,,,,,,,70,0,,,,,,,,,100,,,,,,,,,90,,,,,,,94,,,,,,,,,,90,,,,,,,,,,,,,,,,,,,,80,,,,,,40,,,,,,20,,,,,,,,,,,,,,,8,,,,,,,,,,8,,,,,,,,,,,,,,,10,,,,,,,,,,,,,0,
40,,,,,,,,,,,100,,,,,,,,100,,,,100,,,,,,,,,,,,,,,,,85,,,,,,,61,,,,,,,,,,51,,,,,,,,,,,,,,,10,,,,,,,,,,,,,,,3,,,,,,3,,,,,,,,,,,,,,,0,,,70,30,,,,,,,,,,,,,,,,,,,,,,,,,,,,,,,,,,,,,,,,,,,,,,,,,,,,,,,,,,,,,,,,,,,,,,,,,,,,,,,,,,,,,,,,,,,,,,,,,,,,,,,,,,,,,,,,,,,,,,,,,
40,,,,,,,,,,,,,,,,,,,,,,,,,,,,,,,,,,,,,,,,,,,,,,,,,,,,,,,,,,,,,,,,,,,,,,,,,,,,,,,,,,,,,,,,,,,,,,,,,,,,,,,,,,,,,,,70,30,,,100,,,,,,,,,,,,,,,,,,,90,,,,,,75,,,,,,,,,,,,,,77,,,,,,,,,,68,,,,29,,,,,,,,,,,,68,,,,,,,,,,,,,,4,,,,,,,,,,,,,,,,6,,,,,,,,26,,,,,,,,0,,,,,,,
40,,,,100,,,,,,,,,,,,,,,,,100,,100,,,,,,,,,,,,,,,,,,,80,,,,,,,70,,,,,,,,,,,,,,,,,20,,,,,,,,8,,,,,,7,,,,,,,,,,,,,,12,,,,,,,,,,,,0,,,,,70,0,,,,,,,,,,,,,,,,,,,,,,,,,,,,,,,,,,,,,,,,,,,,,,,,,,,,,,,,,,,,,,,,,,,,,,,,,,,,,,,,,,,,,,,,,,,,,,,,,,,,,,,,,,,,,,,,,,,,,,,,,
40,,,,,,,,,100,,,,,100,,,,,,,,,,,,,,,,,,,100,,,,,,,63,,,,,,84,,,,,,,,,,51,,,,,,,,,,,,,,,,,,4,,,,,,,,,,,,,28,,,,,,,31,,,,,,,,,,0,,,,,,,70,20,,,,,,,,,,,,,,,,,,,,,,,,,,,,,,,,,,,,,,,,,,,,,,,,,,,,,,,,,,,,,,,,,,,,,,,,,,,,,,,,,,,,,,,,,,,,,,,,,,,,,,,,,,,,,,,,,,,,,,,,,
40,,,,100,,,,,,,,,,,,,,,,,100,,,,,,,,100,,,,,,,,,,,,,75,,,,,,,,,,67,,,,,,50,,,,,,,,,,80,,,,,,,,,,,,,,25,,,,,,,,,,,,25,,,,,,0,,,,,,,,,,,70,0,,,,,,,,,,,,,,,,,,,,,,,,,,,,,,,,,,,,,,,,,,,,,,,,,,,,,,,,,,,,,,,,,,,,,,,,,,,,,,,,,,,,,,,,,,,,,,,,,,,,,,,,,,,,,,,,,,,,,,,,,
40,100,,,,,,,,,,,,,,,,,,,100,,,,,,,,,,100,,,,,85,,,,,,,,,,,,,,,100,,,,,,,,,30,,,,,,,,,,,,,,,,,,5,,,5,,,,,,,,,,,,,,,,,,5,,,,,,,,0,,,,,70,0,,,,,,,,,,,,,,,,,,,,,,,,,,,,,,,,,,,,,,,,,,,,,,,,,,,,,,,,,,,,,,,,,,,,,,,,,,,,,,,,,,,,,,,,,,,,,,,,,,,,,,,,,,,,,,,,,,,,,,,,,
40,,,,,,,,,,100,,,,100,,,,,,,,,,,,,,,100,,,,,,87,,,,,,,,,,79,,,,,,,,,,,,,,24,,,,,,,,,,,,,,,,,,45,,,,,,,,,13,,,,,,,,12,,,,,,,,,,0,,,,,,,70,0,,,,,,,,,,,,,,,,,,,,,,,,,,,,,,,,,,,,,,,,,,,,,,,,,,,,,,,,,,,,,,,,,,,,,,,,,,,,,,,,,,,,,,,,,,,,,,,,,,,,,,,,,,,,,,,,,,,,,,,,,
40,,,,,,,,,,,,,,,,,,,,,,,,,,,,,,,,,,,,,,,,,,,,,,,,,,,,,,,,,,,,,,,,,,,,,,,,,,,,,,,,,,,,,,,,,,,,,,,,,,,,,,,,,,,,,,,70,30,100,,,,,,,,,,,,,,80,,,,,,,,,,,,,,,,,80,,,,,,,,,80,,,,,,,,,,30,,,,,,,25,,,,,,,,,,,,,,,,,80,,,,,,,,70,,,,,,,10,,,,,,,,,,,,,,,,,,,,30,,,,,0,,,,,,
40,,,,,,,,,,,,,,,,,,,,,,,,,,,,,,,,,,,,,,,,,,,,,,,,,,,,,,,,,,,,,,,,,,,,,,,,,,,,,,,,,,,,,,,,,,,,,,,,,,,,,,,,,,,,,,,70,0,,100,,,,,,,,,,,,,93,,,,,,,,,,,,,,,,,,85,,,,,,93,,,,,,,,88,,,,,,,,,36,,,,,,,,,,,,,,,16,,,,,,,,,,,,,3,,,,,,,,,,,,,,3,,,,,,,,,2,,,,,,,,,,,,0,,
40,,,,,,,,,,,,,,,,,,,,,,,,,,,,,,,,,,,,,,,,,,,,,,,,,,,,,,,,,,,,,,,,,,,,,,,,,,,,,,,,,,,,,,,,,,,,,,,,,,,,,,,,,,,,,,,70,30,,,,,,,100,,,,,75,,,,,,,,,,,,,,,,,,,,78,,,,,,,,,,,,74,,,86,,,,,,,,,,,,,,,,,24,,,,26,,,,,,,,,,,,,,13,,,,,,,,,,,,,,7,,,,,,,,,17,,,,,,,,,0,,,,,,,
40,,,,,,,,,,,,,,,,,,,,,,,,,,,,,,,,,,,,,,,,,,,,,,,,,,,,,,,,,,,,,,,,,,,,,,,,,,,,,,,,,,,,,,,,,,,,,,,,,,,,,,,,,,,,,,,70,30,,,,,100,,,,,,,,,,,,,85,,,,,,,,82,,,,,,,,,,,,,,,,,,80,,,,,,,,75,,,,,,,,,,,,50,,,,,,,,,,,,41,,35,,,,,,,,,,,,10,,,,,,,,,,,,21,,,,,,,,,,,,,,0,,,,,
40,,,,,,,,,,,,,,,,,,,,,,,,,,,,,,,,,,,,,,,,,,,,,,,,,,,,,,,,,,,,,,,,,,,,,,,,,,,,,,,,,,,,,,,,,,,,,,,,,,,,,,,,,,,,,,,70,30,100,,,,,,,,,,,,,,,85,,,,,,,,80,,,,,,,,,,,,,,,,70,,,,,,,,,,85,,,,,,,,,,,,,,,30,,,,,20,,,,,,,,,,,,,,,5,,,,,,10,,,,,,,,,,,,,,,,,,,5,,,,,,,,,0,,
40,,,,,,,,,,,,,,,,,,,,,,,,,,,,,,,,,,,,,,,,,,,,,,,,,,,,,,,,,,,,,,,,,,,,,,,,,,,,,,,,,,,,,,,,,,,,,,,,,,,,,,,,,,,,,,,70,30,,99,,,,,,,,,,,,,34,,,,,,,,,,84,,,,,,,,,79,,,,,,,,,,,,,,,,,,65,,,,,,,,,,,,,,42,,,,,,,54,,,,,,,,,9,,,,,,,,,,,,,,,,5,,,,,,,9,,,,,,,,,,,,,,0,,
40,,,,,,,100,,,,,,,,100,,,,,,,,,,100,,,,,,,,,,,,,,80,,,,,,,,,,,,,,,41,,,,,,,,,,33,,,,10,,,,,,,,,,,,,,,,,,,,5,,,,,5,,,,,,,0,,,,,,,,,,,70,0,,,,,,,,,,,,,,,,,,,,,,,,,,,,,,,,,,,,,,,,,,,,,,,,,,,,,,,,,,,,,,,,,,,,,,,,,,,,,,,,,,,,,,,,,,,,,,,,,,,,,,,,,,,,,,,,,,,,,,,,,
40,,,,,,,,,,,,,,,,,,,,,,,,,,,,,,,,,,,,,,,,,,,,,,,,,,,,,,,,,,,,,,,,,,,,,,,,,,,,,,,,,,,,,,,,,,,,,,,,,,,,,,,,,,,,,,,90,38,,,,,,,,19,,,,,,,,20,,,,,,,,,,,,,,,,,10,,,,37,,,,,,,,,,,,,,,,,24,,,23,,,,,,,,,,31,,,,,,,,,,,,,,,,,,,54,,,,,90,,,,,,,,,,,,,,,70,,,,,,,,,,79,,,,,
40,,,,,,,,,100,,,,,,,100,,,,,,,100,,,,,,,,,,,,,96,,,,,,,,,,70,,,,,,,,,,,,,,,,,,,,37,,,,,,,,,,10,,,,,,,,15,,,,,,,,7,,,,,,,,,,,,,,,0,,,,70,50,,,,,,,,,,,,,,,,,,,,,,,,,,,,,,,,,,,,,,,,,,,,,,,,,,,,,,,,,,,,,,,,,,,,,,,,,,,,,,,,,,,,,,,,,,,,,,,,,,,,,,,,,,,,,,,,,,,,,,,,,
40,,,,,,,,100,,,,,,,,100,,,,,,,,,,,,,,,100,,,,,,,,,,,,,89,,,,80,,,,,,,,30,,,,,,,,,,,,35,,,,,,,,,,,,,,,,,,,5,,,,,,,,10,,,,,,,0,,,,,,,,,70,0,,,,,,,,,,,,,,,,,,,,,,,,,,,,,,,,,,,,,,,,,,,,,,,,,,,,,,,,,,,,,,,,,,,,,,,,,,,,,,,,,,,,,,,,,,,,,,,,,,,,,,,,,,,,,,,,,,,,,,,,,
40,,,,,,,,,,,,,,,,,,,,,,,,,,,,,,,,,,,,,,,,,,,,,,,,,,,,,,,,,,,,,,,,,,,,,,,,,,,,,,,,,,,,,,,,,,,,,,,,,,,,,,,,,,,,,,,70,0,,,,,,,,,100,,,,,,,,,80,,,,,,,,,80,,,,,,,,,,,,,,,,69,,,,,,,,,97,,,,,,,,,50,,,,,,,,,,,,,,,,25,,,3,,,,,,,,,,0,,,,,,,,,,,,,3,,,,,,,,0,,,,,,,,,,
40,100,,,,,,,,,,,,,,,,,,,100,,,,,,,,100,,,,,,,,,,,,80,,,,,,,,,90,,,,,,,,,,,,,,20,,,,,,,,,,,,,10,,,,5,,,,,,,,,,7,,,,,,,,,,,,,,,,,,,,0,70,0,,,,,,,,,,,,,,,,,,,,,,,,,,,,,,,,,,,,,,,,,,,,,,,,,,,,,,,,,,,,,,,,,,,,,,,,,,,,,,,,,,,,,,,,,,,,,,,,,,,,,,,,,,,,,,,,,,,,,,,,,
40,,,,,,,,,,,,,,,,,,,,,,,,,,,,,,,,,,,,,,,,,,,,,,,,,,,,,,,,,,,,,,,,,,,,,,,,,,,,,,,,,,,,,,,,,,,,,,,,,,,,,,,,,,,,,,,0,0,,,,,,,,,0,,,0,,,,,,,,,,,,,,,,,,,,,0,,,,,,,,0,,,,,,,,,,0,,,,,,,,,0,,,,,,,,,,,,100,,,,,,,,0,,,,,,,,,,0,,,,,,,,,,,,,,,,,,,0,,,,,0,,,,,,,
40,,,,,,,,,,,,,,,,,,,,,,,,,,,,,,,,,,,,,,,,,,,,,,,,,,,,,,,,,,,,,,,,,,,,,,,,,,,,,,,,,,,,,,,,,,,,,,,,,,,,,,,,,,,,,,,70,0,,,,,,,100,,,,,,,,,,,,,,80,,,80,,,,,,,,,,,,,,,7,,,,,,14,,,,,,,,,,,,,,,,,,60,,,,,,,,,,,,50,,,,,,,,,,,,,4,,,,10,,,,,,,,,,100,,,,,,,,,,,,,0,,,,,,
40,,,,,,,,,,,,,,,,,,,,,,,,,,,,,,,,,,,,,,,,,,,,,,,,,,,,,,,,,,,,,,,,,,,,,,,,,,,,,,,,,,,,,,,,,,,,,,,,,,,,,,,,,,,,,,,70,0,,,,,,,100,,,,,,81,,,,,,,,,,,,,,,,,,85,,,,,,,,,,75,,,,,,90,,,,,,,,,,,,,,,,,,37,,,,,23,,,,,,,,,,,,,15,,,,,,13,,,,,,,,,,,,,,,,,,,,,11,,,,,0,,,,,,
40,100,,,,,,,,,,,,,,,,,100,,,,,,,100,,,,,,,,,,,,,,,,,,50,,,,,,94,,,,,,,,,,51,,,,,,,,,88,,,,,,,,,,,,,,,,,,,,20,,,,,,25,,,,,,,,,,,,,100,,,,70,30,,,,,,,,,,,,,,,,,,,,,,,,,,,,,,,,,,,,,,,,,,,,,,,,,,,,,,,,,,,,,,,,,,,,,,,,,,,,,,,,,,,,,,,,,,,,,,,,,,,,,,,,,,,,,,,,,,,,,,,,,
40,100,,,,,,,,,,,,,,,,,100,,,,,,,,,100,,,,,,,,,,,,,,,,,25,,22,,,,,,,,,,,,,,,,,,14,,,,,,,,,,,,13,,,,,,,,,9,,,,,,,,,100,,,,,,,,,0,,,,,,,,70,0,,,,,,,,,,,,,,,,,,,,,,,,,,,,,,,,,,,,,,,,,,,,,,,,,,,,,,,,,,,,,,,,,,,,,,,,,,,,,,,,,,,,,,,,,,,,,,,,,,,,,,,,,,,,,,,,,,,,,,,,,
40,20,,,,,,,,,,,,100,,,,,,,,,,,,,,,,100,,,,,,,,,,,,,,50,,,,100,,,,,,,,,,,,,,,,10,,,,,,,,,50,,,,,,,,,,50,,,,,,,,,,0,,,,,,,,,,,,,,,,0,,,70,0,,,,,,,,,,,,,,,,,,,,,,,,,,,,,,,,,,,,,,,,,,,,,,,,,,,,,,,,,,,,,,,,,,,,,,,,,,,,,,,,,,,,,,,,,,,,,,,,,,,,,,,,,,,,,,,,,,,,,,,,,
40,,,100,,,,,,,,,,,,,,,,,100,,,,,,,100,,,,,,,,75,,,,,,,,,,,,,,,90,,,,,,33,,,,,,,,,,,,,,,,,,15,,,,,,,,,,15,,,,,,,,,,,,,,,10,,,,0,,,,,,,,70,30,,,,,,,,,,,,,,,,,,,,,,,,,,,,,,,,,,,,,,,,,,,,,,,,,,,,,,,,,,,,,,,,,,,,,,,,,,,,,,,,,,,,,,,,,,,,,,,,,,,,,,,,,,,,,,,,,,,,,,,,,
40,,,,,,100,,,,,,,,,,,,,,,,100,,,,100,,,,,,,,,53,,,,,,,,,,,,,,,,,,84,,,,,,,,,40,,,,,,,89,,,,,,,,,,,,,,,,,,31,,,,,,48,,,,,,,72,,,,,,,,,,,70,11,,,,,,,,,,,,,,,,,,,,,,,,,,,,,,,,,,,,,,,,,,,,,,,,,,,,,,,,,,,,,,,,,,,,,,,,,,,,,,,,,,,,,,,,,,,,,,,,,,,,,,,,,,,,,,,,,,,,,,,,,
40,,,,,100,,,,,,,,,,,,,,,,100,,,,,,,,,100,,,,,,,,,,54,,,,,,,,59,,,,,,,,,,,,,46,,,,,,,10,,,,,,,,,,27,,,,,,,,,,,,,,,,,,,20,,,,,,,,,,,,,0,70,30,,,,,,,,,,,,,,,,,,,,,,,,,,,,,,,,,,,,,,,,,,,,,,,,,,,,,,,,,,,,,,,,,,,,,,,,,,,,,,,,,,,,,,,,,,,,,,,,,,,,,,,,,,,,,,,,,,,,,,,,,
40,,100,,,,,,,,,,,,,,,,,,,100,,,,,,,,,100,,,,,,,,65,,,,,,,,,,,,,,,,,61,,,,,,,,,25,,,,,11,,,,,,,,,,,,,,,5,,,,,6,,,,,,,,,,,,,,0,,,,,,,,70,10,,,,,,,,,,,,,,,,,,,,,,,,,,,,,,,,,,,,,,,,,,,,,,,,,,,,,,,,,,,,,,,,,,,,,,,,,,,,,,,,,,,,,,,,,,,,,,,,,,,,,,,,,,,,,,,,,,,,,,,,,
40,,,,,,100,,,,,,,0,,,,,,,,,,,,,0,,,,,,,,,,,,,,,,,,0,20,,,,,,,,,,,,,,,,,,,,0,,,,,,0,,,,,,,,,,,,,,,0,,,,,,,,,1,,,,,,,,,,,,0,,,,0,0,,,,,,,,,,,,,,,,,,,,,,,,,,,,,,,,,,,,,,,,,,,,,,,,,,,,,,,,,,,,,,,,,,,,,,,,,,,,,,,,,,,,,,,,,,,,,,,,,,,,,,,,,,,,,,,,,,,,,,,,,
40,,,,,,,,,100,,,,,,,,,,,,,100,,,,,,100,,,,,,,,,40,,,,,,,,,,,,,,50,,,,,,,95,,,,,,,,,,,,,12,,,,,,,,,,,,,,,,10,,,50,,,,,,,,,,,,,,,,,0,,,,70,30,,,,,,,,,,,,,,,,,,,,,,,,,,,,,,,,,,,,,,,,,,,,,,,,,,,,,,,,,,,,,,,,,,,,,,,,,,,,,,,,,,,,,,,,,,,,,,,,,,,,,,,,,,,,,,,,,,,,,,,,,
40,,,,,,,,,,,,,,,,,,,,,,,,,,,,,,,,,,,,,,,,,,,,,,,,,,,,,,,,,,,,,,,,,,,,,,,,,,,,,,,,,,,,,,,,,,,,,,,,,,,,,,,,,,,,,,,70,30,,100,,,,,,,,,,,,,,,,77,,,,,70,,,,,,,,,,,,,,59,,,,,,,,,,84,,,,,,,,,,,,,,,,30,,,,,,,,,38,,,,,,,,,,,,,,,,22,,,,,3,,,,,,,,,,,,,,,12,,,,,,,,,,,,0,
40,,,,,,,,,,,,,,,,,,,,,,,,,,,,,,,,,,,,,,,,,,,,,,,,,,,,,,,,,,,,,,,,,,,,,,,,,,,,,,,,,,,,,,,,,,,,,,,,,,,,,,,,,,,,,,,70,0,,,100,,,,,,,,,,,,,,,,,,,75,,,,82,,,,,,,,,,,,,,70,,,,,,,,,,,,80,,,,,,,,,,,,,20,,51,,,,,,,,,,,,,,,10,,,,,,,,,,,,,,,6,,,,,,,,14,,,,,,,0,,,,,,,,,
40,,,,,,,,,,,,,,,,,,,,,,,,,,,,,,,,,,,,,,,,,,,,,,,,,,,,,,,,,,,,,,,,,,,,,,,,,,,,,,,,,,,,,,,,,,,,,,,,,,,,,,,,,,,,,,,70,51,,,,,,,100,,,,,,,,84,,,,,,,,,,92,,,,,,,,,,,,,75,,,,,,,,,,,,,,75,,,,,,,,,,,,24,,,,,,,,,,,,20,,,,,,,15,,,,,,,10,,,,,,,,,,20,,,,,,,,,,,,,,,,,,,,,0
40,,,,,,,,,,,,,,,,,,,,,,,,,,,,,,,,,,,,,,,,,,,,,,,,,,,,,,,,,,,,,,,,,,,,,,,,,,,,,,,,,,,,,,,,,,,,,,,,,,,,,,,,,,,,,,,70,30,,,,,100,,,,,,,,,,,,90,,,,,,75,,,,,,,,,,,,,,,,,,,,65,,,,,90,,,,,,,,,,,,,,,20,,,,,,,,,,,,25,,,,,,,,,7,,,,,,,5,,,,,,,,,,4,,,,,,,,,,,,,,,,,,,,0
40,,,,,,100,,,,,,,,100,,,,,,,,,,,,100,,,,,,,,75,,,,,,,,,,,,70,,,,,,,,,,,,,,,,,,,20,,,,,,,,,10,,,,,,,,8,,,,,,,,,,,,,,,,,8,,,,,,,,,0,,,70,30,,,,,,,,,,,,,,,,,,,,,,,,,,,,,,,,,,,,,,,,,,,,,,,,,,,,,,,,,,,,,,,,,,,,,,,,,,,,,,,,,,,,,,,,,,,,,,,,,,,,,,,,,,,,,,,,,,,,,,,,,
40,,,,,,100,,,,,,,,,,,,,,100,,,,,,100,,,,,,,,,,,,,,66,,,,,71,,,,,,,,,,,,34,,,,,,,,,,,,,,,,,5,,,,,,13,,,,,,,,,,,,,17,,,,,,,,,,,,,,,,,0,70,30,,,,,,,,,,,,,,,,,,,,,,,,,,,,,,,,,,,,,,,,,,,,,,,,,,,,,,,,,,,,,,,,,,,,,,,,,,,,,,,,,,,,,,,,,,,,,,,,,,,,,,,,,,,,,,,,,,,,,,,,,
40,,,,,,,,,,100,,,,,,,,,,100,,,,,,,,,100,,,,,,,,,,80,,,,,,,,60,,,,,,,,,,20,,,,,,,,,,,,,,,,,10,,,,3,,,,,,,,,,,,,,,,,,,,,3,,,,,0,,,,,,,70,15,,,,,,,,,,,,,,,,,,,,,,,,,,,,,,,,,,,,,,,,,,,,,,,,,,,,,,,,,,,,,,,,,,,,,,,,,,,,,,,,,,,,,,,,,,,,,,,,,,,,,,,,,,,,,,,,,,,,,,,,,
40,,,,,,,,,,,,,,,,,,,,,,,,,,,,,,,,,,,,,,,,,,,,,,,,,,,,,,,,,,,,,,,,,,,,,,,,,,,,,,,,,,,,,,,,,,,,,,,,,,,,,,,,,,,,,,,70,30,,,,,,,,100,,,,,,,,,,,,50,,,,,70,,,,,,,,,,,,,,,50,,,,,70,,,,,,,,,,,,50,,,,,,,,,,,,,,,,,,,,25,,,,,,20,,,,,,,,,10,,,,,,,,,,,,,,,,,20,,,,,,0,,,,,,
40,,,,,,,,,,,,,,,,,,,,,,,,,,,,,,,,,,,,,,,,,,,,,,,,,,,,,,,,,,,,,,,,,,,,,,,,,,,,,,,,,,,,,,,,,,,,,,,,,,,,,,,,,,,,,,,70,0,,100,,,,,,,,,,,,,,,90,,,,,,,,,,,,,70,,,,,,,,,,,,,,60,,,,,80,,,,,,,,,,,,,,,,50,,40,,,,,,,,,,,,,,,,,20,,,,,,,,,,,,,10,,,,,6,,,,,,,,,,,,0,,,,,,,
40,,,,,,,,,,,,,,,,,,,,,,,,,,,,,,,,,,,,,,,,,,,,,,,,,,,,,,,,,,,,,,,,,,,,,,,,,,,,,,,,,,,,,,,,,,,,,,,,,,,,,,,,,,,,,,,70,5,,,,,100,,,,,,,,,,75,,,,,,,,,,,,,,,,,55,,,,80,,,,,,,,,85,,,,,,,,,,,,,,,,50,,,,,,,,,,,,,60,,,,,,,,,,15,,,,,,15,,,,,,,,,,,,,,,,,,,,85,,,,,,,,,5,,
40,,100,,,,,,,,,,,,,,,,,,,100,,,,100,,,,,,,,,,,,,75,,,,,,,,,,,,,,,83,,,20,,,,,,,,,,,,,,,,4,,,,,,,,,,,,,3,,,,,,,4,,,,,,,,,,,,,,0,,,,,70,0,,,,,,,,,,,,,,,,,,,,,,,,,,,,,,,,,,,,,,,,,,,,,,,,,,,,,,,,,,,,,,,,,,,,,,,,,,,,,,,,,,,,,,,,,,,,,,,,,,,,,,,,,,,,,,,,,,,,,,,,,
40,,,,,,,,,,,,,,,,,,,,,,,,,,,,,,,,,,,,,,,,,,,,,,,,,,,,,,,,,,,,,,,,,,,,,,,,,,,,,,,,,,,,,,,,,,,,,,,,,,,,,,,,,,,,,,,70,0,,,,,100,,,,,,,,,,,,73,,,,,,,,93,,,,,,,,,,,,,,,100,,,,,,,,,,,,,87,,,63,,,,,,,,,,,,75,,,,,,,,,,,,,,,,,93,,,,,,,41,,,,,,,,,,,,,,,,,,26,,,,,,,,,,0,
40,,,,,,,100,,,,,,,,,,,,,100,,,,,,,,,,,,100,,78,,,,,,,,,,,,62,,,,,,,,,,,,,,,39,,,,,,,,,,10,,,,,,,,,,,,,,5,,,,,,,5,,,,,,,,,,,,,,,,,,0,70,30,,,,,,,,,,,,,,,,,,,,,,,,,,,,,,,,,,,,,,,,,,,,,,,,,,,,,,,,,,,,,,,,,,,,,,,,,,,,,,,,,,,,,,,,,,,,,,,,,,,,,,,,,,,,,,,,,,,,,,,,,
40,100,,,,,,,,,,,,,,,,,100,,,,,,,,,,,,,,100,,,,,,,77,,,,,,,,,,80,,,,,,,,,,,,,,,,,50,,25,,,,,,,,,,,,75,,,,,,,,,,,,,,,,25,,,,,,,0,,,,,,,,70,50,,,,,,,,,,,,,,,,,,,,,,,,,,,,,,,,,,,,,,,,,,,,,,,,,,,,,,,,,,,,,,,,,,,,,,,,,,,,,,,,,,,,,,,,,,,,,,,,,,,,,,,,,,,,,,,,,,,,,,,,,
40,,,,,,,,,,,,,,,,,,,,,,,,,,,,,,,,,,,,,,,,,,,,,,,,,,,,,,,,,,,,,,,,,,,,,,,,,,,,,,,,,,,,,,,,,,,,,,,,,,,,,,,,,,,,,,,70,0,,,,,,,,,,,100,,,,,,85,,,,,,,,,,,,90,,,,,,,,,,,,67,,,,,,,,,,,,75,,,,,50,,,,,,,,,,10,,,,,,,,,,10,,,,,,,,,,,,,,,7,,,,,,,,,,10,,,,,,,,,,,,,,,,,0,
40,,,,,,,,100,,,,,,,,,,100,,,,,,,,,,,,,,,100,,,,85,,,,,,,,,,65,,,,,,,,,20,,,,,,,,,,,,15,,,,,,,,,,,,,,,20,,,,,,,,,,,,,,,15,,,,,,,,,,0,,,70,50,,,,,,,,,,,,,,,,,,,,,,,,,,,,,,,,,,,,,,,,,,,,,,,,,,,,,,,,,,,,,,,,,,,,,,,,,,,,,,,,,,,,,,,,,,,,,,,,,,,,,,,,,,,,,,,,,,,,,,,,,
40,,,100,,,,,,,,,100,,,,,,,,,,,,,,,,,100,,,,,,,,,,,,,,,90,,,,,,,,70,,,,,,,,65,,,,,,,,,,10,,,,,,,,,,,,,,,,15,,,,,,,,,,,,15,,,,,,,0,,,,,,0,0,,,,,,,,,,,,,,,,,,,,,,,,,,,,,,,,,,,,,,,,,,,,,,,,,,,,,,,,,,,,,,,,,,,,,,,,,,,,,,,,,,,,,,,,,,,,,,,,,,,,,,,,,,,,,,,,,,,,,,,,,
40,,,,,,,,,,,,,,,,,,,,,,,,,,,,,,,,,,,,,,,,,,,,,,,,,,,,,,,,,,,,,,,,,,,,,,,,,,,,,,,,,,,,,,,,,,,,,,,,,,,,,,,,,,,,,,,1,1,,100,,,,,,,,,,,,,,,,,60,,,,,,,,73,,,,,,,,,,,,,70,,,,,,,,,,,,,65,,,,,,,,36,,,,,,,,,,,,,,,20,,,,,,,,,,,,29,,,20,,,,,,,,,40,,,,,,,,,,,,,,0,,,,,,,
40,,,,,,,,,,,,,,,,,,,,,,,,,,,,,,,,,,,,,,,,,,,,,,,,,,,,,,,,,,,,,,,,,,,,,,,,,,,,,,,,,,,,,,,,,,,,,,,,,,,,,,,,,,,,,,,70,0,,,,,,,,100,,,,,,95,,,,,,,,,,,,,,85,,,,,,,85,,,,,,,,,,,,,75,,,,,,,,,,,,,,,,,35,,,,,,30,,,,,,,,,,,,,10,,,,,5,,,,,,,,,,,,,,,,,,,,,8,,,,,,,,,0,,
40,,,,,,,,,,,,,,,,,,,,,,,,,,,,,,,,,,,,,,,,,,,,,,,,,,,,,,,,,,,,,,,,,,,,,,,,,,,,,,,,,,,,,,,,,,,,,,,,,,,,,,,,,,,,,,,70,30,,,,,100,,,,,,,,,,74,,,,,,,,,,,,,,77,,,,,76,,,,,,,,,,,,84,,,,,,,,,,,,40,,,,,,,,,,,,,,,,17,,,,,,,,,,,,,8,,,,,,,,,,,,3,,,,,,,,,8,,,,,,,,0,,,,,
40,,,,,,,,,,,,,,,,,,,,,,,,,,,,,,,,,,,,,,,,,,,,,,,,,,,,,,,,,,,,,,,,,,,,,,,,,,,,,,,,,,,,,,,,,,,,,,,,,,,,,,,,,,,,,,,70,30,,,,,,,,,100,,,,,,,,,,,,81,,,,,,,71,,,,,,,,75,,,,,,,,,,,,,,,58,,,,,42,,,,,,,,,,,,,,15,,,,,,,,,10,,,,,,,,,,,,,,7,,,,,,,,,,,,,,11,,,,,,,,,,,,,,0
40,,100,,,,,,,,,,,,,100,,,,,,,,,,,,100,,,,,,,,,90,,,,,,,,,,,,,,,,25,,,,,,,,,,,,35,,,16,,,,,,,,,,,,,,,,,,,,18,,,,,,,,,,,,8,,,,,,0,,,,,,70,14,,,,,,,,,,,,,,,,,,,,,,,,,,,,,,,,,,,,,,,,,,,,,,,,,,,,,,,,,,,,,,,,,,,,,,,,,,,,,,,,,,,,,,,,,,,,,,,,,,,,,,,,,,,,,,,,,,,,,,,,,
40,,,,,,,,,,,,,,,,,,,,,,,,,,,,,,,,,,,,,,,,,,,,,,,,,,,,,,,,,,,,,,,,,,,,,,,,,,,,,,,,,,,,,,,,,,,,,,,,,,,,,,,,,,,,,,,70,30,,,,,,,,100,,,,,,,,,,84,,,,,,,,,90,,,,,,,,,,,,,,,82,,,63,,,,,,,,,,,,,,,,,,,,,50,,,32,,,,,,,,,,,,,,,,,,8,,,20,,,,,,,,,,,,,31,,,,,,,,,,,,,0,,,,,
40,,,,,100,,,,,,,,,,,,,,,50,,,,,,100,,,,,,,,80,,,,,,,,,,,,,,,,,,,,50,,,,8,,,,,,,,,,,,,,,,,,,28,,,,,,3,,,,,,,8,,,,,,,,,,,,,,,,,0,,,,70,47,,,,,,,,,,,,,,,,,,,,,,,,,,,,,,,,,,,,,,,,,,,,,,,,,,,,,,,,,,,,,,,,,,,,,,,,,,,,,,,,,,,,,,,,,,,,,,,,,,,,,,,,,,,,,,,,,,,,,,,,,
40,,,,,,,,,,100,,,,,100,,,,,,,,,,,,100,,,,,,,90,,,,,,,,,,,,,50,,,,,,,,,,,,,,,50,,,,,,,,,,,,,3,,,,,,,,,,,,,3,,,,,,3,,,,,,,0,,,,,,,,,,70,0,,,,,,,,,,,,,,,,,,,,,,,,,,,,,,,,,,,,,,,,,,,,,,,,,,,,,,,,,,,,,,,,,,,,,,,,,,,,,,,,,,,,,,,,,,,,,,,,,,,,,,,,,,,,,,,,,,,,,,,,,
40,,,,,,,,,,,,,,,,,,,,,,,,,,,,,,,,,,,,,,,,,,,,,,,,,,,,,,,,,,,,,,,,,,,,,,,,,,,,,,,,,,,,,,,,,,,,,,,,,,,,,,,,,,,,,,,80,60,,,,,,,,,,,10,,,,80,,,,,,,,8,,,,,,,,,,,,,,,,,,,,70,,,,,,,,80,,,,,,10,,,,,,,,,,,,,,,,,,40,,,,,,,30,,,,,,,,,15,,,,,,,,,,,,,,10,,,,,,,,,,,,,0,,,
40,,,,,,,,,,,,,,,,,,,,,,,,,,,,,,,,,,,,,,,,,,,,,,,,,,,,,,,,,,,,,,,,,,,,,,,,,,,,,,,,,,,,,,,,,,,,,,,,,,,,,,,,,,,,,,,70,0,,,,,,,,,100,,,,,,,,70,,,,,,,,,,75,,,,,,,,,,70,,,,,,,,,,,,,,,85,,,,,,40,,,,,,,,,,,,,,,,,,,40,,,,,,,20,,,,,,,,,,,,,,15,,,15,,,,,,,,,,0,,,,,,,,,,
40,,,,,,,,,,,,,,,,,,,,,,,,,,,,,,,,,,,,,,,,,,,,,,,,,,,,,,,,,,,,,,,,,,,,,,,,,,,,,,,,,,,,,,,,,,,,,,,,,,,,,,,,,,,,,,,70,30,100,,,,,,,,,,,,74,,,,,,,,,,,,,,,,80,,,,,,,,,85,,,,,,,,,,,,,,,84,,,,,,34,,,,,,,,,,,,,,,,,32,,,,,,,,,,,,13,,,,,,,,3,,,,,,29,,,,,,,,,,,,,,0,,,,,
40,,,,100,,,,,,,,,,,,,,,,100,,,,,,,100,,,,,,,62,,,,,,,,,,,,,,,,,,,,57,,,,,,,,,,,,34,,,,,,19,,,,,,,,,,,,,4,,,,,,4,,,,,,,,,,,,,,,0,,,,,70,0,,,,,,,,,,,,,,,,,,,,,,,,,,,,,,,,,,,,,,,,,,,,,,,,,,,,,,,,,,,,,,,,,,,,,,,,,,,,,,,,,,,,,,,,,,,,,,,,,,,,,,,,,,,,,,,,,,,,,,,,,
40,100,,,,,,,,,,,,,,,,100,,,,,,,,,,,,100,,,,,,85,,,,,,,,,,,,,,85,,,,,,,,,,,,,,15,,,,,,,15,,,,,,,,,,,,,,,,15,,,,,,,,,,,,15,,,,,,,,,,,,0,70,50,,,,,,,,,,,,,,,,,,,,,,,,,,,,,,,,,,,,,,,,,,,,,,,,,,,,,,,,,,,,,,,,,,,,,,,,,,,,,,,,,,,,,,,,,,,,,,,,,,,,,,,,,,,,,,,,,,,,,,,,,
40,100,,,,,,,,,,,,,,,,100,,,,,,,,,,,,,,,,100,,,,,,,,85,,,,,,65,,,,,,,,,,,,,,,30,,,,,,,,,,,,,,10,,,20,,,,,,,,,,,,,,10,,,,,,,,,,0,,,,,,,,70,0,,,,,,,,,,,,,,,,,,,,,,,,,,,,,,,,,,,,,,,,,,,,,,,,,,,,,,,,,,,,,,,,,,,,,,,,,,,,,,,,,,,,,,,,,,,,,,,,,,,,,,,,,,,,,,,,,,,,,,,,,
40,,,,,100,,,,,,,,,100,,,,,,,,,,,,100,,,,,,,,80,,,,,,,,,,,,70,,,,,,,,,,,,,,,,40,,,,,,,,,,20,,,,,,,,,,,,,,,15,,,,,,,,,,20,,,,,,,,,,,,,0,70,30,,,,,,,,,,,,,,,,,,,,,,,,,,,,,,,,,,,,,,,,,,,,,,,,,,,,,,,,,,,,,,,,,,,,,,,,,,,,,,,,,,,,,,,,,,,,,,,,,,,,,,,,,,,,,,,,,,,,,,,,,
40,,,,,,,,,,,,,,,,,,,,,,,,,,,,,,,,,,,,,,,,,,,,,,,,,,,,,,,,,,,,,,,,,,,,,,,,,,,,,,,,,,,,,,,,,,,,,,,,,,,,,,,,,,,,,,,70,30,,100,,,,,,,,,,,,,,,,,,,,75,,,,,,,,,85,,,,,,,,,,60,,,,,,80,,,,,,,,,,,,,,,,,,35,,,,,,,,40,,,,,10,,,,,,,,,,,,,,,10,,,,,,,,,,25,,,,,,,,,,,,,0,,,,,
40,,,,,,,,,,,,,,,,,,,,,,,,,,,,,,,,,,,,,,,,,,,,,,,,,,,,,,,,,,,,,,,,,,,,,,,,,,,,,,,,,,,,,,,,,,,,,,,,,,,,,,,,,,,,,,,70,0,,,,,,,,,,,100,,85,,,,,,,,,,,,,,,,,,,80,,,,,,,70,,,,,,,,,80,,,,,,,,,,,,,,,,60,,,,,,,20,,,,,,,,,15,,,,,,,,,10,,,,,,,,,,,,,,,,,,5,,,,,,,,,,0,,,,
40,,,,,,,100,,,,,,,,,,,,,,,100,,,,,,,,,,100,,,,,51,,,,,,,,,,,,,,,50,,,,,,29,,,,,,,,,,,,,,5,,,,,,3,,,,,,,,,,,,,,,,,,,3,,,,,,,0,,,,,,,70,0,,,,,,,,,,,,,,,,,,,,,,,,,,,,,,,,,,,,,,,,,,,,,,,,,,,,,,,,,,,,,,,,,,,,,,,,,,,,,,,,,,,,,,,,,,,,,,,,,,,,,,,,,,,,,,,,,,,,,,,,,
40,,,,,,,,,,,,,,,,,,,,,,,,,,,,,,,,,,,,,,,,,,,,,,,,,,,,,,,,,,,,,,,,,,,,,,,,,,,,,,,,,,,,,,,,,,,,,,,,,,,,,,,,,,,,,,,70,50,,,,,,,100,,,,,,,,,,,,75,,,,,,,,,,,,,,88,70,,,,,,,,,,,,,,80,,,,,,,,,,,,,,,,50,,,,40,,,,,,,,,,,,15,,,,,,,,,,,,,,,,,,10,,,,,,14,,,,,,,,,,,,0,,,,,
40,,,,,,,,,,,,,,,,,,,,,,,,,,,,,,,,,,,,,,,,,,,,,,,,,,,,,,,,,,,,,,,,,,,,,,,,,,,,,,,,,,,,,,,,,,,,,,,,,,,,,,,,,,,,,,,70,0,,,,,,,,100,,,,,,,,,,,,,,90,,,,,88,,,,,,,,,,,,,,,81,,,,,,0,,,,,,,,30,,,,,,,,,,,,,60,,,,,,,,,,,,,,,3,,,,,,,,,,,,,,10,,,,,,,17,,,,,,,0,,,,,,,,,
40,,,,,,,,,,,,,,,,,,,,,,,,,,,,,,,,,,,,,,,,,,,,,,,,,,,,,,,,,,,,,,,,,,,,,,,,,,,,,,,,,,,,,,,,,,,,,,,,,,,,,,,,,,,,,,,70,30,,,100,,,,,,,,,,,,,,,,65,,,,,,,70,,,,,,,,,,,,,,,,,,60,,,,,,,50,,,,,,,,,,,,,40,,,,,,,,10,,,,,,,,,,6,,,,,,,20,,,,,,,,,,,,7,,,,,,,,,,,,,,,,,,,0,
40,,,,,,,,,,,100,,,,,,,,,,100,,,,,100,,,,,,,,,,,,,,85,,,,,,,,,85,,,,,,,,,,,,,,,20,,,,,,,,25,,,,,,,,10,,,,,,,,,10,,,,,,,,,,,,,,,,,,0,,,,70,0,,,,,,,,,,,,,,,,,,,,,,,,,,,,,,,,,,,,,,,,,,,,,,,,,,,,,,,,,,,,,,,,,,,,,,,,,,,,,,,,,,,,,,,,,,,,,,,,,,,,,,,,,,,,,,,,,,,,,,,,,
40,,,100,,,,,,,,,,,,,95,,,,,,,,,,,,100,,,,,,,70,,,,,,,,,,,,,,,,,,,,70,,,,,,,,,30,,,,,,20,,,,,,,,,,,,,,20,,,,,,,,,,,,,,18,,,,,,,,,0,,,,70,0,,,,,,,,,,,,,,,,,,,,,,,,,,,,,,,,,,,,,,,,,,,,,,,,,,,,,,,,,,,,,,,,,,,,,,,,,,,,,,,,,,,,,,,,,,,,,,,,,,,,,,,,,,,,,,,,,,,,,,,,,
40,,,,,,,,,,,,,,,,,,,,,,,,,,,,,,,,,,,,,,,,,,,,,,,,,,,,,,,,,,,,,,,,,,,,,,,,,,,,,,,,,,,,,,,,,,,,,,,,,,,,,,,,,,,,,,,70,30,,,,,,,,0,,,,,,,,,,,,,0,,,,,,,,,,22,,,,,,10,,,,,,,,,98,,,,,,,,,,,,,,,,0,,,,,,,,,,100,,,,,,2,,,,,,,,,,,,,40,,,,,,,,,,,,,,,,,,,99,,,,,0,,,,,,