"sid","quantifier","context","response"
42,"Every","GroceryStore","100"
45,"Every","GroceryStore","100"
81,"Every","GroceryStore","100"
91,"Every","GroceryStore","100"
93,"Every","GroceryStore","100"
107,"Every","GroceryStore","100"
146,"Every","GroceryStore","100"
155,"Every","GroceryStore","100"
162,"Every","GroceryStore","100"
173,"Every","GroceryStore","100"
186,"Every","GroceryStore","25"
5,"Every","Early","91"
6,"Every","Early","95"
49,"Every","Early","100"
73,"Every","Early","100"
113,"Every","Early","60"
130,"Every","Early","100"
152,"Every","Early","75"
12,"Every","Teeth","95"
14,"Every","Teeth","100"
15,"Every","Teeth","100"
34,"Every","Teeth","100"
61,"Every","Teeth","100"
136,"Every","Teeth","100"
74,"Every","Jog","100"
84,"Every","Jog","99"
114,"Every","Jog","86"
151,"Every","Jog","71"
179,"Every","Jog","100"
8,"Every","Eggs","25"
78,"Every","Eggs","100"
82,"Every","Eggs","100"
102,"Every","Eggs","100"
124,"Every","Eggs","5"
135,"Every","Eggs","100"
145,"Every","Eggs","100"
158,"Every","Eggs","100"
180,"Every","Eggs","100"
25,"Every","Drove","78"
39,"Every","Drove","50"
41,"Every","Drove","100"
54,"Every","Drove","100"
56,"Every","Drove","30"
100,"Every","Drove","100"
166,"Every","Drove","100"
172,"Every","Drove","100"
191,"Every","Drove","87"
193,"Every","Drove","100"
19,"Every","Sandwich","100"
36,"Every","Sandwich","100"
60,"Every","Sandwich","100"
65,"Every","Sandwich","100"
80,"Every","Sandwich","100"
85,"Every","Sandwich","100"
106,"Every","Sandwich","100"
21,"Every","WorkLate","100"
38,"Every","WorkLate","100"
99,"Every","WorkLate","6"
118,"Every","WorkLate","11"
127,"Every","WorkLate","100"
128,"Every","WorkLate","0"
168,"Every","WorkLate","69"
169,"Every","WorkLate","100"
23,"Every","BedLate","100"
28,"Every","BedLate","65"
46,"Every","BedLate","100"
63,"Every","BedLate","9"
67,"Every","BedLate","80"
70,"Every","BedLate","100"
119,"Every","BedLate","100"
123,"Every","BedLate","100"
160,"Every","BedLate","100"
10,"Every","Pizza","100"
27,"Every","Pizza","100"
77,"Every","Pizza","100"
88,"Every","Pizza","100"
90,"Every","Pizza","100"
95,"Every","Pizza","6"
97,"Every","Pizza","100"
121,"Every","Pizza","100"
139,"Every","Pizza","100"
143,"Every","Pizza","21"
189,"Every","Pizza","100"
3,"Every","Biked","100"
31,"Every","Biked","94"
51,"Every","Biked","100"
57,"Every","Biked","97"
72,"Every","Biked","100"
110,"Every","Biked","36"
116,"Every","Biked","80"
132,"Every","Biked","62"
142,"Every","Biked","72"
148,"Every","Biked","100"
156,"Every","Biked","100"
176,"Every","Biked","95"
183,"Every","Biked","100"
185,"Every","Biked","100"
3,"Each","Grocery.Store","100"
5,"Each","Grocery.Store","90"
8,"Each","Grocery.Store","100"
14,"Each","Grocery.Store","100"
54,"Each","Grocery.Store","72"
61,"Each","Grocery.Store","100"
77,"Each","Grocery.Store","100"
110,"Each","Grocery.Store","36"
142,"Each","Grocery.Store","72"
143,"Each","Grocery.Store","37"
145,"Each","Grocery.Store","70"
168,"Each","Grocery.Store","73"
176,"Each","Grocery.Store","70"
179,"Each","Grocery.Store","100"
193,"Each","Grocery.Store","100"
36,"Each","Early","100"
51,"Each","Early","100"
56,"Each","Early","30"
60,"Each","Early","100"
74,"Each","Early","58"
90,"Each","Early","100"
95,"Each","Early","76"
97,"Each","Early","100"
119,"Each","Early","100"
128,"Each","Early","2"
166,"Each","Early","100"
28,"Each","Teeth","78"
82,"Each","Teeth","100"
130,"Each","Teeth","100"
155,"Each","Teeth","100"
25,"Each","Jog","100"
31,"Each","Jog","91"
183,"Each","Jog","100"
185,"Each","Jog","100"
23,"Each","Eggs","100"
42,"Each","Eggs","100"
107,"Each","Eggs","100"
132,"Each","Eggs","87"
139,"Each","Eggs","100"
19,"Each","Drove","100"
27,"Each","Drove","100"
57,"Each","Drove","61"
81,"Each","Drove","100"
99,"Each","Drove","100"
113,"Each","Drove","100"
136,"Each","Drove","100"
148,"Each","Drove","100"
158,"Each","Drove","100"
162,"Each","Drove","100"
169,"Each","Drove","100"
186,"Each","Drove","100"
6,"Each","Sandwich","95"
100,"Each","Sandwich","100"
116,"Each","Sandwich","100"
118,"Each","Sandwich","99"
135,"Each","Sandwich","100"
173,"Each","Sandwich","100"
34,"Each","WorkLate","7"
41,"Each","WorkLate","100"
49,"Each","WorkLate","100"
63,"Each","WorkLate","2"
72,"Each","WorkLate","100"
78,"Each","WorkLate","100"
80,"Each","WorkLate","100"
91,"Each","WorkLate","100"
93,"Each","WorkLate","90"
114,"Each","WorkLate","22"
152,"Each","WorkLate","40"
160,"Each","WorkLate","100"
191,"Each","WorkLate","66"
10,"Each","BedLate","100"
12,"Each","BedLate","75"
39,"Each","BedLate","10"
45,"Each","BedLate","100"
84,"Each","BedLate","98"
85,"Each","BedLate","100"
106,"Each","BedLate","100"
180,"Each","BedLate","60"
189,"Each","BedLate","100"
15,"Each","Pizza","100"
21,"Each","Pizza","100"
73,"Each","Pizza","100"
102,"Each","Pizza","100"
124,"Each","Pizza","0"
127,"Each","Pizza","100"
146,"Each","Pizza","100"
156,"Each","Pizza","100"
172,"Each","Pizza","100"
38,"Each","Biked","100"
46,"Each","Biked","100"
65,"Each","Biked","100"
67,"Each","Biked","100"
70,"Each","Biked","50"
88,"Each","Biked","100"
121,"Each","Biked","95"
123,"Each","Biked","100"
151,"Each","Biked","28"
25,"All","GroceryStore","100"
36,"All","GroceryStore","80"
46,"All","GroceryStore","100"
51,"All","GroceryStore","100"
56,"All","GroceryStore","100"
67,"All","GroceryStore","100"
70,"All","GroceryStore","50"
78,"All","GroceryStore","100"
100,"All","GroceryStore","100"
118,"All","GroceryStore","37"
119,"All","GroceryStore","100"
128,"All","GroceryStore","0"
151,"All","GroceryStore","36"
166,"All","GroceryStore","100"
189,"All","GroceryStore","100"
31,"All","Early","94"
39,"All","Early","91"
45,"All","Early","100"
65,"All","Early","100"
81,"All","Early","100"
142,"All","Early","100"
172,"All","Early","100"
179,"All","Early","100"
23,"All","Teeth","100"
42,"All","Teeth","100"
49,"All","Teeth","100"
84,"All","Teeth","100"
91,"All","Teeth","100"
93,"All","Teeth","100"
124,"All","Teeth","100"
135,"All","Teeth","100"
169,"All","Teeth","100"
185,"All","Teeth","100"
10,"All","Jog","100"
95,"All","Jog","18"
107,"All","Jog","100"
148,"All","Jog","100"
152,"All","Jog","35"
12,"All","Eggs","35"
14,"All","Eggs","100"
34,"All","Eggs","100"
38,"All","Eggs","79"
60,"All","Eggs","35"
127,"All","Eggs","100"
168,"All","Eggs","76"
173,"All","Eggs","60"
176,"All","Eggs","90"
183,"All","Eggs","100"
21,"All","Drove","100"
72,"All","Drove","100"
80,"All","Drove","100"
146,"All","Drove","100"
3,"All","Sandwich","100"
8,"All","Sandwich","100"
15,"All","Sandwich","100"
54,"All","Sandwich","100"
63,"All","Sandwich","15"
90,"All","Sandwich","34"
97,"All","Sandwich","100"
110,"All","Sandwich","100"
139,"All","Sandwich","100"
186,"All","Sandwich","85"
28,"All","WorkLate","25"
113,"All","WorkLate","20"
116,"All","WorkLate","80"
121,"All","WorkLate","100"
123,"All","WorkLate","100"
136,"All","WorkLate","100"
143,"All","WorkLate","0"
180,"All","WorkLate","20"
41,"All","BedLate","100"
57,"All","BedLate","69"
73,"All","BedLate","100"
77,"All","BedLate","100"
88,"All","BedLate","100"
99,"All","BedLate","18"
102,"All","BedLate","25"
114,"All","BedLate","28"
130,"All","BedLate","100"
156,"All","BedLate","100"
162,"All","BedLate","100"
19,"All","Pizza","100"
61,"All","Pizza","100"
74,"All","Pizza","100"
85,"All","Pizza","100"
106,"All","Pizza","100"
132,"All","Pizza","56"
158,"All","Pizza","100"
160,"All","Pizza","100"
5,"All","Biked","100"
6,"All","Biked","100"
27,"All","Biked","100"
82,"All","Biked","100"
145,"All","Biked","100"
155,"All","Biked","100"
191,"All","Biked","61"
193,"All","Biked","100"
12,"Most","GroceryStore","16"
31,"Most","GroceryStore","96"
60,"Most","GroceryStore","75"
130,"Most","GroceryStore","80"
156,"Most","GroceryStore","70"
160,"Most","GroceryStore","90"
183,"Most","GroceryStore","61"
185,"Most","GroceryStore","75"
191,"Most","GroceryStore","88"
21,"Most","Early","90"
25,"Most","Early","87"
100,"Most","Early","90"
110,"Most","Early","80"
123,"Most","Early","85"
143,"Most","Early","57"
180,"Most","Early","75"
5,"Most","Teeth","76"
36,"Most","Teeth","95"
38,"Most","Teeth","95"
102,"Most","Teeth","95"
114,"Most","Teeth","78"
116,"Most","Teeth","93"
127,"Most","Teeth","81"
23,"Most","Jog","80"
27,"Most","Jog","84"
28,"Most","Jog","32"
56,"Most","Jog","15"
63,"Most","Jog","26"
67,"Most","Jog","87"
70,"Most","Jog","95"
73,"Most","Jog","89"
91,"Most","Jog","90"
106,"Most","Jog","80"
121,"Most","Jog","80"
132,"Most","Jog","85"
136,"Most","Jog","77"
146,"Most","Jog","37"
168,"Most","Jog","24"
169,"Most","Jog","13"
176,"Most","Jog","70"
6,"Most","Eggs","90"
45,"Most","Eggs","80"
57,"Most","Eggs","93"
72,"Most","Eggs","90"
80,"Most","Eggs","85"
88,"Most","Eggs","90"
148,"Most","Eggs","82"
166,"Most","Eggs","80"
193,"Most","Eggs","75"
65,"Most","Drove","76"
90,"Most","Drove","100"
124,"Most","Drove","20"
128,"Most","Drove","21"
135,"Most","Drove","90"
151,"Most","Drove","39"
10,"Most","Sandwich","80"
34,"Most","Sandwich","75"
39,"Most","Sandwich","70"
41,"Most","Sandwich","92"
46,"Most","Sandwich","65"
81,"Most","Sandwich","65"
99,"Most","Sandwich","78"
113,"Most","Sandwich","60"
155,"Most","Sandwich","82"
162,"Most","Sandwich","81"
172,"Most","Sandwich","66"
8,"Most","WorkLate","70"
19,"Most","WorkLate","70"
42,"Most","WorkLate","60"
61,"Most","WorkLate","80"
85,"Most","WorkLate","65"
97,"Most","WorkLate","90"
145,"Most","WorkLate","70"
186,"Most","WorkLate","81"
14,"Most","BedLate","79"
51,"Most","BedLate","77"
74,"Most","BedLate","96"
82,"Most","BedLate","80"
93,"Most","BedLate","70"
95,"Most","BedLate","61"
107,"Most","BedLate","77"
118,"Most","BedLate","61"
139,"Most","BedLate","83"
173,"Most","BedLate","85"
179,"Most","BedLate","75"
3,"Most","Pizza","86"
49,"Most","Pizza","75"
54,"Most","Pizza","65"
119,"Most","Pizza","75"
142,"Most","Pizza","84"
152,"Most","Pizza","62"
15,"Most","Biked","25"
77,"Most","Biked","80"
78,"Most","Biked","50"
84,"Most","Biked","81"
158,"Most","Biked","82"
189,"Most","Biked","83"
21,"Many","GroceryStore","85"
38,"Many","GroceryStore","75"
57,"Many","GroceryStore","67"
80,"Many","GroceryStore","53"
90,"Many","GroceryStore","61"
97,"Many","GroceryStore","50"
113,"Many","GroceryStore","39"
114,"Many","GroceryStore","33"
10,"Many","Early","80"
15,"Many","Early","50"
61,"Many","Early","60"
183,"Many","Early","75"
191,"Many","Early","76"
6,"Many","Teeth","85"
65,"Many","Teeth","90"
78,"Many","Teeth","100"
142,"Many","Teeth","85"
143,"Many","Teeth","55"
156,"Many","Teeth","60"
158,"Many","Teeth","100"
5,"Many","Jog","58"
36,"Many","Jog","90"
39,"Many","Jog","91"
42,"Many","Jog","75"
54,"Many","Jog","80"
110,"Many","Jog","50"
118,"Many","Jog","86"
124,"Many","Jog","70"
166,"Many","Jog","61"
180,"Many","Jog","60"
186,"Many","Jog","67"
3,"Many","Eggs","68"
27,"Many","Eggs","77"
41,"Many","Eggs","68"
63,"Many","Eggs","25"
85,"Many","Eggs","45"
93,"Many","Eggs","80"
106,"Many","Eggs","35"
119,"Many","Eggs","40"
121,"Many","Eggs","95"
155,"Many","Eggs","29"
160,"Many","Eggs","60"
169,"Many","Eggs","70"
172,"Many","Eggs","66"
74,"Many","Drove","97"
88,"Many","Drove","75"
95,"Many","Drove","58"
116,"Many","Drove","64"
130,"Many","Drove","85"
185,"Many","Drove","75"
189,"Many","Drove","100"
49,"Many","Sandwich","35"
67,"Many","Sandwich","82"
72,"Many","Sandwich","55"
77,"Many","Sandwich","63"
82,"Many","Sandwich","65"
123,"Many","Sandwich","70"
136,"Many","Sandwich","39"
152,"Many","Sandwich","29"
14,"Many","WorkLate","43"
23,"Many","WorkLate","57"
56,"Many","WorkLate","40"
73,"Many","WorkLate","20"
84,"Many","WorkLate","1"
135,"Many","WorkLate","80"
162,"Many","WorkLate","89"
179,"Many","WorkLate","75"
193,"Many","WorkLate","50"
8,"Many","BedLate","75"
31,"Many","BedLate","96"
60,"Many","BedLate","83"
132,"Many","BedLate","72"
148,"Many","BedLate","90"
168,"Many","BedLate","28"
176,"Many","BedLate","65"
12,"Many","Pizza","60"
45,"Many","Pizza","35"
46,"Many","Pizza","60"
51,"Many","Pizza","32"
70,"Many","Pizza","90"
99,"Many","Pizza","22"
100,"Many","Pizza","80"
107,"Many","Pizza","35"
145,"Many","Pizza","25"
151,"Many","Pizza","47"
19,"Many","Biked","60"
25,"Many","Biked","56"
28,"Many","Biked","40"
34,"Many","Biked","30"
81,"Many","Biked","65"
91,"Many","Biked","65"
102,"Many","Biked","62"
127,"Many","Biked","40"
128,"Many","Biked","72"
139,"Many","Biked","71"
146,"Many","Biked","81"
173,"Many","Biked","100"
27,"Some","GroceryStore","34"
39,"Some","GroceryStore","30"
65,"Some","GroceryStore","30"
84,"Some","GroceryStore","33"
135,"Some","GroceryStore","15"
152,"Some","GroceryStore","57"
8,"Some","Early","35"
12,"Some","Early","20"
28,"Some","Early","75"
57,"Some","Early","69"
67,"Some","Early","35"
80,"Some","Early","16"
91,"Some","Early","15"
99,"Some","Early","37"
114,"Some","Early","24"
127,"Some","Early","24"
155,"Some","Early","13"
156,"Some","Early","20"
160,"Some","Early","15"
176,"Some","Early","30"
3,"Some","Teeth","41"
10,"Some","Teeth","90"
45,"Some","Teeth","25"
85,"Some","Teeth","22"
97,"Some","Teeth","70"
118,"Some","Teeth","100"
148,"Some","Teeth","81"
162,"Some","Teeth","18"
179,"Some","Teeth","33"
180,"Some","Teeth","70"
191,"Some","Teeth","24"
15,"Some","Jog","5"
72,"Some","Jog","20"
77,"Some","Jog","11"
88,"Some","Jog","50"
90,"Some","Jog","41"
158,"Some","Jog","30"
49,"Some","Eggs","23"
54,"Some","Eggs","35"
100,"Some","Eggs","50"
116,"Some","Eggs","26"
123,"Some","Eggs","20"
128,"Some","Eggs","59"
142,"Some","Eggs","56"
186,"Some","Eggs","50"
189,"Some","Eggs","44"
5,"Some","Drove","63"
46,"Some","Drove","40"
93,"Some","Drove","50"
102,"Some","Drove","36"
106,"Some","Drove","60"
107,"Some","Drove","21"
139,"Some","Drove","51"
173,"Some","Drove","65"
14,"Some","Sandwich","25"
42,"Some","Sandwich","35"
61,"Some","Sandwich","40"
70,"Some","Sandwich","70"
73,"Some","Sandwich","40"
78,"Some","Sandwich","15"
130,"Some","Sandwich","30"
145,"Some","Sandwich","20"
146,"Some","Sandwich","4"
151,"Some","Sandwich","57"
168,"Some","Sandwich","84"
25,"Some","WorkLate","23"
31,"Some","WorkLate","89"
51,"Some","WorkLate","10"
60,"Some","WorkLate","15"
81,"Some","WorkLate","19"
110,"Some","WorkLate","8"
119,"Some","WorkLate","6"
132,"Some","WorkLate","67"
172,"Some","WorkLate","15"
19,"Some","BedLate","40"
21,"Some","BedLate","35"
34,"Some","BedLate","28"
36,"Some","BedLate","40"
56,"Some","BedLate","50"
121,"Some","BedLate","50"
136,"Some","BedLate","20"
169,"Some","BedLate","22"
183,"Some","BedLate","30"
6,"Some","Pizza","30"
38,"Some","Pizza","51"
41,"Some","Pizza","17"
63,"Some","Pizza","8"
82,"Some","Pizza","35"
185,"Some","Pizza","25"
193,"Some","Pizza","25"
23,"Some","Biked","20"
74,"Some","Biked","11"
95,"Some","Biked","34"
113,"Some","Biked","0"
124,"Some","Biked","80"
143,"Some","Biked","36"
166,"Some","Biked","53"
6,"Several","GroceryStore","9"
41,"Several","GroceryStore","17"
49,"Several","GroceryStore","10"
82,"Several","GroceryStore","38"
85,"Several","GroceryStore","29"
99,"Several","GroceryStore","25"
102,"Several","GroceryStore","24"
148,"Several","GroceryStore","40"
3,"Several","Early","16"
38,"Several","Early","20"
77,"Several","Early","32"
84,"Several","Early","93"
116,"Several","Early","12"
124,"Several","Early","100"
151,"Several","Early","37"
158,"Several","Early","39"
162,"Several","Early","8"
169,"Several","Early","61"
31,"Several","Teeth","94"
56,"Several","Teeth","12"
121,"Several","Teeth","80"
123,"Several","Teeth","6"
145,"Several","Teeth","95"
146,"Several","Teeth","90"
168,"Several","Teeth","72"
183,"Several","Teeth","40"
8,"Several","Jog","10"
14,"Several","Jog","6"
34,"Several","Jog","14"
57,"Several","Jog","98"
100,"Several","Jog","15"
119,"Several","Jog","25"
139,"Several","Jog","62"
143,"Several","Jog","14"
160,"Several","Jog","3"
172,"Several","Jog","33"
173,"Several","Jog","20"
189,"Several","Jog","64"
5,"Several","Eggs","36"
19,"Several","Eggs","60"
25,"Several","Eggs","57"
46,"Several","Eggs","15"
65,"Several","Eggs","25"
67,"Several","Eggs","16"
95,"Several","Eggs","80"
97,"Several","Eggs","20"
113,"Several","Eggs","56"
185,"Several","Eggs","5"
15,"Several","Drove","4"
28,"Several","Drove","90"
36,"Several","Drove","80"
45,"Several","Drove","25"
60,"Several","Drove","80"
61,"Several","Drove","40"
78,"Several","Drove","50"
114,"Several","Drove","61"
118,"Several","Drove","100"
142,"Several","Drove","84"
152,"Several","Drove","35"
156,"Several","Drove","35"
12,"Several","Sandwich","50"
21,"Several","Sandwich","70"
51,"Several","Sandwich","69"
88,"Several","Sandwich","70"
91,"Several","Sandwich","12"
93,"Several","Sandwich","80"
127,"Several","Sandwich","51"
132,"Several","Sandwich","63"
10,"Several","WorkLate","10"
27,"Several","WorkLate","8"
70,"Several","WorkLate","7"
74,"Several","WorkLate","37"
90,"Several","WorkLate","10"
130,"Several","WorkLate","20"
72,"Several","BedLate","35"
110,"Several","BedLate","40"
128,"Several","BedLate","0"
155,"Several","BedLate","4"
193,"Several","BedLate","10"
23,"Several","Pizza","30"
39,"Several","Pizza","7"
42,"Several","Pizza","7"
81,"Several","Pizza","4"
166,"Several","Pizza","8"
176,"Several","Pizza","20"
191,"Several","Pizza","34"
54,"Several","Biked","15"
63,"Several","Biked","100"
73,"Several","Biked","7"
80,"Several","Biked","31"
106,"Several","Biked","25"
107,"Several","Biked","80"
135,"Several","Biked","70"
136,"Several","Biked","5"
179,"Several","Biked","10"
180,"Several","Biked","65"
186,"Several","Biked","40"
72,"AFew","GroceryStore","11"
106,"AFew","GroceryStore","5"
121,"AFew","GroceryStore","50"
123,"AFew","GroceryStore","6"
132,"AFew","GroceryStore","73"
139,"AFew","GroceryStore","22"
169,"AFew","GroceryStore","30"
180,"AFew","GroceryStore","15"
23,"AFew","Early","6"
46,"AFew","Early","20"
54,"AFew","Early","8"
82,"AFew","Early","24"
118,"AFew","Early","72"
186,"AFew","Early","20"
189,"AFew","Early","44"
193,"AFew","Early","10"
27,"AFew","Teeth","13"
41,"AFew","Teeth","13"
51,"AFew","Teeth","19"
113,"AFew","Teeth","53"
151,"AFew","Teeth","59"
166,"AFew","Teeth","17"
19,"AFew","Jog","15"
21,"AFew","Jog","15"
49,"AFew","Jog","6"
85,"AFew","Jog","3"
93,"AFew","Jog","30"
142,"AFew","Jog","25"
56,"AFew","Eggs","15"
61,"AFew","Eggs","30"
70,"AFew","Eggs","10"
73,"AFew","Eggs","3"
74,"AFew","Eggs","21"
77,"AFew","Eggs","15"
99,"AFew","Eggs","16"
114,"AFew","Eggs","30"
136,"AFew","Eggs","8"
156,"AFew","Eggs","5"
10,"AFew","Drove","50"
31,"AFew","Drove","92"
38,"AFew","Drove","33"
63,"AFew","Drove","11"
97,"AFew","Drove","20"
110,"AFew","Drove","36"
143,"AFew","Drove","86"
28,"AFew","Sandwich","80"
84,"AFew","Sandwich","77"
95,"AFew","Sandwich","60"
124,"AFew","Sandwich","70"
148,"AFew","Sandwich","5"
160,"AFew","Sandwich","2"
176,"AFew","Sandwich","25"
185,"AFew","Sandwich","10"
5,"AFew","WorkLate","11"
6,"AFew","WorkLate","8"
15,"AFew","WorkLate","2"
36,"AFew","WorkLate","5"
39,"AFew","WorkLate","3"
57,"AFew","WorkLate","56"
88,"AFew","WorkLate","4"
100,"AFew","WorkLate","9"
102,"AFew","WorkLate","7"
107,"AFew","WorkLate","3"
146,"AFew","WorkLate","4"
155,"AFew","WorkLate","3"
173,"AFew","WorkLate","3"
183,"AFew","WorkLate","15"
3,"AFew","BedLate","13"
42,"AFew","BedLate","4"
65,"AFew","BedLate","10"
78,"AFew","BedLate","7"
81,"AFew","BedLate","3"
91,"AFew","BedLate","3"
116,"AFew","BedLate","15"
127,"AFew","BedLate","15"
145,"AFew","BedLate","15"
158,"AFew","BedLate","24"
172,"AFew","BedLate","10"
191,"AFew","BedLate","25"
14,"AFew","Pizza","9"
25,"AFew","Pizza","8"
34,"AFew","Pizza","11"
67,"AFew","Pizza","13"
80,"AFew","Pizza","12"
128,"AFew","Pizza","2"
130,"AFew","Pizza","15"
135,"AFew","Pizza","13"
168,"AFew","Pizza","65"
179,"AFew","Pizza","7"
8,"AFew","Biked","50"
12,"AFew","Biked","35"
45,"AFew","Biked","9"
60,"AFew","Biked","20"
90,"AFew","Biked","22"
119,"AFew","Biked","5"
152,"AFew","Biked","58"
162,"AFew","Biked","8"
15,"Few","GroceryStore","10"
19,"Few","GroceryStore","15"
23,"Few","GroceryStore","35"
34,"Few","GroceryStore","20"
73,"Few","GroceryStore","6"
74,"Few","GroceryStore","5"
88,"Few","GroceryStore","40"
116,"Few","GroceryStore","5"
124,"Few","GroceryStore","66"
127,"Few","GroceryStore","15"
158,"Few","GroceryStore","25"
172,"Few","GroceryStore","20"
14,"Few","Early","14"
27,"Few","Early","14"
42,"Few","Early","3"
63,"Few","Early","73"
72,"Few","Early","10"
78,"Few","Early","7"
102,"Few","Early","17"
106,"Few","Early","15"
121,"Few","Early","31"
139,"Few","Early","28"
185,"Few","Early","10"
54,"Few","Teeth","8"
60,"Few","Teeth","86"
67,"Few","Teeth","23"
77,"Few","Teeth","15"
80,"Few","Teeth","9"
132,"Few","Teeth","70"
173,"Few","Teeth","10"
186,"Few","Teeth","34"
189,"Few","Teeth","38"
3,"Few","Jog","7"
46,"Few","Jog","15"
51,"Few","Jog","12"
99,"Few","Jog","25"
113,"Few","Jog","35"
128,"Few","Jog","35"
145,"Few","Jog","15"
191,"Few","Jog","18"
193,"Few","Jog","10"
10,"Few","Eggs","10"
28,"Few","Eggs","65"
81,"Few","Eggs","3"
90,"Few","Eggs","18"
91,"Few","Eggs","7"
110,"Few","Eggs","25"
151,"Few","Eggs","30"
6,"Few","Drove","100"
49,"Few","Drove","5"
70,"Few","Drove","11"
82,"Few","Drove","29"
84,"Few","Drove","18"
85,"Few","Drove","3"
119,"Few","Drove","10"
155,"Few","Drove","3"
176,"Few","Drove","20"
31,"Few","Sandwich","97"
107,"Few","Sandwich","74"
142,"Few","Sandwich","28"
156,"Few","Sandwich","10"
169,"Few","Sandwich","24"
179,"Few","Sandwich","7"
12,"Few","WorkLate","4"
45,"Few","WorkLate","4"
95,"Few","WorkLate","6"
148,"Few","WorkLate","10"
5,"Few","BedLate","30"
25,"Few","BedLate","6"
38,"Few","BedLate","13"
61,"Few","BedLate","30"
100,"Few","BedLate","9"
135,"Few","BedLate","7"
143,"Few","BedLate","13"
146,"Few","BedLate","10"
152,"Few","BedLate","65"
166,"Few","BedLate","5"
8,"Few","Pizza","20"
57,"Few","Pizza","62"
65,"Few","Pizza","20"
114,"Few","Pizza","20"
118,"Few","Pizza","36"
123,"Few","Pizza","5"
136,"Few","Pizza","8"
162,"Few","Pizza","8"
180,"Few","Pizza","25"
183,"Few","Pizza","19"
21,"Few","Biked","15"
36,"Few","Biked","20"
39,"Few","Biked","30"
41,"Few","Biked","13"
56,"Few","Biked","15"
93,"Few","Biked","60"
97,"Few","Biked","10"
130,"Few","Biked","20"
160,"Few","Biked","2"
168,"Few","Biked","63"
10,"No","GroceryStore","0"
28,"No","GroceryStore","50"
63,"No","GroceryStore","6"
95,"No","GroceryStore","18"
136,"No","GroceryStore","0"
34,"No","Early","0"
70,"No","Early","0"
107,"No","Early","0"
132,"No","Early","86"
148,"No","Early","0"
173,"No","Early","0"
19,"No","Teeth","0"
25,"No","Teeth","0"
46,"No","Teeth","0"
57,"No","Teeth","68"
73,"No","Teeth","0"
74,"No","Teeth","37"
88,"No","Teeth","0"
90,"No","Teeth","71"
99,"No","Teeth","100"
100,"No","Teeth","0"
119,"No","Teeth","0"
128,"No","Teeth","0"
139,"No","Teeth","0"
152,"No","Teeth","34"
172,"No","Teeth","90"
176,"No","Teeth","15"
38,"No","Jog","0"
41,"No","Jog","0"
45,"No","Jog","0"
78,"No","Jog","0"
81,"No","Jog","0"
102,"No","Jog","0"
116,"No","Jog","0"
130,"No","Jog","0"
135,"No","Jog","0"
155,"No","Jog","0"
156,"No","Jog","0"
162,"No","Jog","0"
15,"No","Eggs","0"
21,"No","Eggs","0"
36,"No","Eggs","0"
39,"No","Eggs","10"
51,"No","Eggs","0"
84,"No","Eggs","0"
118,"No","Eggs","19"
146,"No","Eggs","0"
179,"No","Eggs","0"
3,"No","Drove","0"
8,"No","Drove","0"
12,"No","Drove","0"
42,"No","Drove","0"
67,"No","Drove","0"
77,"No","Drove","0"
91,"No","Drove","0"
121,"No","Drove","0"
123,"No","Drove","0"
127,"No","Drove","0"
145,"No","Drove","0"
160,"No","Drove","0"
168,"No","Drove","87"
5,"No","Sandwich","0"
23,"No","Sandwich","0"
56,"No","Sandwich","0"
143,"No","Sandwich","0"
158,"No","Sandwich","0"
180,"No","Sandwich","0"
183,"No","Sandwich","0"
189,"No","Sandwich","0"
191,"No","Sandwich","0"
193,"No","Sandwich","0"
54,"No","WorkLate","0"
65,"No","WorkLate","0"
82,"No","WorkLate","0"
106,"No","WorkLate","0"
124,"No","WorkLate","95"
151,"No","WorkLate","42"
166,"No","WorkLate","0"
185,"No","WorkLate","0"
6,"No","BedLate","0"
27,"No","BedLate","0"
80,"No","BedLate","0"
97,"No","BedLate","0"
113,"No","BedLate","19"
142,"No","BedLate","0"
31,"No","Pizza","99"
60,"No","Pizza","0"
72,"No","Pizza","0"
93,"No","Pizza","5"
110,"No","Pizza","0"
169,"No","Pizza","0"
186,"No","Pizza","0"
14,"No","Biked","0"
49,"No","Biked","0"
61,"No","Biked","0"
85,"No","Biked","0"
114,"No","Biked","67"
1,"Slider","70","70"
2,"Slider","70","70"
3,"Slider","70","70"
4,"Slider","70","70"
5,"Slider","70","70"
6,"Slider","70","70"
7,"Slider","70","70"
8,"Slider","70","70"
9,"Slider","70","70"
10,"Slider","70","70"
11,"Slider","70","70"
12,"Slider","70","70"
13,"Slider","70","70"
14,"Slider","70","70"
15,"Slider","70","70"
16,"Slider","70","70"
17,"Slider","70","70"
18,"Slider","70","70"
19,"Slider","70","70"
20,"Slider","70","70"
21,"Slider","70","70"
22,"Slider","70","70"
23,"Slider","70","70"
24,"Slider","70","70"
25,"Slider","70","70"
26,"Slider","70","70"
27,"Slider","70","70"
28,"Slider","70","70"
29,"Slider","70","70"
30,"Slider","70","70"
31,"Slider","70","70"
32,"Slider","70","70"
33,"Slider","70","70"
34,"Slider","70","70"
35,"Slider","70","70"
36,"Slider","70","70"
37,"Slider","70","70"
38,"Slider","70","70"
39,"Slider","70","70"
40,"Slider","70","70"
41,"Slider","70","70"
42,"Slider","70","70"
43,"Slider","70","70"
44,"Slider","70","70"
45,"Slider","70","70"
46,"Slider","70","70"
47,"Slider","70","70"
48,"Slider","70","70"
49,"Slider","70","70"
50,"Slider","70","70"
51,"Slider","70","70"
52,"Slider","70","70"
53,"Slider","70","70"
54,"Slider","70","70"
55,"Slider","70","70"
56,"Slider","70","70"
57,"Slider","70","70"
58,"Slider","70","70"
59,"Slider","70","70"
60,"Slider","70","70"
61,"Slider","70","70"
62,"Slider","70","70"
63,"Slider","70","70"
64,"Slider","70","70"
65,"Slider","70","70"
66,"Slider","70","70"
67,"Slider","70","70"
68,"Slider","70","70"
69,"Slider","70","70"
70,"Slider","70","70"
71,"Slider","70","70"
72,"Slider","70","70"
73,"Slider","70","70"
74,"Slider","70","70"
75,"Slider","70","70"
76,"Slider","70","70"
77,"Slider","70","70"
78,"Slider","70","70"
79,"Slider","70","70"
80,"Slider","70","70"
81,"Slider","70","70"
82,"Slider","70","70"
83,"Slider","70","70"
84,"Slider","70","70"
85,"Slider","70","70"
86,"Slider","70","70"
87,"Slider","70","70"
88,"Slider","70","70"
89,"Slider","70","70"
90,"Slider","70","70"
91,"Slider","70","70"
92,"Slider","70","70"
93,"Slider","70","70"
94,"Slider","70","70"
95,"Slider","70","70"
96,"Slider","70","70"
97,"Slider","70","70"
98,"Slider","70","70"
99,"Slider","70","70"
100,"Slider","70","70"
101,"Slider","70","70"
102,"Slider","70","70"
103,"Slider","70","70"
104,"Slider","70","70"
105,"Slider","70","70"
106,"Slider","70","70"
107,"Slider","70","70"
108,"Slider","70","70"
109,"Slider","70","70"
110,"Slider","70","70"
111,"Slider","70","70"
112,"Slider","70","70"
113,"Slider","70","70"
114,"Slider","70","70"
115,"Slider","70","70"
116,"Slider","70","70"
117,"Slider","70","70"
118,"Slider","70","70"
119,"Slider","70","70"
120,"Slider","70","70"
121,"Slider","70","70"
122,"Slider","70","70"
123,"Slider","70","70"
124,"Slider","70","70"
125,"Slider","70","70"
126,"Slider","70","70"
127,"Slider","70","70"
128,"Slider","70","70"
129,"Slider","70","70"
130,"Slider","70","70"
131,"Slider","70","70"
132,"Slider","70","70"
133,"Slider","70","70"
134,"Slider","70","70"
135,"Slider","70","70"
136,"Slider","70","70"
137,"Slider","70","70"
138,"Slider","70","70"
139,"Slider","70","70"
140,"Slider","70","70"
141,"Slider","70","70"
142,"Slider","70","70"
143,"Slider","70","70"
144,"Slider","70","70"
145,"Slider","70","70"
146,"Slider","70","70"
147,"Slider","70","70"
148,"Slider","70","70"
149,"Slider","70","70"
150,"Slider","70","70"
151,"Slider","70","70"
152,"Slider","70","70"
153,"Slider","70","70"
154,"Slider","70","70"
155,"Slider","70","70"
156,"Slider","70","70"
157,"Slider","70","70"
158,"Slider","70","70"
159,"Slider","70","70"
160,"Slider","70","70"
161,"Slider","70","70"
162,"Slider","70","70"
163,"Slider","70","70"
164,"Slider","70","70"
165,"Slider","70","70"
166,"Slider","70","70"
167,"Slider","70","70"
168,"Slider","70","70"
169,"Slider","70","70"
170,"Slider","70","70"
171,"Slider","70","70"
172,"Slider","70","70"
173,"Slider","70","70"
174,"Slider","70","70"
175,"Slider","70","70"
176,"Slider","70","70"
177,"Slider","70","70"
178,"Slider","70","70"
179,"Slider","70","70"
180,"Slider","70","70"
181,"Slider","70","70"
182,"Slider","70","70"
183,"Slider","70","70"
184,"Slider","70","70"
185,"Slider","70","70"
186,"Slider","70","70"
187,"Slider","70","70"
188,"Slider","70","70"
189,"Slider","70","70"
190,"Slider","70","70"
191,"Slider","70","70"
192,"Slider","70","70"
193,"Slider","70","70"
194,"Slider","70","70"
1,"Slider","30","30"
2,"Slider","30","30"
3,"Slider","30","30"
4,"Slider","30","30"
5,"Slider","30","30"
6,"Slider","30","30"
7,"Slider","30","30"
8,"Slider","30","30"
9,"Slider","30","30"
10,"Slider","30","30"
11,"Slider","30","30"
12,"Slider","30","30"
13,"Slider","30","30"
14,"Slider","30","30"
15,"Slider","30","30"
16,"Slider","30","30"
17,"Slider","30","30"
18,"Slider","30","30"
19,"Slider","30","30"
20,"Slider","30","30"
21,"Slider","30","30"
22,"Slider","30","30"
23,"Slider","30","30"
24,"Slider","30","30"
25,"Slider","30","30"
26,"Slider","30","30"
27,"Slider","30","30"
28,"Slider","30","30"
29,"Slider","30","30"
30,"Slider","30","30"
31,"Slider","30","30"
32,"Slider","30","30"
33,"Slider","30","30"
34,"Slider","30","30"
35,"Slider","30","30"
36,"Slider","30","30"
37,"Slider","30","30"
38,"Slider","30","30"
39,"Slider","30","30"
40,"Slider","30","30"
41,"Slider","30","30"
42,"Slider","30","30"
43,"Slider","30","30"
44,"Slider","30","30"
45,"Slider","30","30"
46,"Slider","30","30"
47,"Slider","30","30"
48,"Slider","30","30"
49,"Slider","30","31"
50,"Slider","30","30"
51,"Slider","30","30"
52,"Slider","30","30"
53,"Slider","30","30"
54,"Slider","30","30"
55,"Slider","30","30"
56,"Slider","30","30"
57,"Slider","30","30"
58,"Slider","30","30"
59,"Slider","30","30"
60,"Slider","30","30"
61,"Slider","30","30"
62,"Slider","30","30"
63,"Slider","30","30"
64,"Slider","30","30"
65,"Slider","30","30"
66,"Slider","30","30"
67,"Slider","30","30"
68,"Slider","30","30"
69,"Slider","30","30"
70,"Slider","30","30"
71,"Slider","30","30"
72,"Slider","30","30"
73,"Slider","30","30"
74,"Slider","30","30"
75,"Slider","30","30"
76,"Slider","30","30"
77,"Slider","30","30"
78,"Slider","30","30"
79,"Slider","30","30"
80,"Slider","30","30"
81,"Slider","30","30"
82,"Slider","30","30"
83,"Slider","30","30"
84,"Slider","30","30"
85,"Slider","30","30"
86,"Slider","30","30"
87,"Slider","30","30"
88,"Slider","30","30"
89,"Slider","30","30"
90,"Slider","30","30"
91,"Slider","30","30"
92,"Slider","30","30"
93,"Slider","30","30"
94,"Slider","30","30"
95,"Slider","30","30"
96,"Slider","30","30"
97,"Slider","30","30"
98,"Slider","30","30"
99,"Slider","30","30"
100,"Slider","30","30"
101,"Slider","30","30"
102,"Slider","30","30"
103,"Slider","30","30"
104,"Slider","30","30"
105,"Slider","30","30"
106,"Slider","30","30"
107,"Slider","30","30"
108,"Slider","30","30"
109,"Slider","30","30"
110,"Slider","30","30"
111,"Slider","30","30"
112,"Slider","30","30"
113,"Slider","30","30"
114,"Slider","30","30"
115,"Slider","30","30"
116,"Slider","30","30"
117,"Slider","30","30"
118,"Slider","30","30"
119,"Slider","30","30"
120,"Slider","30","30"
121,"Slider","30","30"
122,"Slider","30","30"
123,"Slider","30","30"
124,"Slider","30","30"
125,"Slider","30","30"
126,"Slider","30","30"
127,"Slider","30","30"
128,"Slider","30","30"
129,"Slider","30","30"
130,"Slider","30","30"
131,"Slider","30","30"
132,"Slider","30","30"
133,"Slider","30","30"
134,"Slider","30","30"
135,"Slider","30","30"
136,"Slider","30","30"
137,"Slider","30","30"
138,"Slider","30","30"
139,"Slider","30","30"
140,"Slider","30","30"
141,"Slider","30","30"
142,"Slider","30","30"
143,"Slider","30","30"
144,"Slider","30","30"
145,"Slider","30","30"
146,"Slider","30","30"
147,"Slider","30","30"
148,"Slider","30","30"
149,"Slider","30","30"
150,"Slider","30","30"
151,"Slider","30","30"
152,"Slider","30","30"
153,"Slider","30","30"
154,"Slider","30","30"
155,"Slider","30","30"
156,"Slider","30","30"
157,"Slider","30","30"
158,"Slider","30","30"
159,"Slider","30","30"
160,"Slider","30","30"
161,"Slider","30","30"
162,"Slider","30","30"
163,"Slider","30","30"
164,"Slider","30","30"
165,"Slider","30","30"
166,"Slider","30","30"
167,"Slider","30","30"
168,"Slider","30","30"
169,"Slider","30","30"
170,"Slider","30","30"
171,"Slider","30","30"
172,"Slider","30","30"
173,"Slider","30","30"
174,"Slider","30","30"
175,"Slider","30","30"
176,"Slider","30","30"
177,"Slider","30","30"
178,"Slider","30","30"
179,"Slider","30","30"
180,"Slider","30","30"
181,"Slider","30","30"
182,"Slider","30","30"
183,"Slider","30","30"
184,"Slider","30","30"
185,"Slider","30","30"
186,"Slider","30","30"
187,"Slider","30","30"
188,"Slider","30","30"
189,"Slider","30","30"
190,"Slider","30","30"
191,"Slider","30","30"
192,"Slider","30","30"
193,"Slider","30","30"
194,"Slider","30","30"
7,"Always","GroceryStore","97"
40,"Always","GroceryStore","100"
47,"Always","GroceryStore","73"
52,"Always","GroceryStore","95"
68,"Always","GroceryStore","17"
83,"Always","GroceryStore","100"
92,"Always","GroceryStore","15"
98,"Always","GroceryStore","80"
129,"Always","GroceryStore","25"
153,"Always","GroceryStore","100"
161,"Always","GroceryStore","100"
178,"Always","GroceryStore","89"
2,"Always","Early","86"
4,"Always","Early","100"
37,"Always","Early","100"
43,"Always","Early","28"
44,"Always","Early","97"
59,"Always","Early","82"
112,"Always","Early","100"
144,"Always","Early","90"
182,"Always","Early","100"
187,"Always","Early","100"
16,"Always","Teeth","100"
17,"Always","Teeth","100"
69,"Always","Teeth","77"
76,"Always","Teeth","100"
94,"Always","Teeth","100"
111,"Always","Teeth","100"
163,"Always","Teeth","100"
181,"Always","Teeth","100"
29,"Always","Jog","100"
35,"Always","Jog","95"
48,"Always","Jog","100"
58,"Always","Jog","100"
87,"Always","Jog","88"
171,"Always","Jog","66"
177,"Always","Jog","100"
9,"Always","Eggs","100"
55,"Always","Eggs","25"
71,"Always","Eggs","100"
103,"Always","Eggs","21"
150,"Always","Eggs","99"
159,"Always","Eggs","100"
167,"Always","Eggs","100"
184,"Always","Eggs","100"
192,"Always","Eggs","90"
22,"Always","Drove","100"
62,"Always","Drove","67"
109,"Always","Drove","92"
122,"Always","Drove","62"
137,"Always","Drove","80"
138,"Always","Drove","100"
157,"Always","Drove","100"
165,"Always","Drove","100"
26,"Always","Sandwich","100"
79,"Always","Sandwich","100"
86,"Always","Sandwich","100"
101,"Always","Sandwich","83"
141,"Always","Sandwich","98"
154,"Always","Sandwich","100"
174,"Always","Sandwich","100"
190,"Always","Sandwich","100"
194,"Always","Sandwich","100"
1,"Always","WorkLate","0"
30,"Always","WorkLate","80"
104,"Always","WorkLate","100"
108,"Always","WorkLate","100"
131,"Always","WorkLate","99"
133,"Always","WorkLate","71"
140,"Always","WorkLate","5"
175,"Always","WorkLate","93"
20,"Always","BedLate","9"
24,"Always","BedLate","100"
32,"Always","BedLate","90"
33,"Always","BedLate","100"
64,"Always","BedLate","92"
89,"Always","BedLate","100"
96,"Always","BedLate","100"
115,"Always","BedLate","70"
126,"Always","BedLate","100"
149,"Always","BedLate","92"
188,"Always","BedLate","100"
11,"Always","Pizza","100"
13,"Always","Pizza","100"
18,"Always","Pizza","0"
53,"Always","Pizza","6"
66,"Always","Pizza","90"
75,"Always","Pizza","90"
117,"Always","Pizza","7"
134,"Always","Pizza","6"
147,"Always","Pizza","100"
164,"Always","Pizza","100"
170,"Always","Pizza","100"
50,"Always","Biked","90"
105,"Always","Biked","95"
120,"Always","Biked","100"
125,"Always","Biked","100"
26,"Usually","GroceryStore","90"
66,"Usually","GroceryStore","50"
96,"Usually","GroceryStore","75"
115,"Usually","GroceryStore","60"
120,"Usually","GroceryStore","60"
157,"Usually","GroceryStore","84"
181,"Usually","GroceryStore","66"
192,"Usually","GroceryStore","71"
48,"Usually","Early","88"
62,"Usually","Early","68"
98,"Usually","Early","90"
101,"Usually","Early","85"
105,"Usually","Early","75"
122,"Usually","Early","56"
133,"Usually","Early","72"
154,"Usually","Early","65"
163,"Usually","Early","70"
171,"Usually","Early","75"
188,"Usually","Early","87"
13,"Usually","Teeth","84"
32,"Usually","Teeth","85"
50,"Usually","Teeth","93"
64,"Usually","Teeth","65"
87,"Usually","Teeth","62"
138,"Usually","Teeth","94"
187,"Usually","Teeth","65"
2,"Usually","Jog","29"
30,"Usually","Jog","75"
33,"Usually","Jog","84"
53,"Usually","Jog","7"
59,"Usually","Jog","92"
75,"Usually","Jog","85"
89,"Usually","Jog","83"
94,"Usually","Jog","82"
103,"Usually","Jog","0"
109,"Usually","Jog","20"
137,"Usually","Jog","92"
164,"Usually","Jog","90"
167,"Usually","Jog","20"
184,"Usually","Jog","60"
29,"Usually","Eggs","65"
44,"Usually","Eggs","85"
58,"Usually","Eggs","50"
134,"Usually","Eggs","62"
174,"Usually","Eggs","70"
182,"Usually","Eggs","90"
9,"Usually","Drove","100"
24,"Usually","Drove","100"
71,"Usually","Drove","89"
76,"Usually","Drove","70"
92,"Usually","Drove","100"
111,"Usually","Drove","94"
126,"Usually","Drove","85"
141,"Usually","Drove","83"
153,"Usually","Drove","90"
170,"Usually","Drove","65"
190,"Usually","Drove","88"
1,"Usually","Sandwich","51"
4,"Usually","Sandwich","65"
16,"Usually","Sandwich","80"
35,"Usually","Sandwich","90"
55,"Usually","Sandwich","30"
149,"Usually","Sandwich","80"
177,"Usually","Sandwich","60"
17,"Usually","WorkLate","60"
18,"Usually","WorkLate","0"
22,"Usually","WorkLate","60"
69,"Usually","WorkLate","18"
79,"Usually","WorkLate","5"
125,"Usually","WorkLate","73"
129,"Usually","WorkLate","3"
7,"Usually","BedLate","70"
11,"Usually","BedLate","90"
37,"Usually","BedLate","75"
40,"Usually","BedLate","82"
52,"Usually","BedLate","95"
68,"Usually","BedLate","87"
83,"Usually","BedLate","90"
108,"Usually","BedLate","87"
144,"Usually","BedLate","75"
147,"Usually","BedLate","89"
159,"Usually","BedLate","95"
178,"Usually","BedLate","88"
43,"Usually","Pizza","66"
86,"Usually","Pizza","85"
112,"Usually","Pizza","82"
165,"Usually","Pizza","88"
194,"Usually","Pizza","60"
20,"Usually","Biked","35"
47,"Usually","Biked","91"
104,"Usually","Biked","90"
117,"Usually","Biked","96"
131,"Usually","Biked","81"
140,"Usually","Biked","74"
150,"Usually","Biked","62"
161,"Usually","Biked","90"
175,"Usually","Biked","81"
37,"Mostly","GroceryStore","25"
59,"Mostly","GroceryStore","93"
64,"Mostly","GroceryStore","69"
71,"Mostly","GroceryStore","71"
76,"Mostly","GroceryStore","75"
112,"Mostly","GroceryStore","83"
122,"Mostly","GroceryStore","72"
125,"Mostly","GroceryStore","78"
138,"Mostly","GroceryStore","69"
140,"Mostly","GroceryStore","74"
154,"Mostly","GroceryStore","20"
170,"Mostly","GroceryStore","60"
20,"Mostly","Early","100"
104,"Mostly","Early","80"
126,"Mostly","Early","80"
177,"Mostly","Early","75"
194,"Mostly","Early","83"
24,"Mostly","Teeth","70"
33,"Mostly","Teeth","92"
86,"Mostly","Teeth","95"
103,"Mostly","Teeth","0"
117,"Mostly","Teeth","95"
134,"Mostly","Teeth","90"
149,"Mostly","Teeth","80"
171,"Mostly","Teeth","93"
175,"Mostly","Teeth","90"
192,"Mostly","Teeth","90"
18,"Mostly","Jog","50"
32,"Mostly","Jog","80"
47,"Mostly","Jog","91"
50,"Mostly","Jog","24"
52,"Mostly","Jog","93"
101,"Mostly","Jog","45"
187,"Mostly","Jog","92"
30,"Mostly","Eggs","70"
79,"Mostly","Eggs","30"
137,"Mostly","Eggs","94"
163,"Mostly","Eggs","80"
164,"Mostly","Eggs","88"
188,"Mostly","Eggs","91"
4,"Mostly","Drove","90"
53,"Mostly","Drove","80"
69,"Mostly","Drove","80"
75,"Mostly","Drove","78"
98,"Mostly","Drove","70"
120,"Mostly","Drove","60"
129,"Mostly","Drove","100"
184,"Mostly","Drove","90"
2,"Mostly","Sandwich","28"
7,"Mostly","Sandwich","71"
13,"Mostly","Sandwich","60"
68,"Mostly","Sandwich","80"
83,"Mostly","Sandwich","95"
89,"Mostly","Sandwich","70"
111,"Mostly","Sandwich","31"
131,"Mostly","Sandwich","81"
144,"Mostly","Sandwich","50"
147,"Mostly","Sandwich","83"
157,"Mostly","Sandwich","75"
165,"Mostly","Sandwich","80"
11,"Mostly","WorkLate","60"
26,"Mostly","WorkLate","80"
35,"Mostly","WorkLate","90"
40,"Mostly","WorkLate","88"
43,"Mostly","WorkLate","0"
44,"Mostly","WorkLate","65"
58,"Mostly","WorkLate","74"
62,"Mostly","WorkLate","80"
115,"Mostly","WorkLate","75"
141,"Mostly","WorkLate","72"
167,"Mostly","WorkLate","73"
181,"Mostly","WorkLate","75"
9,"Mostly","BedLate","90"
16,"Mostly","BedLate","85"
17,"Mostly","BedLate","85"
55,"Mostly","BedLate","20"
94,"Mostly","BedLate","79"
105,"Mostly","BedLate","60"
150,"Mostly","BedLate","64"
161,"Mostly","BedLate","90"
174,"Mostly","BedLate","80"
1,"Mostly","Pizza","23"
22,"Mostly","Pizza","75"
29,"Mostly","Pizza","75"
48,"Mostly","Pizza","64"
92,"Mostly","Pizza","5"
96,"Mostly","Pizza","75"
109,"Mostly","Pizza","28"
133,"Mostly","Pizza","81"
159,"Mostly","Pizza","85"
178,"Mostly","Pizza","65"
190,"Mostly","Pizza","18"
66,"Mostly","Biked","100"
87,"Mostly","Biked","57"
108,"Mostly","Biked","87"
153,"Mostly","Biked","68"
182,"Mostly","Biked","75"
11,"Mostly","GroceryStore.1","75"
53,"Mostly","GroceryStore.1","60"
62,"Mostly","GroceryStore.1","69"
86,"Mostly","GroceryStore.1","80"
131,"Mostly","GroceryStore.1","61"
141,"Mostly","GroceryStore.1","64"
149,"Mostly","GroceryStore.1","50"
24,"Often","Early","71"
30,"Often","Early","80"
68,"Often","Early","58"
75,"Often","Early","76"
111,"Often","Early","92"
125,"Often","Early","79"
137,"Often","Early","88"
140,"Often","Early","79"
161,"Often","Early","80"
26,"Often","Teeth","90"
29,"Often","Teeth","90"
37,"Often","Teeth","83"
58,"Often","Teeth","83"
71,"Often","Teeth","96"
92,"Often","Teeth","90"
115,"Often","Teeth","80"
144,"Often","Teeth","90"
147,"Often","Teeth","93"
165,"Often","Teeth","75"
174,"Often","Teeth","100"
190,"Often","Teeth","89"
194,"Often","Teeth","81"
9,"Often","Jog","25"
44,"Often","Jog","85"
79,"Often","Jog","30"
83,"Often","Jog","80"
117,"Often","Jog","80"
188,"Often","Jog","90"
1,"Often","Eggs","70"
4,"Often","Eggs","85"
18,"Often","Eggs","25"
20,"Often","Eggs","36"
52,"Often","Eggs","80"
64,"Often","Eggs","73"
66,"Often","Eggs","40"
101,"Often","Eggs","38"
154,"Often","Eggs","40"
13,"Often","Drove","70"
40,"Often","Drove","74"
47,"Often","Drove","86"
87,"Often","Drove","87"
108,"Often","Drove","40"
134,"Often","Drove","83"
150,"Often","Drove","76"
43,"Often","Sandwich","100"
48,"Often","Sandwich","68"
69,"Often","Sandwich","67"
104,"Often","Sandwich","75"
126,"Often","Sandwich","80"
133,"Often","Sandwich","78"
159,"Often","Sandwich","95"
163,"Often","Sandwich","61"
192,"Often","Sandwich","65"
7,"Often","WorkLate","72"
55,"Often","WorkLate","0"
76,"Often","WorkLate","65"
89,"Often","WorkLate","38"
122,"Often","WorkLate","60"
153,"Often","WorkLate","3"
164,"Often","WorkLate","2"
170,"Often","WorkLate","70"
171,"Often","WorkLate","66"
103,"Often","BedLate","13"
138,"Often","BedLate","73"
167,"Often","BedLate","79"
177,"Often","BedLate","85"
181,"Often","BedLate","80"
182,"Often","BedLate","80"
16,"Often","Pizza","50"
17,"Often","Pizza","77"
32,"Often","Pizza","40"
33,"Often","Pizza","58"
50,"Often","Pizza","8"
105,"Often","Pizza","65"
120,"Often","Pizza","40"
129,"Often","Pizza","8"
157,"Often","Pizza","30"
175,"Often","Pizza","63"
184,"Often","Pizza","3"
2,"Often","Biked","14"
22,"Often","Biked","45"
35,"Often","Biked","75"
59,"Often","Biked","73"
94,"Often","Biked","83"
96,"Often","Biked","80"
98,"Often","Biked","65"
109,"Often","Biked","8"
112,"Often","Biked","86"
178,"Often","Biked","81"
187,"Often","Biked","93"
2,"Freq","GroceryStore","30"
17,"Freq","GroceryStore","69"
43,"Freq","GroceryStore","16"
69,"Freq","GroceryStore","67"
89,"Freq","GroceryStore","55"
105,"Freq","GroceryStore","81"
134,"Freq","GroceryStore","20"
194,"Freq","GroceryStore","69"
9,"Freq","Early","86"
11,"Freq","Early","70"
16,"Freq","Early","85"
55,"Freq","Early","75"
94,"Freq","Early","85"
157,"Freq","Early","70"
178,"Freq","Early","85"
190,"Freq","Early","85"
192,"Freq","Early","79"
1,"Freq","Teeth","100"
18,"Freq","Teeth","100"
22,"Freq","Teeth","95"
47,"Freq","Teeth","98"
48,"Freq","Teeth","83"
66,"Freq","Teeth","100"
83,"Freq","Teeth","94"
101,"Freq","Teeth","85"
104,"Freq","Teeth","95"
112,"Freq","Teeth","96"
141,"Freq","Teeth","84"
150,"Freq","Teeth","89"
188,"Freq","Teeth","75"
4,"Freq","Jog","70"
13,"Freq","Jog","54"
20,"Freq","Jog","23"
37,"Freq","Jog","80"
76,"Freq","Jog","80"
133,"Freq","Jog","77"
138,"Freq","Jog","79"
163,"Freq","Jog","66"
175,"Freq","Jog","37"
182,"Freq","Jog","60"
7,"Freq","Eggs","77"
24,"Freq","Eggs","88"
32,"Freq","Eggs","33"
35,"Freq","Eggs","80"
53,"Freq","Eggs","80"
115,"Freq","Eggs","81"
125,"Freq","Eggs","66"
131,"Freq","Eggs","41"
144,"Freq","Eggs","75"
153,"Freq","Eggs","55"
33,"Freq","Drove","68"
52,"Freq","Drove","94"
103,"Freq","Drove","100"
154,"Freq","Drove","55"
167,"Freq","Drove","77"
171,"Freq","Drove","72"
40,"Freq","Sandwich","83"
87,"Freq","Sandwich","37"
122,"Freq","Sandwich","61"
170,"Freq","Sandwich","75"
181,"Freq","Sandwich","59"
50,"Freq","WorkLate","34"
92,"Freq","WorkLate","2"
96,"Freq","WorkLate","85"
98,"Freq","WorkLate","65"
147,"Freq","WorkLate","81"
165,"Freq","WorkLate","73"
26,"Freq","BedLate","57"
30,"Freq","BedLate","70"
59,"Freq","BedLate","85"
71,"Freq","BedLate","93"
75,"Freq","BedLate","63"
79,"Freq","BedLate","50"
109,"Freq","BedLate","76"
117,"Freq","BedLate","96"
120,"Freq","BedLate","40"
129,"Freq","BedLate","10"
140,"Freq","BedLate","26"
164,"Freq","BedLate","91"
184,"Freq","BedLate","70"
44,"Freq","Pizza","40"
62,"Freq","Pizza","64"
64,"Freq","Pizza","79"
68,"Freq","Pizza","73"
108,"Freq","Pizza","21"
161,"Freq","Pizza","70"
177,"Freq","Pizza","65"
187,"Freq","Pizza","12"
29,"Freq","Biked","75"
58,"Freq","Biked","40"
86,"Freq","Biked","80"
111,"Freq","Biked","90"
126,"Freq","Biked","90"
137,"Freq","Biked","70"
149,"Freq","Biked","76"
159,"Freq","Biked","97"
174,"Freq","Biked","50"
1,"Sometimes","GroceryStore","31"
22,"Sometimes","GroceryStore","35"
35,"Sometimes","GroceryStore","50"
44,"Sometimes","GroceryStore","20"
79,"Sometimes","GroceryStore","40"
94,"Sometimes","GroceryStore","28"
103,"Sometimes","GroceryStore","0"
104,"Sometimes","GroceryStore","30"
117,"Sometimes","GroceryStore","50"
147,"Sometimes","GroceryStore","31"
187,"Sometimes","GroceryStore","29"
29,"Sometimes","Early","50"
92,"Sometimes","Early","30"
96,"Sometimes","Early","25"
129,"Sometimes","Early","15"
150,"Sometimes","Early","70"
7,"Sometimes","Teeth","12"
40,"Sometimes","Teeth","46"
68,"Sometimes","Teeth","28"
108,"Sometimes","Teeth","7"
131,"Sometimes","Teeth","35"
137,"Sometimes","Teeth","60"
140,"Sometimes","Teeth","100"
161,"Sometimes","Teeth","40"
178,"Sometimes","Teeth","77"
184,"Sometimes","Teeth","50"
11,"Sometimes","Jog","25"
55,"Sometimes","Jog","30"
64,"Sometimes","Jog","36"
141,"Sometimes","Jog","21"
144,"Sometimes","Jog","25"
149,"Sometimes","Jog","19"
190,"Sometimes","Jog","31"
192,"Sometimes","Jog","32"
194,"Sometimes","Jog","24"
16,"Sometimes","Eggs","20"
33,"Sometimes","Eggs","43"
47,"Sometimes","Eggs","52"
59,"Sometimes","Eggs","82"
76,"Sometimes","Eggs","45"
83,"Sometimes","Eggs","28"
89,"Sometimes","Eggs","40"
98,"Sometimes","Eggs","55"
112,"Sometimes","Eggs","25"
122,"Sometimes","Eggs","58"
157,"Sometimes","Eggs","30"
165,"Sometimes","Eggs","75"
170,"Sometimes","Eggs","50"
171,"Sometimes","Eggs","32"
43,"Sometimes","Drove","0"
50,"Sometimes","Drove","19"
86,"Sometimes","Drove","50"
133,"Sometimes","Drove","38"
164,"Sometimes","Drove","50"
175,"Sometimes","Drove","39"
181,"Sometimes","Drove","31"
9,"Sometimes","Sandwich","20"
17,"Sometimes","Sandwich","27"
62,"Sometimes","Sandwich","83"
71,"Sometimes","Sandwich","31"
105,"Sometimes","Sandwich","35"
109,"Sometimes","Sandwich","65"
167,"Sometimes","Sandwich","22"
4,"Sometimes","WorkLate","65"
24,"Sometimes","WorkLate","47"
32,"Sometimes","WorkLate","25"
48,"Sometimes","WorkLate","17"
66,"Sometimes","WorkLate","11"
75,"Sometimes","WorkLate","18"
101,"Sometimes","WorkLate","12"
111,"Sometimes","WorkLate","17"
120,"Sometimes","WorkLate","20"
126,"Sometimes","WorkLate","30"
134,"Sometimes","WorkLate","3"
138,"Sometimes","WorkLate","11"
154,"Sometimes","WorkLate","12"
159,"Sometimes","WorkLate","34"
182,"Sometimes","WorkLate","10"
188,"Sometimes","WorkLate","39"
2,"Sometimes","BedLate","78"
18,"Sometimes","BedLate","20"
69,"Sometimes","BedLate","78"
87,"Sometimes","BedLate","29"
20,"Sometimes","Pizza","32"
37,"Sometimes","Pizza","50"
58,"Sometimes","Pizza","17"
115,"Sometimes","Pizza","45"
125,"Sometimes","Pizza","34"
153,"Sometimes","Pizza","50"
163,"Sometimes","Pizza","20"
174,"Sometimes","Pizza","30"
13,"Sometimes","Biked","30"
26,"Sometimes","Biked","20"
30,"Sometimes","Biked","40"
52,"Sometimes","Biked","10"
53,"Sometimes","Biked","14"
177,"Sometimes","Biked","40"
9,"Occ","GroceryStore","25"
13,"Occ","GroceryStore","20"
16,"Occ","GroceryStore","15"
75,"Occ","GroceryStore","30"
87,"Occ","GroceryStore","15"
163,"Occ","GroceryStore","20"
22,"Occ","Early","25"
32,"Occ","Early","45"
33,"Occ","Early","35"
76,"Occ","Early","15"
89,"Occ","Early","17"
109,"Occ","Early","64"
117,"Occ","Early","30"
141,"Occ","Early","28"
153,"Occ","Early","11"
184,"Occ","Early","20"
35,"Occ","Teeth","10"
52,"Occ","Teeth","48"
53,"Occ","Teeth","45"
62,"Occ","Teeth","76"
79,"Occ","Teeth","25"
96,"Occ","Teeth","25"
98,"Occ","Teeth","60"
125,"Occ","Teeth","33"
164,"Occ","Teeth","40"
177,"Occ","Teeth","15"
182,"Occ","Teeth","25"
1,"Occ","Jog","51"
7,"Occ","Jog","23"
24,"Occ","Jog","51"
43,"Occ","Jog","13"
92,"Occ","Jog","15"
105,"Occ","Jog","24"
108,"Occ","Jog","4"
115,"Occ","Jog","30"
122,"Occ","Jog","46"
129,"Occ","Jog","15"
131,"Occ","Jog","33"
174,"Occ","Jog","20"
178,"Occ","Jog","81"
2,"Occ","Eggs","94"
17,"Occ","Eggs","10"
26,"Occ","Eggs","15"
50,"Occ","Eggs","26"
86,"Occ","Eggs","15"
111,"Occ","Eggs","30"
138,"Occ","Eggs","18"
149,"Occ","Eggs","25"
181,"Occ","Eggs","24"
29,"Occ","Drove","50"
55,"Occ","Drove","30"
64,"Occ","Drove","32"
147,"Occ","Drove","37"
159,"Occ","Drove","48"
11,"Occ","Sandwich","18"
20,"Occ","Sandwich","38"
30,"Occ","Sandwich","35"
66,"Occ","Sandwich","20"
120,"Occ","Sandwich","15"
134,"Occ","Sandwich","9"
140,"Occ","Sandwich","37"
187,"Occ","Sandwich","63"
59,"Occ","WorkLate","80"
71,"Occ","WorkLate","8"
103,"Occ","WorkLate","0"
112,"Occ","WorkLate","8"
137,"Occ","WorkLate","6"
144,"Occ","WorkLate","15"
150,"Occ","WorkLate","12"
157,"Occ","WorkLate","10"
161,"Occ","WorkLate","10"
194,"Occ","WorkLate","8"
47,"Occ","BedLate","52"
48,"Occ","BedLate","17"
58,"Occ","BedLate","18"
104,"Occ","BedLate","20"
133,"Occ","BedLate","41"
175,"Occ","BedLate","20"
190,"Occ","BedLate","58"
40,"Occ","Pizza","24"
83,"Occ","Pizza","17"
94,"Occ","Pizza","21"
126,"Occ","Pizza","20"
154,"Occ","Pizza","15"
171,"Occ","Pizza","8"
192,"Occ","Pizza","31"
4,"Occ","Biked","40"
18,"Occ","Biked","20"
37,"Occ","Biked","40"
44,"Occ","Biked","25"
68,"Occ","Biked","39"
69,"Occ","Biked","8"
101,"Occ","Biked","17"
165,"Occ","Biked","55"
167,"Occ","Biked","21"
170,"Occ","Biked","25"
188,"Occ","Biked","36"
24,"Seldom","GroceryStore","14"
33,"Seldom","GroceryStore","9"
48,"Seldom","GroceryStore","14"
55,"Seldom","GroceryStore","4"
58,"Seldom","GroceryStore","21"
126,"Seldom","GroceryStore","10"
175,"Seldom","GroceryStore","23"
177,"Seldom","GroceryStore","5"
182,"Seldom","GroceryStore","5"
184,"Seldom","GroceryStore","1"
188,"Seldom","GroceryStore","10"
47,"Seldom","Early","9"
64,"Seldom","Early","18"
71,"Seldom","Early","9"
115,"Seldom","Early","25"
120,"Seldom","Early","10"
131,"Seldom","Early","8"
165,"Seldom","Early","18"
170,"Seldom","Early","5"
4,"Seldom","Teeth","100"
9,"Seldom","Teeth","6"
11,"Seldom","Teeth","11"
109,"Seldom","Teeth","15"
167,"Seldom","Teeth","11"
111,"Seldom","Jog","10"
134,"Seldom","Jog","3"
140,"Seldom","Jog","77"
150,"Seldom","Jog","15"
153,"Seldom","Jog","14"
159,"Seldom","Jog","3"
181,"Seldom","Jog","7"
40,"Seldom","Eggs","8"
87,"Seldom","Eggs","9"
94,"Seldom","Eggs","7"
96,"Seldom","Eggs","5"
117,"Seldom","Eggs","3"
129,"Seldom","Eggs","15"
133,"Seldom","Eggs","8"
141,"Seldom","Eggs","6"
161,"Seldom","Eggs","10"
190,"Seldom","Eggs","7"
194,"Seldom","Eggs","6"
1,"Seldom","Drove","100"
7,"Seldom","Drove","11"
26,"Seldom","Drove","5"
59,"Seldom","Drove","85"
66,"Seldom","Drove","5"
79,"Seldom","Drove","8"
101,"Seldom","Drove","8"
105,"Seldom","Drove","12"
112,"Seldom","Drove","6"
174,"Seldom","Drove","10"
18,"Seldom","Sandwich","25"
29,"Seldom","Sandwich","5"
44,"Seldom","Sandwich","15"
53,"Seldom","Sandwich","6"
92,"Seldom","Sandwich","50"
108,"Seldom","Sandwich","33"
125,"Seldom","Sandwich","13"
137,"Seldom","Sandwich","9"
138,"Seldom","Sandwich","7"
164,"Seldom","Sandwich","14"
178,"Seldom","Sandwich","94"
2,"Seldom","WorkLate","76"
20,"Seldom","WorkLate","18"
37,"Seldom","WorkLate","5"
52,"Seldom","WorkLate","2"
68,"Seldom","WorkLate","3"
149,"Seldom","WorkLate","15"
163,"Seldom","WorkLate","3"
187,"Seldom","WorkLate","3"
13,"Seldom","BedLate","10"
22,"Seldom","BedLate","5"
50,"Seldom","BedLate","8"
62,"Seldom","BedLate","70"
86,"Seldom","BedLate","2"
98,"Seldom","BedLate","10"
192,"Seldom","BedLate","88"
30,"Seldom","Pizza","10"
35,"Seldom","Pizza","10"
69,"Seldom","Pizza","80"
76,"Seldom","Pizza","5"
103,"Seldom","Pizza","71"
104,"Seldom","Pizza","5"
16,"Seldom","Biked","1"
17,"Seldom","Biked","6"
32,"Seldom","Biked","5"
43,"Seldom","Biked","100"
75,"Seldom","Biked","10"
83,"Seldom","Biked","23"
89,"Seldom","Biked","23"
122,"Seldom","Biked","58"
144,"Seldom","Biked","10"
147,"Seldom","Biked","7"
154,"Seldom","Biked","8"
157,"Seldom","Biked","8"
171,"Seldom","Biked","12"
4,"Rarely","GroceryStore","10"
32,"Rarely","GroceryStore","10"
101,"Rarely","GroceryStore","2"
1,"Rarely","Early","100"
13,"Rarely","Early","15"
26,"Rarely","Early","10"
40,"Rarely","Early","5"
50,"Rarely","Early","38"
52,"Rarely","Early","6"
53,"Rarely","Early","7"
66,"Rarely","Early","13"
79,"Rarely","Early","0"
83,"Rarely","Early","10"
86,"Rarely","Early","5"
103,"Rarely","Early","100"
134,"Rarely","Early","10"
138,"Rarely","Early","8"
159,"Rarely","Early","3"
167,"Rarely","Early","7"
174,"Rarely","Early","10"
181,"Rarely","Early","5"
20,"Rarely","Teeth","95"
30,"Rarely","Teeth","30"
55,"Rarely","Teeth","100"
59,"Rarely","Teeth","79"
154,"Rarely","Teeth","10"
17,"Rarely","Jog","4"
68,"Rarely","Jog","10"
69,"Rarely","Jog","84"
71,"Rarely","Jog","4"
96,"Rarely","Jog","5"
98,"Rarely","Jog","10"
104,"Rarely","Jog","5"
125,"Rarely","Jog","7"
170,"Rarely","Jog","10"
22,"Rarely","Eggs","15"
75,"Rarely","Eggs","8"
108,"Rarely","Eggs","8"
120,"Rarely","Eggs","3"
126,"Rarely","Eggs","5"
140,"Rarely","Eggs","30"
147,"Rarely","Eggs","5"
175,"Rarely","Eggs","9"
178,"Rarely","Eggs","88"
187,"Rarely","Eggs","2"
2,"Rarely","Drove","18"
18,"Rarely","Drove","0"
35,"Rarely","Drove","5"
48,"Rarely","Drove","16"
58,"Rarely","Drove","11"
89,"Rarely","Drove","12"
117,"Rarely","Drove","4"
161,"Rarely","Drove","15"
177,"Rarely","Drove","5"
37,"Rarely","Sandwich","10"
47,"Rarely","Sandwich","3"
64,"Rarely","Sandwich","22"
112,"Rarely","Sandwich","19"
115,"Rarely","Sandwich","10"
129,"Rarely","Sandwich","75"
150,"Rarely","Sandwich","6"
153,"Rarely","Sandwich","40"
171,"Rarely","Sandwich","3"
16,"Rarely","WorkLate","2"
29,"Rarely","WorkLate","5"
33,"Rarely","WorkLate","4"
87,"Rarely","WorkLate","2"
94,"Rarely","WorkLate","12"
105,"Rarely","WorkLate","3"
109,"Rarely","WorkLate","89"
184,"Rarely","WorkLate","2"
192,"Rarely","WorkLate","92"
43,"Rarely","BedLate","39"
44,"Rarely","BedLate","10"
76,"Rarely","BedLate","8"
111,"Rarely","BedLate","4"
157,"Rarely","BedLate","3"
165,"Rarely","BedLate","24"
194,"Rarely","BedLate","4"
7,"Rarely","Pizza","15"
9,"Rarely","Pizza","20"
122,"Rarely","Pizza","61"
131,"Rarely","Pizza","5"
137,"Rarely","Pizza","4"
144,"Rarely","Pizza","10"
149,"Rarely","Pizza","6"
182,"Rarely","Pizza","5"
188,"Rarely","Pizza","16"
11,"Rarely","Biked","2"
24,"Rarely","Biked","6"
62,"Rarely","Biked","74"
92,"Rarely","Biked","100"
133,"Rarely","Biked","9"
141,"Rarely","Biked","2"
163,"Rarely","Biked","5"
164,"Rarely","Biked","2"
190,"Rarely","Biked","3"
18,"Infreq","GroceryStore","10"
20,"Infreq","GroceryStore","29"
109,"Infreq","GroceryStore","17"
144,"Infreq","GroceryStore","10"
165,"Infreq","GroceryStore","16"
171,"Infreq","GroceryStore","6"
174,"Infreq","GroceryStore","20"
190,"Infreq","GroceryStore","8"
17,"Infreq","Early","16"
35,"Infreq","Early","10"
58,"Infreq","Early","13"
87,"Infreq","Early","7"
108,"Infreq","Early","5"
147,"Infreq","Early","11"
164,"Infreq","Early","11"
43,"Infreq","Teeth","20"
105,"Infreq","Teeth","20"
122,"Infreq","Teeth","60"
126,"Infreq","Teeth","90"
133,"Infreq","Teeth","16"
159,"Infreq","Teeth","6"
16,"Infreq","Jog","5"
22,"Infreq","Jog","30"
26,"Infreq","Jog","10"
66,"Infreq","Jog","2"
120,"Infreq","Jog","5"
157,"Infreq","Jog","15"
11,"Infreq","Eggs","8"
13,"Infreq","Eggs","20"
62,"Infreq","Eggs","68"
68,"Infreq","Eggs","21"
69,"Infreq","Eggs","90"
30,"Infreq","Drove","25"
37,"Infreq","Drove","16"
44,"Infreq","Drove","35"
104,"Infreq","Drove","10"
125,"Infreq","Drove","16"
131,"Infreq","Drove","6"
149,"Infreq","Drove","10"
163,"Infreq","Drove","10"
178,"Infreq","Drove","80"
182,"Infreq","Drove","10"
188,"Infreq","Drove","20"
192,"Infreq","Drove","25"
194,"Infreq","Drove","16"
24,"Infreq","Sandwich","9"
32,"Infreq","Sandwich","15"
50,"Infreq","Sandwich","30"
75,"Infreq","Sandwich","10"
94,"Infreq","Sandwich","67"
96,"Infreq","Sandwich","10"
161,"Infreq","Sandwich","15"
175,"Infreq","Sandwich","10"
184,"Infreq","Sandwich","20"
9,"Infreq","WorkLate","5"
47,"Infreq","WorkLate","25"
83,"Infreq","WorkLate","14"
86,"Infreq","WorkLate","3"
117,"Infreq","WorkLate","3"
177,"Infreq","WorkLate","5"
4,"Infreq","BedLate","30"
29,"Infreq","BedLate","10"
53,"Infreq","BedLate","3"
92,"Infreq","BedLate","90"
112,"Infreq","BedLate","4"
137,"Infreq","BedLate","15"
153,"Infreq","BedLate","18"
154,"Infreq","BedLate","13"
170,"Infreq","BedLate","10"
187,"Infreq","BedLate","70"
2,"Infreq","Pizza","24"
52,"Infreq","Pizza","2"
59,"Infreq","Pizza","89"
71,"Infreq","Pizza","10"
79,"Infreq","Pizza","10"
89,"Infreq","Pizza","10"
98,"Infreq","Pizza","10"
101,"Infreq","Pizza","3"
111,"Infreq","Pizza","3"
140,"Infreq","Pizza","1"
141,"Infreq","Pizza","2"
150,"Infreq","Pizza","19"
167,"Infreq","Pizza","27"
1,"Infreq","Biked","25"
7,"Infreq","Biked","13"
33,"Infreq","Biked","5"
40,"Infreq","Biked","19"
48,"Infreq","Biked","18"
55,"Infreq","Biked","25"
64,"Infreq","Biked","13"
76,"Infreq","Biked","14"
103,"Infreq","Biked","0"
115,"Infreq","Biked","10"
129,"Infreq","Biked","0"
134,"Infreq","Biked","7"
138,"Infreq","Biked","13"
181,"Infreq","Biked","15"
29,"Never","GroceryStore","0"
30,"Never","GroceryStore","0"
50,"Never","GroceryStore","4"
108,"Never","GroceryStore","0"
111,"Never","GroceryStore","0"
133,"Never","GroceryStore","0"
137,"Never","GroceryStore","10"
150,"Never","GroceryStore","0"
159,"Never","GroceryStore","0"
164,"Never","GroceryStore","0"
167,"Never","GroceryStore","0"
7,"Never","Early","0"
18,"Never","Early","0"
69,"Never","Early","51"
149,"Never","Early","0"
175,"Never","Early","0"
2,"Never","Teeth","7"
44,"Never","Teeth","0"
75,"Never","Teeth","4"
89,"Never","Teeth","0"
120,"Never","Teeth","0"
129,"Never","Teeth","0"
153,"Never","Teeth","0"
157,"Never","Teeth","0"
170,"Never","Teeth","0"
40,"Never","Jog","0"
62,"Never","Jog","72"
86,"Never","Jog","0"
112,"Never","Jog","0"
126,"Never","Jog","0"
147,"Never","Jog","0"
154,"Never","Jog","0"
161,"Never","Jog","0"
165,"Never","Jog","0"
37,"Never","Eggs","0"
43,"Never","Eggs","0"
48,"Never","Eggs","0"
92,"Never","Eggs","0"
104,"Never","Eggs","0"
105,"Never","Eggs","0"
109,"Never","Eggs","36"
177,"Never","Eggs","0"
11,"Never","Drove","0"
16,"Never","Drove","0"
17,"Never","Drove","0"
20,"Never","Drove","100"
32,"Never","Drove","0"
68,"Never","Drove","0"
83,"Never","Drove","0"
94,"Never","Drove","8"
96,"Never","Drove","0"
115,"Never","Drove","0"
140,"Never","Drove","27"
144,"Never","Drove","5"
187,"Never","Drove","0"
22,"Never","Sandwich","0"
33,"Never","Sandwich","0"
52,"Never","Sandwich","0"
58,"Never","Sandwich","0"
59,"Never","Sandwich","75"
76,"Never","Sandwich","0"
98,"Never","Sandwich","0"
103,"Never","Sandwich","14"
117,"Never","Sandwich","0"
182,"Never","Sandwich","0"
188,"Never","Sandwich","0"
13,"Never","WorkLate","0"
53,"Never","WorkLate","0"
64,"Never","WorkLate","5"
174,"Never","WorkLate","0"
178,"Never","WorkLate","79"
190,"Never","WorkLate","3"
1,"Never","BedLate","37"
35,"Never","BedLate","0"
66,"Never","BedLate","10"
101,"Never","BedLate","0"
122,"Never","BedLate","59"
125,"Never","BedLate","0"
131,"Never","BedLate","0"
134,"Never","BedLate","8"
141,"Never","BedLate","0"
163,"Never","BedLate","0"
171,"Never","BedLate","20"
4,"Never","Pizza","0"
24,"Never","Pizza","0"
26,"Never","Pizza","0"
47,"Never","Pizza","0"
55,"Never","Pizza","23"
87,"Never","Pizza","0"
138,"Never","Pizza","0"
181,"Never","Pizza","0"
9,"Never","Biked","0"
71,"Never","Biked","0"
79,"Never","Biked","0"
184,"Never","Biked","0"
192,"Never","Biked","0"
194,"Never","Biked","0"
